Removed Pin From Net: NetName=GND Pin=C?-1
Remove Pin from Net: Failed to remove Pin
Remove Pin from Net: Failed to remove Pin
Remove Pin from Net: Failed to remove Pin
Remove Pin from Net: Failed to remove Pin
Removed Pin From Net: NetName=NVCC_DRAM_1V1 Pin=R?-1
Remove Pin from Net: Failed to remove Pin
Remove Pin from Net: Failed to remove Pin
Remove Pin from Net: Failed to remove Pin
Remove Pin from Net: Failed to remove Pin
Removed Pin From Net: NetName=VDD_3V3 Pin=R?-2
Remove Pin from Net: Failed to remove Pin
Remove Pin from Net: Failed to remove Pin
Remove Pin from Net: Failed to remove Pin
Remove Pin from Net: Failed to remove Pin
Remove Pin from Net: Failed to remove Pin
Remove Pin from Net: Failed to remove Pin
Remove Pin from Net: Failed to remove Pin
Remove Pin from Net: Failed to remove Pin
Remove Pin from Net: Failed to remove Pin
Remove Pin from Net: Failed to remove Pin
Remove Pin from Net: Failed to remove Pin
Remove Pin from Net: Failed to remove Pin
Remove Pin from Net: Unknown Pin: Pin U?-AA9
Remove Pin from Net: Failed to remove Pin
Remove Pin from Net: Failed to remove Pin
Remove Pin from Net: Failed to remove Pin
Remove Pin from Net: Failed to remove Pin
Remove Pin from Net: Failed to remove Pin
Remove Pin from Net: Failed to remove Pin
Remove Pin from Net: Failed to remove Pin
Remove Pin from Net: Failed to remove Pin
Remove Pin from Net: Failed to remove Pin
Remove Pin from Net: Failed to remove Pin
Remove Pin from Net: Failed to remove Pin
Remove Pin from Net: Failed to remove Pin
Remove Pin from Net: Failed to remove Pin
Remove Pin from Net: Failed to remove Pin
Remove Pin from Net: Failed to remove Pin
Remove Pin from Net: Failed to remove Pin
Remove Pin from Net: Failed to remove Pin
Remove Pin from Net: Failed to remove Pin
Remove Pin from Net: Failed to remove Pin
Remove Pin from Net: Failed to remove Pin
Remove Pin from Net: Failed to remove Pin
Remove Pin from Net: Failed to remove Pin
Remove Pin from Net: Failed to remove Pin
Remove Pin from Net: Failed to remove Pin
Remove Pin from Net: Failed to remove Pin
Remove Pin from Net: Failed to remove Pin
Remove Pin from Net: Failed to remove Pin
Remove Pin from Net: Failed to remove Pin
Remove Pin from Net: Failed to remove Pin
Remove Pin from Net: Failed to remove Pin
Remove Pin from Net: Failed to remove Pin
Remove Pin from Net: Failed to remove Pin
Remove Pin from Net: Failed to remove Pin
Remove Pin from Net: Failed to remove Pin
Remove Pin from Net: Failed to remove Pin
Remove Pin from Net: Failed to remove Pin
Remove Pin from Net: Failed to remove Pin
Remove Pin from Net: Failed to remove Pin
Remove Pin from Net: Failed to remove Pin
Remove Pin from Net: Failed to remove Pin
Remove Pin from Net: Failed to remove Pin
Remove Pin from Net: Failed to remove Pin
Remove Pin from Net: Failed to remove Pin
Remove Pin from Net: Failed to remove Pin
Remove Pin from Net: Failed to remove Pin
Remove Pin from Net: Failed to remove Pin
Remove Pin from Net: Failed to remove Pin
Remove Pin from Net: Failed to remove Pin
Remove Pin from Net: Failed to remove Pin
Remove Pin from Net: Failed to remove Pin
Remove Pin from Net: Unknown Pin: Pin U?-C3
Remove Pin from Net: Failed to remove Pin
Remove Pin from Net: Unknown Pin: Pin U?-C9
Remove Pin from Net: Failed to remove Pin
Remove Pin from Net: Unknown Pin: Pin U?-C11
Remove Pin from Net: Failed to remove Pin
Remove Pin from Net: Unknown Pin: Pin U?-D3
Remove Pin from Net: Failed to remove Pin
Remove Pin from Net: Failed to remove Pin
Remove Pin from Net: Failed to remove Pin
Removed Pin From Net: NetName=GND Pin=U?-E2
Remove Pin from Net: Failed to remove Pin
Remove Pin from Net: Failed to remove Pin
Remove Pin from Net: Failed to remove Pin
Remove Pin from Net: Failed to remove Pin
Remove Pin from Net: Failed to remove Pin
Remove Pin from Net: Unknown Pin: Pin U?-E9
Remove Pin from Net: Failed to remove Pin
Remove Pin from Net: Unknown Pin: Pin U?-E11
Remove Pin from Net: Failed to remove Pin
Remove Pin from Net: Unknown Pin: Pin U?-F4
Remove Pin from Net: Unknown Pin: Pin U?-F9
Remove Pin from Net: Unknown Pin: Pin U?-F11
Remove Pin from Net: Failed to remove Pin
Remove Pin from Net: Failed to remove Pin
Remove Pin from Net: Unknown Pin: Pin U?-H3
Remove Pin from Net: Unknown Pin: Pin U?-H4
Remove Pin from Net: Unknown Pin: Pin U?-H9
Remove Pin from Net: Failed to remove Pin
Remove Pin from Net: Unknown Pin: Pin U?-H11
Remove Pin from Net: Failed to remove Pin
Remove Pin from Net: Failed to remove Pin
Remove Pin from Net: Failed to remove Pin
Remove Pin from Net: Failed to remove Pin
Remove Pin from Net: Unknown Pin: Pin U?-J9
Remove Pin from Net: Failed to remove Pin
Remove Pin from Net: Failed to remove Pin
Remove Pin from Net: Unknown Pin: Pin U?-P4
Remove Pin from Net: Unknown Pin: Pin U?-P5
Remove Pin from Net: Unknown Pin: Pin U?-P8
Remove Pin from Net: Unknown Pin: Pin U?-P9
Remove Pin from Net: Failed to remove Pin
Remove Pin from Net: Failed to remove Pin
Remove Pin from Net: Failed to remove Pin
Remove Pin from Net: Failed to remove Pin
Remove Pin from Net: Failed to remove Pin
Remove Pin from Net: Failed to remove Pin
Remove Pin from Net: Failed to remove Pin
Remove Pin from Net: Failed to remove Pin
Remove Pin from Net: Failed to remove Pin
Remove Pin from Net: Failed to remove Pin
Remove Pin from Net: Failed to remove Pin
Remove Pin from Net: Failed to remove Pin
Remove Pin from Net: Failed to remove Pin
Remove Pin from Net: Failed to remove Pin
Remove Pin from Net: Unknown Pin: Pin U?-V3
Remove Pin from Net: Unknown Pin: Pin U?-V4
Remove Pin from Net: Unknown Pin: Pin U?-V9
Remove Pin from Net: Unknown Pin: Pin U?-V10
Remove Pin from Net: Failed to remove Pin
Remove Pin from Net: Failed to remove Pin
Remove Pin from Net: Failed to remove Pin
Remove Pin from Net: Failed to remove Pin
Remove Pin from Net: Unknown Pin: Pin U?-Y3
Remove Pin from Net: Unknown Pin: Pin U?-Y4
Remove Pin from Net: Unknown Pin: Pin U?-Y9
Remove Pin from Net: Failed to remove Pin
Remove Pin from Net: Failed to remove Pin
Removed Member From Class: ClassName=ETHERNET Member=C?
Removed Member From Class: ClassName=IMX8_DISPLAY Member=C?
Removed Member From Class: ClassName=IMX8_eMMC Member=C?
Removed Member From Class: ClassName=IMX8_INTERFACE Member=C?
Removed Member From Class: ClassName=IMX8_IO Member=C?
Removed Member From Class: ClassName=IMX8_LPDDR4 Member=C?
Removed Member From Class: ClassName=IMX8_PHY Member=C?
Removed Member From Class: ClassName=IO_EXPANDER Member=C?
Removed Member From Class: ClassName=mPCIe_Slot Member=C?
Removed Member From Class: ClassName=SMPS Member=C?
Removed Member From Class: ClassName=SYSTEM_INTERFACE Member=C?
Removed Member From Class: ClassName=USB_HUB Member=C?
Removed Member From Class: ClassName=USB_PER2 Member=C?
Removed Member From Class: ClassName=USB_HUB Member=D?
Removed Member From Class: ClassName=USB_PER1 Member=D?
Removed Member From Class: ClassName=USB_PER2 Member=D?
Removed Member From Class: ClassName=IMX8_eMMC Member=J?
Removed Member From Class: ClassName=SMPS Member=J?
Removed Member From Class: ClassName=SYSTEM_INTERFACE Member=J?
Removed Member From Class: ClassName=USB_HUB Member=J?
Removed Member From Class: ClassName=USB_PER1 Member=J?
Removed Member From Class: ClassName=IMX8_PMIC Member=L7
Removed Member From Class: ClassName=ETHERNET Member=L?
Removed Member From Class: ClassName=IMX8_DISPLAY Member=L?
Removed Member From Class: ClassName=IO_EXPANDER Member=L?
Removed Member From Class: ClassName=mPCIe_Slot Member=L?
Removed Member From Class: ClassName=SYSTEM_INTERFACE Member=L?
Removed Member From Class: ClassName=USB_HUB Member=L?
Removed Member From Class: ClassName=USB_PER1 Member=L?
Removed Member From Class: ClassName=USB_PER2 Member=L?
Removed Member From Class: ClassName=SYSTEM_INTERFACE Member=N?
Removed Member From Class: ClassName=IMX8_DISPLAY Member=PTP?
Removed Member From Class: ClassName=IMX8_eMMC Member=PTP?
Removed Member From Class: ClassName=IMX8_INTERFACE Member=PTP?
Removed Member From Class: ClassName=IMX8_IO Member=PTP?
Removed Member From Class: ClassName=IMX8_LPDDR4 Member=PTP?
Removed Member From Class: ClassName=IMX8_PHY Member=PTP?
Removed Member From Class: ClassName=IO_EXPANDER Member=PTP?
Removed Member From Class: ClassName=mPCIe_Slot Member=PTP?
Removed Member From Class: ClassName=SMPS Member=PTP?
Removed Member From Class: ClassName=SYSTEM_INTERFACE Member=PTP?
Removed Member From Class: ClassName=USB_HUB Member=PTP?
Removed Member From Class: ClassName=USB_PER1 Member=PTP?
Removed Member From Class: ClassName=USB_PER2 Member=PTP?
Removed Member From Class: ClassName=mPCIe_Slot Member=Q?
Removed Member From Class: ClassName=SMPS Member=Q?
Removed Member From Class: ClassName=IMX8_IO Member=QZ?
Removed Member From Class: ClassName=ETHERNET Member=R?
Removed Member From Class: ClassName=IMX8_DISPLAY Member=R?
Removed Member From Class: ClassName=IMX8_eMMC Member=R?
Removed Member From Class: ClassName=IMX8_INTERFACE Member=R?
Removed Member From Class: ClassName=IMX8_IO Member=R?
Removed Member From Class: ClassName=IMX8_PHY Member=R?
Removed Member From Class: ClassName=IO_EXPANDER Member=R?
Removed Member From Class: ClassName=mPCIe_Slot Member=R?
Removed Member From Class: ClassName=SMPS Member=R?
Removed Member From Class: ClassName=SYSTEM_INTERFACE Member=R?
Removed Member From Class: ClassName=USB_HUB Member=R?
Removed Member From Class: ClassName=USB_PER1 Member=R?
Removed Member From Class: ClassName=USB_PER2 Member=R?
Removed Member From Class: ClassName=IMX8_DISPLAY Member=T?
Removed Member From Class: ClassName=IMX8_eMMC Member=T?
Removed Member From Class: ClassName=mPCIe_Slot Member=T?
Removed Member From Class: ClassName=SMPS Member=T?
Removed Member From Class: ClassName=SYSTEM_INTERFACE Member=T?
Removed Member From Class: ClassName=USB_PER1 Member=T?
Removed Member From Class: ClassName=USB_PER2 Member=T?
Removed Member From Class: ClassName=ETHERNET Member=U?
Removed Member From Class: ClassName=IMX8_DISPLAY Member=U?
Removed Member From Class: ClassName=IMX8_eMMC Member=U?
Removed Member From Class: ClassName=IMX8_INTERFACE Member=U?
Removed Member From Class: ClassName=IMX8_LPDDR4 Member=U?
Removed Member From Class: ClassName=IMX8_PHY Member=U?
Removed Member From Class: ClassName=IO_EXPANDER Member=U?
Removed Member From Class: ClassName=mPCIe_Slot Member=U?
Removed Member From Class: ClassName=SMPS Member=U?
Removed Member From Class: ClassName=SYSTEM_INTERFACE Member=U?
Removed Member From Class: ClassName=USB_HUB Member=U?
Removed Member From Class: ClassName=USB_PER1 Member=U?
Removed Member From Class: ClassName=USB_PER2 Member=U?
Removed Member From Class: ClassName=IMX8_DISPLAY Member=X?
Removed Member From Class: ClassName=mPCIe_Slot Member=X?
Removed Member From Class: ClassName=SYSTEM_INTERFACE Member=X?
Removed Member From Class: ClassName=IMX8_IO Member=Y?
Removed Member From Class: ClassName=mPCIe_Slot Member=Y?
Removed Member From Class: ClassName=USB_HUB Member=Y?
Removed Member From Class: ClassName=PCIe Member=PCIE_CLK_N
Removed Member From Class: ClassName=PCIe Member=PCIE_CLK_P
Removed Member From Class: ClassName=PCIe Member=PCIE_RX_N
Removed Member From Class: ClassName=PCIe Member=PCIE_RX_P
Removed Member From Class: ClassName=PCIe Member=PCIE_TX_N
Removed Member From Class: ClassName=PCIe Member=PCIE_TX_P
Change Component Footprint: Designator=Q? Old Footprint=3-PICOSTAR_TI New Footprint=3-PICOSTAR_TI
Change Component Footprint: Designator=U? Old Footprint=BGA200C65P12X22_1000X1450X114 New Footprint=BGA200C65P12X22_1000X1450X114
Change Component Footprint: Designator=C? Old Footprint=CAP_0201_UN1Q New Footprint=CAP_0201_UN1Q
Change Component Footprint: Designator=C? Old Footprint=CAP_0201_UN1Q New Footprint=CAP_0201_UN1Q
Change Component Footprint: Designator=C? Old Footprint=CAP_0201_UN1Q New Footprint=CAP_0201_UN1Q
Change Component Footprint: Designator=C? Old Footprint=CAP_0201_UN1Q New Footprint=CAP_0201_UN1Q
Change Component Footprint: Designator=C? Old Footprint=CAP_0201_UN1Q New Footprint=CAP_0201_UN1Q
Change Component Footprint: Designator=C? Old Footprint=CAP_0201_UN1Q New Footprint=CAP_0201_UN1Q
Change Component Footprint: Designator=C? Old Footprint=CAP_0201_UN1Q New Footprint=CAP_0201_UN1Q
Change Component Footprint: Designator=C? Old Footprint=CAP_0201_UN1Q New Footprint=CAP_0201_UN1Q
Change Component Footprint: Designator=C? Old Footprint=CAP_0201_UN1Q New Footprint=CAP_0201_UN1Q
Change Component Footprint: Designator=C? Old Footprint=CAP_0201_UN1Q New Footprint=CAP_0201_UN1Q
Change Component Footprint: Designator=C? Old Footprint=CAP_0201_UN1Q New Footprint=CAP_0201_UN1Q
Change Component Footprint: Designator=C? Old Footprint=CAP_0201_UN1Q New Footprint=CAP_0201_UN1Q
Change Component Footprint: Designator=C? Old Footprint=CAP_0201_UN1Q New Footprint=CAP_0201_UN1Q
Change Component Footprint: Designator=C? Old Footprint=CAP_0201_UN1Q New Footprint=CAP_0201_UN1Q
Change Component Footprint: Designator=C? Old Footprint=CAP_0201_UN1Q New Footprint=CAP_0201_UN1Q
Change Component Footprint: Designator=C? Old Footprint=CAP_0201_UN1Q New Footprint=CAP_0201_UN1Q
Change Component Footprint: Designator=C? Old Footprint=CAP_0201_UN1Q New Footprint=CAP_0201_UN1Q
Change Component Footprint: Designator=C? Old Footprint=CAP_0201_UN1Q New Footprint=CAP_0201_UN1Q
Change Component Footprint: Designator=C? Old Footprint=CAP_0201_UN1Q New Footprint=CAP_0201_UN1Q
Change Component Footprint: Designator=C? Old Footprint=CAP_0201_UN1Q New Footprint=CAP_0201_UN1Q
Change Component Footprint: Designator=C? Old Footprint=CAP_0201_UN1Q New Footprint=CAP_0201_UN1Q
Change Component Footprint: Designator=C? Old Footprint=CAP_0201_UN1Q New Footprint=CAP_0201_UN1Q
Change Component Footprint: Designator=C? Old Footprint=CAP_0201_UN1Q New Footprint=CAP_0201_UN1Q
Change Component Footprint: Designator=C? Old Footprint=CAP_0201_UN1Q New Footprint=CAP_0201_UN1Q
Change Component Footprint: Designator=C? Old Footprint=CAP_0201_UN1Q New Footprint=CAP_0201_UN1Q
Change Component Footprint: Designator=C? Old Footprint=CAP_0201_UN1Q New Footprint=CAP_0201_UN1Q
Change Component Footprint: Designator=C? Old Footprint=CAP_0201_UN1Q New Footprint=CAP_0201_UN1Q
Change Component Footprint: Designator=C? Old Footprint=CAP_0201_UN1Q New Footprint=CAP_0201_UN1Q
Change Component Footprint: Designator=C? Old Footprint=CAP_0201_UN1Q New Footprint=CAP_0201_UN1Q
Change Component Footprint: Designator=C? Old Footprint=CAP_0201_UN1Q New Footprint=CAP_0201_UN1Q
Change Component Footprint: Designator=C? Old Footprint=CAP_0201_UN1Q New Footprint=CAP_0201_UN1Q
Change Component Footprint: Designator=C? Old Footprint=CAP_0201_UN1Q New Footprint=CAP_0201_UN1Q
Change Component Footprint: Designator=C? Old Footprint=CAP_0201_UN1Q New Footprint=CAP_0201_UN1Q
Change Component Footprint: Designator=C? Old Footprint=CAP_0201_UN1Q New Footprint=CAP_0201_UN1Q
Change Component Footprint: Designator=C? Old Footprint=CAP_0201_UN1Q New Footprint=CAP_0201_UN1Q
Change Component Footprint: Designator=C? Old Footprint=CAP_0201_UN1Q New Footprint=CAP_0201_UN1Q
Change Component Footprint: Designator=C? Old Footprint=CAP_0201_UN1Q New Footprint=CAP_0201_UN1Q
Change Component Footprint: Designator=C? Old Footprint=CAP_0201_UN1Q New Footprint=CAP_0201_UN1Q
Change Component Footprint: Designator=C? Old Footprint=CAP_0201_UN1Q New Footprint=CAP_0201_UN1Q
Change Component Footprint: Designator=C? Old Footprint=CAP_0201_UN1Q New Footprint=CAP_0201_UN1Q
Change Component Footprint: Designator=C? Old Footprint=CAP_0201_UN1Q New Footprint=CAP_0201_UN1Q
Change Component Footprint: Designator=C? Old Footprint=CAP_0201_UN1Q New Footprint=CAP_0201_UN1Q
Change Component Footprint: Designator=C? Old Footprint=CAP_0201_UN1Q New Footprint=CAP_0201_UN1Q
Change Component Footprint: Designator=C? Old Footprint=CAP_0201_UN1Q New Footprint=CAP_0201_UN1Q
Change Component Footprint: Designator=C? Old Footprint=CAP_0201_UN1Q New Footprint=CAP_0201_UN1Q
Change Component Footprint: Designator=C? Old Footprint=CAP_0201_UN1Q New Footprint=CAP_0201_UN1Q
Change Component Footprint: Designator=C? Old Footprint=CAP_0201_UN1Q New Footprint=CAP_0201_UN1Q
Change Component Footprint: Designator=C? Old Footprint=CAP_0201_UN1Q New Footprint=CAP_0201_UN1Q
Change Component Footprint: Designator=C? Old Footprint=CAP_0201_UN1Q New Footprint=CAP_0201_UN1Q
Change Component Footprint: Designator=C? Old Footprint=CAP_0201_UN1Q New Footprint=CAP_0201_UN1Q
Change Component Footprint: Designator=C? Old Footprint=CAP_0201_UN1Q New Footprint=CAP_0201_UN1Q
Change Component Footprint: Designator=C? Old Footprint=CAP_0201_UN1Q New Footprint=CAP_0201_UN1Q
Change Component Footprint: Designator=C? Old Footprint=CAP_0201_UN1Q New Footprint=CAP_0201_UN1Q
Change Component Footprint: Designator=C? Old Footprint=CAP_0201_UN1Q New Footprint=CAP_0201_UN1Q
Change Component Footprint: Designator=C? Old Footprint=CAP_0201_UN1Q New Footprint=CAP_0201_UN1Q
Change Component Footprint: Designator=C? Old Footprint=CAP_0201_UN1Q New Footprint=CAP_0201_UN1Q
Change Component Footprint: Designator=C? Old Footprint=CAP_0201_UN1Q New Footprint=CAP_0201_UN1Q
Change Component Footprint: Designator=C? Old Footprint=CAP_0201_UN1Q New Footprint=CAP_0201_UN1Q
Change Component Footprint: Designator=C? Old Footprint=CAP_0201_UN1Q New Footprint=CAP_0201_UN1Q
Change Component Footprint: Designator=C? Old Footprint=CAP_0201_UN1Q New Footprint=CAP_0201_UN1Q
Change Component Footprint: Designator=C? Old Footprint=CAP_0201_UN1Q New Footprint=CAP_0201_UN1Q
Change Component Footprint: Designator=C? Old Footprint=CAP_0201_UN1Q New Footprint=CAP_0201_UN1Q
Change Component Footprint: Designator=C? Old Footprint=CAP_0201_UN1Q New Footprint=CAP_0201_UN1Q
Change Component Footprint: Designator=C? Old Footprint=CAP_0201_UN1Q New Footprint=CAP_0201_UN1Q
Change Component Footprint: Designator=C? Old Footprint=CAP_0201_UN1Q New Footprint=CAP_0201_UN1Q
Change Component Footprint: Designator=C? Old Footprint=CAP_0201_UN1Q New Footprint=CAP_0201_UN1Q
Change Component Footprint: Designator=C? Old Footprint=CAP_0201_UN1Q New Footprint=CAP_0201_UN1Q
Change Component Footprint: Designator=C? Old Footprint=CAP_0201_UN1Q New Footprint=CAP_0201_UN1Q
Change Component Footprint: Designator=C? Old Footprint=CAP_0201_UN1Q New Footprint=CAP_0201_UN1Q
Change Component Footprint: Designator=C? Old Footprint=CAP_0201_UN1Q New Footprint=CAP_0201_UN1Q
Change Component Footprint: Designator=C? Old Footprint=CAP_0201_UN1Q New Footprint=CAP_0201_UN1Q
Change Component Footprint: Designator=C? Old Footprint=CAP_0201_UN1Q New Footprint=CAP_0201_UN1Q
Change Component Footprint: Designator=C? Old Footprint=CAP_0201_UN1Q New Footprint=CAP_0201_UN1Q
Change Component Footprint: Designator=C? Old Footprint=CAP_0201_UN1Q New Footprint=CAP_0201_UN1Q
Change Component Footprint: Designator=C? Old Footprint=CAP_0201_UN1Q New Footprint=CAP_0201_UN1Q
Change Component Footprint: Designator=C? Old Footprint=CAP_0201_UN1Q New Footprint=CAP_0201_UN1Q
Change Component Footprint: Designator=C? Old Footprint=CAP_0201_UN1Q New Footprint=CAP_0201_UN1Q
Change Component Footprint: Designator=C? Old Footprint=CAP_0201_UN1Q New Footprint=CAP_0201_UN1Q
Change Component Footprint: Designator=C? Old Footprint=CAP_0201_UN1Q New Footprint=CAP_0201_UN1Q
Change Component Footprint: Designator=C? Old Footprint=CAP_0201_UN1Q New Footprint=CAP_0201_UN1Q
Change Component Footprint: Designator=C? Old Footprint=CAP_0201_UN1Q New Footprint=CAP_0201_UN1Q
Change Component Footprint: Designator=C? Old Footprint=CAP_0201_UN1Q New Footprint=CAP_0201_UN1Q
Change Component Footprint: Designator=C? Old Footprint=CAP_0201_UN1Q New Footprint=CAP_0201_UN1Q
Change Component Footprint: Designator=C? Old Footprint=CAP_0201_UN1Q New Footprint=CAP_0201_UN1Q
Change Component Footprint: Designator=C? Old Footprint=CAP_0201_UN1Q New Footprint=CAP_0201_UN1Q
Change Component Footprint: Designator=C? Old Footprint=CAP_0201_UN1Q New Footprint=CAP_0201_UN1Q
Change Component Footprint: Designator=C? Old Footprint=CAP_0201_UN1Q New Footprint=CAP_0201_UN1Q
Change Component Footprint: Designator=C? Old Footprint=CAP_0201_UN1Q New Footprint=CAP_0201_UN1Q
Change Component Footprint: Designator=C? Old Footprint=CAP_0201_UN1Q New Footprint=CAP_0201_UN1Q
Change Component Footprint: Designator=C? Old Footprint=CAP_0201_UN1Q New Footprint=CAP_0201_UN1Q
Change Component Footprint: Designator=C? Old Footprint=CAP_0201_UN1Q New Footprint=CAP_0201_UN1Q
Change Component Footprint: Designator=C? Old Footprint=CAP_0201_UN1Q New Footprint=CAP_0201_UN1Q
Change Component Footprint: Designator=C? Old Footprint=CAP_0201_UN1Q New Footprint=CAP_0201_UN1Q
Change Component Footprint: Designator=C? Old Footprint=CAP_0201_UN1Q New Footprint=CAP_0201_UN1Q
Change Component Footprint: Designator=C? Old Footprint=CAP_0201_UN1Q New Footprint=CAP_0201_UN1Q
Change Component Footprint: Designator=C? Old Footprint=CAP_0201_UN1Q New Footprint=CAP_0201_UN1Q
Change Component Footprint: Designator=C? Old Footprint=CAP_0201_UN1Q New Footprint=CAP_0201_UN1Q
Change Component Footprint: Designator=C? Old Footprint=CAP_0201_UN1Q New Footprint=CAP_0201_UN1Q
Change Component Footprint: Designator=C? Old Footprint=CAP_0201_UN1Q New Footprint=CAP_0201_UN1Q
Change Component Footprint: Designator=C? Old Footprint=CAP_0201_UN1Q New Footprint=CAP_0201_UN1Q
Change Component Footprint: Designator=C? Old Footprint=CAP_0201_UN1Q New Footprint=CAP_0201_UN1Q
Change Component Footprint: Designator=C? Old Footprint=CAP_0201_UN1Q New Footprint=CAP_0201_UN1Q
Change Component Footprint: Designator=C? Old Footprint=CAP_0201_UN1Q New Footprint=CAP_0201_UN1Q
Change Component Footprint: Designator=C? Old Footprint=CAP_0201_UN1Q New Footprint=CAP_0201_UN1Q
Change Component Footprint: Designator=C? Old Footprint=CAP_0201_UN1Q New Footprint=CAP_0201_UN1Q
Change Component Footprint: Designator=C? Old Footprint=CAP_0201_UN1Q New Footprint=CAP_0201_UN1Q
Change Component Footprint: Designator=C? Old Footprint=CAP_0201_UN1Q New Footprint=CAP_0201_UN1Q
Change Component Footprint: Designator=C? Old Footprint=CAP_0201_UN1Q New Footprint=CAP_0201_UN1Q
Change Component Footprint: Designator=C? Old Footprint=CAP_0201_UN1Q New Footprint=CAP_0201_UN1Q
Change Component Footprint: Designator=C? Old Footprint=CAP_0201_UN1Q New Footprint=CAP_0201_UN1Q
Change Component Footprint: Designator=C? Old Footprint=CAP_0201_UN1Q New Footprint=CAP_0201_UN1Q
Change Component Footprint: Designator=C? Old Footprint=CAP_0201_UN1Q New Footprint=CAP_0201_UN1Q
Change Component Footprint: Designator=C? Old Footprint=CAP_0201_UN1Q New Footprint=CAP_0201_UN1Q
Change Component Footprint: Designator=C? Old Footprint=CAP_0201_UN1Q New Footprint=CAP_0201_UN1Q
Change Component Footprint: Designator=C? Old Footprint=CAP_0201_UN1Q New Footprint=CAP_0201_UN1Q
Change Component Footprint: Designator=C? Old Footprint=CAP_0201_UN1Q New Footprint=CAP_0201_UN1Q
Change Component Footprint: Designator=C? Old Footprint=CAP_0201_UN1Q New Footprint=CAP_0201_UN1Q
Change Component Footprint: Designator=C? Old Footprint=CAP_0201_UN1Q New Footprint=CAP_0201_UN1Q
Change Component Footprint: Designator=C? Old Footprint=CAP_0201_UN1Q New Footprint=CAP_0201_UN1Q
Change Component Footprint: Designator=C? Old Footprint=CAP_0201_UN1Q New Footprint=CAP_0201_UN1Q
Change Component Footprint: Designator=C? Old Footprint=CAP_0201_UN1Q New Footprint=CAP_0201_UN1Q
Change Component Footprint: Designator=C? Old Footprint=CAP_0201_UN1Q New Footprint=CAP_0201_UN1Q
Change Component Footprint: Designator=C? Old Footprint=CAP_0201_UN1Q New Footprint=CAP_0201_UN1Q
Change Component Footprint: Designator=C? Old Footprint=CAP_0201_UN1Q New Footprint=CAP_0201_UN1Q
Change Component Footprint: Designator=C? Old Footprint=CAP_0201_UN1Q New Footprint=CAP_0201_UN1Q
Change Component Footprint: Designator=C? Old Footprint=CAP_0201_UN1Q New Footprint=CAP_0201_UN1Q
Change Component Footprint: Designator=C? Old Footprint=CAP_0201_UN1Q New Footprint=CAP_0201_UN1Q
Change Component Footprint: Designator=C? Old Footprint=CAP_0201_UN1Q New Footprint=CAP_0201_UN1Q
Change Component Footprint: Designator=C? Old Footprint=CAP_0201_UN1Q New Footprint=CAP_0201_UN1Q
Change Component Footprint: Designator=C? Old Footprint=CAP_0201_UN1Q New Footprint=CAP_0201_UN1Q
Change Component Footprint: Designator=C? Old Footprint=CAP_0201_UN1Q New Footprint=CAP_0201_UN1Q
Change Component Footprint: Designator=C? Old Footprint=CAP_0201_UN1Q New Footprint=CAP_0201_UN1Q
Change Component Footprint: Designator=C? Old Footprint=CAP_0201_UN1Q New Footprint=CAP_0201_UN1Q
Change Component Footprint: Designator=C? Old Footprint=CAP_0201_UN1Q New Footprint=CAP_0201_UN1Q
Change Component Footprint: Designator=C? Old Footprint=CAP_0201_UN1Q New Footprint=CAP_0201_UN1Q
Change Component Footprint: Designator=C? Old Footprint=CAP_0201_UN1Q New Footprint=CAP_0201_UN1Q
Change Component Footprint: Designator=C? Old Footprint=CAP_0402_H09W07_UN1Q New Footprint=CAP_0402_H09W07_UN1Q
Change Component Footprint: Designator=C? Old Footprint=CAP_0402_H09W07_UN1Q New Footprint=CAP_0402_H09W07_UN1Q
Change Component Footprint: Designator=C? Old Footprint=CAP_0402_H09W07_UN1Q New Footprint=CAP_0402_H09W07_UN1Q
Change Component Footprint: Designator=C? Old Footprint=CAP_0402_H09W07_UN1Q New Footprint=CAP_0402_H09W07_UN1Q
Change Component Footprint: Designator=C? Old Footprint=CAP_0402_H09W07_UN1Q New Footprint=CAP_0402_H09W07_UN1Q
Change Component Footprint: Designator=C? Old Footprint=CAP_0402_H09W07_UN1Q New Footprint=CAP_0402_H09W07_UN1Q
Change Component Footprint: Designator=C? Old Footprint=CAP_0402_H09W07_UN1Q New Footprint=CAP_0402_H09W07_UN1Q
Change Component Footprint: Designator=C? Old Footprint=CAP_0402_H09W07_UN1Q New Footprint=CAP_0402_H09W07_UN1Q
Change Component Footprint: Designator=C? Old Footprint=CAP_0402_H09W07_UN1Q New Footprint=CAP_0402_H09W07_UN1Q
Change Component Footprint: Designator=C? Old Footprint=CAP_0402_H09W07_UN1Q New Footprint=CAP_0402_H09W07_UN1Q
Change Component Footprint: Designator=C? Old Footprint=CAP_0402_H09W07_UN1Q New Footprint=CAP_0402_H09W07_UN1Q
Change Component Footprint: Designator=C? Old Footprint=CAP_0402_H09W07_UN1Q New Footprint=CAP_0402_H09W07_UN1Q
Change Component Footprint: Designator=C? Old Footprint=CAP_0402_H09W07_UN1Q New Footprint=CAP_0402_H09W07_UN1Q
Change Component Footprint: Designator=C? Old Footprint=CAP_0402_H09W07_UN1Q New Footprint=CAP_0402_H09W07_UN1Q
Change Component Footprint: Designator=C? Old Footprint=CAP_0402_H09W07_UN1Q New Footprint=CAP_0402_H09W07_UN1Q
Change Component Footprint: Designator=C? Old Footprint=CAP_0402_H09W07_UN1Q New Footprint=CAP_0402_H09W07_UN1Q
Change Component Footprint: Designator=C? Old Footprint=CAP_0402_H09W07_UN1Q New Footprint=CAP_0402_H09W07_UN1Q
Change Component Footprint: Designator=C? Old Footprint=CAP_0402_H09W07_UN1Q New Footprint=CAP_0402_H09W07_UN1Q
Change Component Footprint: Designator=C? Old Footprint=CAP_0402_H09W07_UN1Q New Footprint=CAP_0402_H09W07_UN1Q
Change Component Footprint: Designator=C? Old Footprint=CAP_0402_H09W07_UN1Q New Footprint=CAP_0402_H09W07_UN1Q
Change Component Footprint: Designator=C? Old Footprint=CAP_0402_H09W07_UN1Q New Footprint=CAP_0402_H09W07_UN1Q
Change Component Footprint: Designator=C? Old Footprint=CAP_0402_H09W07_UN1Q New Footprint=CAP_0402_H09W07_UN1Q
Change Component Footprint: Designator=C? Old Footprint=CAP_0402_H09W07_UN1Q New Footprint=CAP_0402_H09W07_UN1Q
Change Component Footprint: Designator=C? Old Footprint=CAP_0402_UN1Q New Footprint=CAP_0402_UN1Q
Change Component Footprint: Designator=C? Old Footprint=CAP_0402_UN1Q New Footprint=CAP_0402_UN1Q
Change Component Footprint: Designator=C? Old Footprint=CAP_0402_UN1Q New Footprint=CAP_0402_UN1Q
Change Component Footprint: Designator=C? Old Footprint=CAP_0402_UN1Q New Footprint=CAP_0402_UN1Q
Change Component Footprint: Designator=C? Old Footprint=CAP_0402_UN1Q New Footprint=CAP_0402_UN1Q
Change Component Footprint: Designator=C? Old Footprint=CAP_0402_UN1Q New Footprint=CAP_0402_UN1Q
Change Component Footprint: Designator=C? Old Footprint=CAP_0402_UN1Q New Footprint=CAP_0402_UN1Q
Change Component Footprint: Designator=C? Old Footprint=CAP_0402_UN1Q New Footprint=CAP_0402_UN1Q
Change Component Footprint: Designator=C? Old Footprint=CAP_0402_UN1Q New Footprint=CAP_0402_UN1Q
Change Component Footprint: Designator=C? Old Footprint=CAP_0402_UN1Q New Footprint=CAP_0402_UN1Q
Change Component Footprint: Designator=C? Old Footprint=CAP_0402_UN1Q New Footprint=CAP_0402_UN1Q
Change Component Footprint: Designator=C? Old Footprint=CAP_0402_UN1Q New Footprint=CAP_0402_UN1Q
Change Component Footprint: Designator=C? Old Footprint=CAP_0402_UN1Q New Footprint=CAP_0402_UN1Q
Change Component Footprint: Designator=C? Old Footprint=CAP_0402_UN1Q New Footprint=CAP_0402_UN1Q
Change Component Footprint: Designator=C? Old Footprint=CAP_0402_UN1Q New Footprint=CAP_0402_UN1Q
Change Component Footprint: Designator=C? Old Footprint=CAP_0402_UN1Q New Footprint=CAP_0402_UN1Q
Change Component Footprint: Designator=C? Old Footprint=CAP_0402_UN1Q New Footprint=CAP_0402_UN1Q
Change Component Footprint: Designator=C? Old Footprint=CAP_0402_UN1Q New Footprint=CAP_0402_UN1Q
Change Component Footprint: Designator=C? Old Footprint=CAP_0402_UN1Q New Footprint=CAP_0402_UN1Q
Change Component Footprint: Designator=C? Old Footprint=CAP_0402_UN1Q New Footprint=CAP_0402_UN1Q
Change Component Footprint: Designator=C? Old Footprint=CAP_0402_UN1Q New Footprint=CAP_0402_UN1Q
Change Component Footprint: Designator=C? Old Footprint=CAP_0603_UN1Q New Footprint=CAP_0603_UN1Q
Change Component Footprint: Designator=C? Old Footprint=CAP_0805_UN1Q New Footprint=CAP_0805_UN1Q
Change Component Footprint: Designator=C? Old Footprint=CAP_0805_UN1Q New Footprint=CAP_0805_UN1Q
Change Component Footprint: Designator=C? Old Footprint=CAP_0805_UN1Q New Footprint=CAP_0805_UN1Q
Change Component Footprint: Designator=C? Old Footprint=CAP_0805_UN1Q New Footprint=CAP_0805_UN1Q
Change Component Footprint: Designator=C? Old Footprint=CAP_0805_UN1Q New Footprint=CAP_0805_UN1Q
Change Component Footprint: Designator=C? Old Footprint=CAP_0805_UN1Q New Footprint=CAP_0805_UN1Q
Change Component Footprint: Designator=C? Old Footprint=CAP_0805_UN1Q New Footprint=CAP_0805_UN1Q
Change Component Footprint: Designator=C? Old Footprint=CAP_0805_UN1Q New Footprint=CAP_0805_UN1Q
Change Component Footprint: Designator=C? Old Footprint=CAP_0805_UN1Q New Footprint=CAP_0805_UN1Q
Change Component Footprint: Designator=C? Old Footprint=CAP_0805_UN1Q New Footprint=CAP_0805_UN1Q
Change Component Footprint: Designator=C? Old Footprint=CAP_0805_UN1Q New Footprint=CAP_0805_UN1Q
Change Component Footprint: Designator=C? Old Footprint=CAP_0805_UN1Q New Footprint=CAP_0805_UN1Q
Change Component Footprint: Designator=C? Old Footprint=CAP_0805_UN1Q New Footprint=CAP_0805_UN1Q
Change Component Footprint: Designator=C? Old Footprint=CAP_0805_UN1Q New Footprint=CAP_0805_UN1Q
Change Component Footprint: Designator=C? Old Footprint=CAP_0805_UN1Q New Footprint=CAP_0805_UN1Q
Change Component Footprint: Designator=C? Old Footprint=CAP_0805_UN1Q New Footprint=CAP_0805_UN1Q
Change Component Footprint: Designator=C? Old Footprint=CAP_0805_UN1Q New Footprint=CAP_0805_UN1Q
Change Component Footprint: Designator=C? Old Footprint=CAP_0805_UN1Q New Footprint=CAP_0805_UN1Q
Change Component Footprint: Designator=C? Old Footprint=CAP_0805_UN1Q New Footprint=CAP_0805_UN1Q
Change Component Footprint: Designator=C? Old Footprint=CAP_0805_UN1Q New Footprint=CAP_0805_UN1Q
Change Component Footprint: Designator=C? Old Footprint=CAP_0805_UN1Q New Footprint=CAP_0805_UN1Q
Change Component Footprint: Designator=C? Old Footprint=CAP_0805_UN1Q New Footprint=CAP_0805_UN1Q
Change Component Footprint: Designator=C? Old Footprint=CAP_0805_UN1Q New Footprint=CAP_0805_UN1Q
Change Component Footprint: Designator=C? Old Footprint=CAP_0805_UN1Q New Footprint=CAP_0805_UN1Q
Change Component Footprint: Designator=C? Old Footprint=CAP_0805_UN1Q New Footprint=CAP_0805_UN1Q
Change Component Footprint: Designator=C? Old Footprint=CAP_0805_UN1Q New Footprint=CAP_0805_UN1Q
Change Component Footprint: Designator=C? Old Footprint=CAP_0805_UN1Q New Footprint=CAP_0805_UN1Q
Change Component Footprint: Designator=C? Old Footprint=CAP_0805_UN1Q New Footprint=CAP_0805_UN1Q
Change Component Footprint: Designator=C? Old Footprint=CAP_1206_UN1Q New Footprint=CAP_1206_UN1Q
Change Component Footprint: Designator=C? Old Footprint=CAP_1206_UN1Q New Footprint=CAP_1206_UN1Q
Change Component Footprint: Designator=C? Old Footprint=CAP_1206_UN1Q New Footprint=CAP_1206_UN1Q
Change Component Footprint: Designator=C? Old Footprint=CAP_1206_UN1Q New Footprint=CAP_1206_UN1Q
Change Component Footprint: Designator=C? Old Footprint=CAP_1210_UN1Q_1 New Footprint=CAP_1210_UN1Q_1
Change Component Footprint: Designator=QZ? Old Footprint=CM8V32768TA020125_MC New Footprint=CM8V32768TA020125_MC
Change Component Footprint: Designator=U? Old Footprint=DHX2QFN18_NXP New Footprint=DHX2QFN18_NXP
Change Component Footprint: Designator=U? Old Footprint=DHX2QFN18_NXP New Footprint=DHX2QFN18_NXP
Change Component Footprint: Designator=T? Old Footprint=DLM0NSxxxxHY2_Murata New Footprint=DLM0NSxxxxHY2_Murata
Change Component Footprint: Designator=T? Old Footprint=DLM0NSxxxxHY2_Murata New Footprint=DLM0NSxxxxHY2_Murata
Change Component Footprint: Designator=T? Old Footprint=DLM0NSxxxxHY2_Murata New Footprint=DLM0NSxxxxHY2_Murata
Change Component Footprint: Designator=T? Old Footprint=DLM0NSxxxxHY2_Murata New Footprint=DLM0NSxxxxHY2_Murata
Change Component Footprint: Designator=T? Old Footprint=ECMF4-2450A60N10 New Footprint=ECMF4-2450A60N10
Change Component Footprint: Designator=T? Old Footprint=ECMF4-2450A60N10 New Footprint=ECMF4-2450A60N10
Change Component Footprint: Designator=L? Old Footprint=FERR_BLM15KD New Footprint=FERR_BLM15KD
Change Component Footprint: Designator=L? Old Footprint=FERR_BLM15KD New Footprint=FERR_BLM15KD
Change Component Footprint: Designator=L? Old Footprint=FERR_BLM15KD New Footprint=FERR_BLM15KD
Change Component Footprint: Designator=L? Old Footprint=FERR_BLM15KD New Footprint=FERR_BLM15KD
Change Component Footprint: Designator=L? Old Footprint=FERR_BLM15KD New Footprint=FERR_BLM15KD
Change Component Footprint: Designator=L? Old Footprint=FERR_BLM15KD New Footprint=FERR_BLM15KD
Change Component Footprint: Designator=R? Old Footprint=FERR_BLM15KD New Footprint=FERR_BLM15KD
Change Component Footprint: Designator=R? Old Footprint=FERR_BLM15KD New Footprint=FERR_BLM15KD
Change Component Footprint: Designator=R? Old Footprint=FERR_BLM15KD New Footprint=FERR_BLM15KD
Change Component Footprint: Designator=R? Old Footprint=FERR_BLM15KD New Footprint=FERR_BLM15KD
Change Component Footprint: Designator=R? Old Footprint=FERR_BLM15KD New Footprint=FERR_BLM15KD
Change Component Footprint: Designator=R? Old Footprint=FERR_BLM15KD New Footprint=FERR_BLM15KD
Change Component Footprint: Designator=U? Old Footprint=HX2QFN20_NXP New Footprint=HX2QFN20_NXP
Change Component Footprint: Designator=L? Old Footprint=IND_0201_UN1Q New Footprint=IND_0201_UN1Q
Change Component Footprint: Designator=L? Old Footprint=IND_0201_UN1Q New Footprint=IND_0201_UN1Q
Change Component Footprint: Designator=L? Old Footprint=IND_0201_UN1Q New Footprint=IND_0201_UN1Q
Change Component Footprint: Designator=L? Old Footprint=IND_0201_UN1Q New Footprint=IND_0201_UN1Q
Change Component Footprint: Designator=L? Old Footprint=IND_0201_UN1Q New Footprint=IND_0201_UN1Q
Change Component Footprint: Designator=L? Old Footprint=IND_0201_UN1Q New Footprint=IND_0201_UN1Q
Change Component Footprint: Designator=L? Old Footprint=IND_0201_UN1Q New Footprint=IND_0201_UN1Q
Change Component Footprint: Designator=L? Old Footprint=IND_0201_UN1Q New Footprint=IND_0201_UN1Q
Change Component Footprint: Designator=L? Old Footprint=IND_0201_UN1Q New Footprint=IND_0201_UN1Q
Change Component Footprint: Designator=L? Old Footprint=IND_0201_UN1Q New Footprint=IND_0201_UN1Q
Change Component Footprint: Designator=L? Old Footprint=IND_0201_UN1Q New Footprint=IND_0201_UN1Q
Change Component Footprint: Designator=L? Old Footprint=IND_0201_UN1Q New Footprint=IND_0201_UN1Q
Change Component Footprint: Designator=L? Old Footprint=IND_0201_UN1Q New Footprint=IND_0201_UN1Q
Change Component Footprint: Designator=L? Old Footprint=IND_0201_UN1Q New Footprint=IND_0201_UN1Q
Change Component Footprint: Designator=L? Old Footprint=IND_0201_UN1Q New Footprint=IND_0201_UN1Q
Change Component Footprint: Designator=L? Old Footprint=IND_0201_UN1Q New Footprint=IND_0201_UN1Q
Change Component Footprint: Designator=L? Old Footprint=IND_0201_UN1Q New Footprint=IND_0201_UN1Q
Change Component Footprint: Designator=L? Old Footprint=IND_0201_UN1Q New Footprint=IND_0201_UN1Q
Change Component Footprint: Designator=L? Old Footprint=IND_0201_UN1Q New Footprint=IND_0201_UN1Q
Change Component Footprint: Designator=L? Old Footprint=IND_0201_UN1Q New Footprint=IND_0201_UN1Q
Change Component Footprint: Designator=L? Old Footprint=IND_0201_UN1Q New Footprint=IND_0201_UN1Q
Change Component Footprint: Designator=L? Old Footprint=IND_0603_UN1Q New Footprint=IND_0603_UN1Q
Change Component Footprint: Designator=L? Old Footprint=IND_74479335329222_353220 New Footprint=IND_74479335329222_353220
Change Component Footprint: Designator=L? Old Footprint=IND_74479335329222_353220 New Footprint=IND_74479335329222_353220
Change Component Footprint: Designator=L? Old Footprint=IND_XGL4030 New Footprint=IND_XGL4030
Change Component Footprint: Designator=L? Old Footprint=IND_XGL4030 New Footprint=IND_XGL4030
Change Component Footprint: Designator=U? Old Footprint=MAX14591_SON50P200X200X80-8N New Footprint=MAX14591_SON50P200X200X80-8N
Change Component Footprint: Designator=X? Old Footprint=mPCIe_TE_1775862-2 New Footprint=mPCIe_TE_1775862-2
Change Component Footprint: Designator=PTP? Old Footprint=PTP_0.4mm New Footprint=PTP_0.4mm
Change Component Footprint: Designator=PTP? Old Footprint=PTP_0.4mm New Footprint=PTP_0.4mm
Change Component Footprint: Designator=PTP? Old Footprint=PTP_0.4mm New Footprint=PTP_0.4mm
Change Component Footprint: Designator=PTP? Old Footprint=PTP_0.4mm New Footprint=PTP_0.4mm
Change Component Footprint: Designator=PTP? Old Footprint=PTP_0.4mm New Footprint=PTP_0.4mm
Change Component Footprint: Designator=PTP? Old Footprint=PTP_0.4mm New Footprint=PTP_0.4mm
Change Component Footprint: Designator=PTP? Old Footprint=PTP_0.4mm New Footprint=PTP_0.4mm
Change Component Footprint: Designator=PTP? Old Footprint=PTP_0.4mm New Footprint=PTP_0.4mm
Change Component Footprint: Designator=PTP? Old Footprint=PTP_0.4mm New Footprint=PTP_0.4mm
Change Component Footprint: Designator=PTP? Old Footprint=PTP_0.4mm New Footprint=PTP_0.4mm
Change Component Footprint: Designator=PTP? Old Footprint=PTP_0.4mm New Footprint=PTP_0.4mm
Change Component Footprint: Designator=PTP? Old Footprint=PTP_0.4mm New Footprint=PTP_0.4mm
Change Component Footprint: Designator=PTP? Old Footprint=PTP_0.4mm New Footprint=PTP_0.4mm
Change Component Footprint: Designator=PTP? Old Footprint=PTP_0.4mm New Footprint=PTP_0.4mm
Change Component Footprint: Designator=PTP? Old Footprint=PTP_0.4mm New Footprint=PTP_0.4mm
Change Component Footprint: Designator=PTP? Old Footprint=PTP_0.4mm New Footprint=PTP_0.4mm
Change Component Footprint: Designator=PTP? Old Footprint=PTP_0.4mm New Footprint=PTP_0.4mm
Change Component Footprint: Designator=PTP? Old Footprint=PTP_0.4mm New Footprint=PTP_0.4mm
Change Component Footprint: Designator=PTP? Old Footprint=PTP_0.4mm New Footprint=PTP_0.4mm
Change Component Footprint: Designator=PTP? Old Footprint=PTP_0.4mm New Footprint=PTP_0.4mm
Change Component Footprint: Designator=PTP? Old Footprint=PTP_0.4mm New Footprint=PTP_0.4mm
Change Component Footprint: Designator=PTP? Old Footprint=PTP_0.4mm New Footprint=PTP_0.4mm
Change Component Footprint: Designator=PTP? Old Footprint=PTP_0.4mm New Footprint=PTP_0.4mm
Change Component Footprint: Designator=PTP? Old Footprint=PTP_0.4mm New Footprint=PTP_0.4mm
Change Component Footprint: Designator=PTP? Old Footprint=PTP_0.4mm New Footprint=PTP_0.4mm
Change Component Footprint: Designator=PTP? Old Footprint=PTP_0.4mm New Footprint=PTP_0.4mm
Change Component Footprint: Designator=PTP? Old Footprint=PTP_0.4mm New Footprint=PTP_0.4mm
Change Component Footprint: Designator=PTP? Old Footprint=PTP_0.4mm New Footprint=PTP_0.4mm
Change Component Footprint: Designator=PTP? Old Footprint=PTP_0.4mm New Footprint=PTP_0.4mm
Change Component Footprint: Designator=PTP? Old Footprint=PTP_0.4mm New Footprint=PTP_0.4mm
Change Component Footprint: Designator=PTP? Old Footprint=PTP_0.4mm New Footprint=PTP_0.4mm
Change Component Footprint: Designator=PTP? Old Footprint=PTP_0.4mm New Footprint=PTP_0.4mm
Change Component Footprint: Designator=PTP? Old Footprint=PTP_0.4mm New Footprint=PTP_0.4mm
Change Component Footprint: Designator=PTP? Old Footprint=PTP_0.4mm New Footprint=PTP_0.4mm
Change Component Footprint: Designator=PTP? Old Footprint=PTP_0.4mm New Footprint=PTP_0.4mm
Change Component Footprint: Designator=PTP? Old Footprint=PTP_0.4mm New Footprint=PTP_0.4mm
Change Component Footprint: Designator=PTP? Old Footprint=PTP_0.4mm New Footprint=PTP_0.4mm
Change Component Footprint: Designator=PTP? Old Footprint=PTP_0.4mm New Footprint=PTP_0.4mm
Change Component Footprint: Designator=PTP? Old Footprint=PTP_0.4mm New Footprint=PTP_0.4mm
Change Component Footprint: Designator=PTP? Old Footprint=PTP_0.4mm New Footprint=PTP_0.4mm
Change Component Footprint: Designator=PTP? Old Footprint=PTP_0.4mm New Footprint=PTP_0.4mm
Change Component Footprint: Designator=PTP? Old Footprint=PTP_0.4mm New Footprint=PTP_0.4mm
Change Component Footprint: Designator=PTP? Old Footprint=PTP_0.4mm New Footprint=PTP_0.4mm
Change Component Footprint: Designator=PTP? Old Footprint=PTP_0.4mm New Footprint=PTP_0.4mm
Change Component Footprint: Designator=PTP? Old Footprint=PTP_0.4mm New Footprint=PTP_0.4mm
Change Component Footprint: Designator=PTP? Old Footprint=PTP_0.4mm New Footprint=PTP_0.4mm
Change Component Footprint: Designator=PTP? Old Footprint=PTP_0.4mm New Footprint=PTP_0.4mm
Change Component Footprint: Designator=PTP? Old Footprint=PTP_0.4mm New Footprint=PTP_0.4mm
Change Component Footprint: Designator=PTP? Old Footprint=PTP_0.4mm New Footprint=PTP_0.4mm
Change Component Footprint: Designator=PTP? Old Footprint=PTP_0.4mm New Footprint=PTP_0.4mm
Change Component Footprint: Designator=PTP? Old Footprint=PTP_0.4mm New Footprint=PTP_0.4mm
Change Component Footprint: Designator=PTP? Old Footprint=PTP_0.4mm New Footprint=PTP_0.4mm
Change Component Footprint: Designator=PTP? Old Footprint=PTP_0.4mm New Footprint=PTP_0.4mm
Change Component Footprint: Designator=PTP? Old Footprint=PTP_0.4mm New Footprint=PTP_0.4mm
Change Component Footprint: Designator=PTP? Old Footprint=PTP_0.4mm New Footprint=PTP_0.4mm
Change Component Footprint: Designator=PTP? Old Footprint=PTP_0.4mm New Footprint=PTP_0.4mm
Change Component Footprint: Designator=PTP? Old Footprint=PTP_0.4mm New Footprint=PTP_0.4mm
Change Component Footprint: Designator=PTP? Old Footprint=PTP_0.4mm New Footprint=PTP_0.4mm
Change Component Footprint: Designator=PTP? Old Footprint=PTP_0.4mm New Footprint=PTP_0.4mm
Change Component Footprint: Designator=PTP? Old Footprint=PTP_0.4mm New Footprint=PTP_0.4mm
Change Component Footprint: Designator=PTP? Old Footprint=PTP_0.4mm New Footprint=PTP_0.4mm
Change Component Footprint: Designator=PTP? Old Footprint=PTP_0.4mm New Footprint=PTP_0.4mm
Change Component Footprint: Designator=PTP? Old Footprint=PTP_0.4mm New Footprint=PTP_0.4mm
Change Component Footprint: Designator=PTP? Old Footprint=PTP_0.4mm New Footprint=PTP_0.4mm
Change Component Footprint: Designator=PTP? Old Footprint=PTP_0.4mm New Footprint=PTP_0.4mm
Change Component Footprint: Designator=PTP? Old Footprint=PTP_0.4mm New Footprint=PTP_0.4mm
Change Component Footprint: Designator=PTP? Old Footprint=PTP_0.4mm New Footprint=PTP_0.4mm
Change Component Footprint: Designator=PTP? Old Footprint=PTP_0.4mm New Footprint=PTP_0.4mm
Change Component Footprint: Designator=PTP? Old Footprint=PTP_0.4mm New Footprint=PTP_0.4mm
Change Component Footprint: Designator=PTP? Old Footprint=PTP_0.4mm New Footprint=PTP_0.4mm
Change Component Footprint: Designator=PTP? Old Footprint=PTP_0.4mm New Footprint=PTP_0.4mm
Change Component Footprint: Designator=PTP? Old Footprint=PTP_0.4mm New Footprint=PTP_0.4mm
Change Component Footprint: Designator=PTP? Old Footprint=PTP_0.4mm New Footprint=PTP_0.4mm
Change Component Footprint: Designator=PTP? Old Footprint=PTP_0.4mm New Footprint=PTP_0.4mm
Change Component Footprint: Designator=U? Old Footprint=QFN40_5x5mm New Footprint=QFN40_5x5mm
Change Component Footprint: Designator=U? Old Footprint=QFN40_5x5mm New Footprint=QFN40_5x5mm
Change Component Footprint: Designator=U? Old Footprint=QFN-FCMOD-28_TI New Footprint=QFN-FCMOD-28_TI
Change Component Footprint: Designator=U? Old Footprint=QFN-FCMOD-28_TI New Footprint=QFN-FCMOD-28_TI
Change Component Footprint: Designator=R? Old Footprint=RES_0201_UN1Q New Footprint=RES_0201_UN1Q
Change Component Footprint: Designator=R? Old Footprint=RES_0201_UN1Q New Footprint=RES_0201_UN1Q
Change Component Footprint: Designator=R? Old Footprint=RES_0201_UN1Q New Footprint=RES_0201_UN1Q
Change Component Footprint: Designator=R? Old Footprint=RES_0201_UN1Q New Footprint=RES_0201_UN1Q
Change Component Footprint: Designator=R? Old Footprint=RES_0201_UN1Q New Footprint=RES_0201_UN1Q
Change Component Footprint: Designator=R? Old Footprint=RES_0201_UN1Q New Footprint=RES_0201_UN1Q
Change Component Footprint: Designator=R? Old Footprint=RES_0201_UN1Q New Footprint=RES_0201_UN1Q
Change Component Footprint: Designator=R? Old Footprint=RES_0201_UN1Q New Footprint=RES_0201_UN1Q
Change Component Footprint: Designator=R? Old Footprint=RES_0201_UN1Q New Footprint=RES_0201_UN1Q
Change Component Footprint: Designator=R? Old Footprint=RES_0201_UN1Q New Footprint=RES_0201_UN1Q
Change Component Footprint: Designator=R? Old Footprint=RES_0201_UN1Q New Footprint=RES_0201_UN1Q
Change Component Footprint: Designator=R? Old Footprint=RES_0201_UN1Q New Footprint=RES_0201_UN1Q
Change Component Footprint: Designator=R? Old Footprint=RES_0201_UN1Q New Footprint=RES_0201_UN1Q
Change Component Footprint: Designator=R? Old Footprint=RES_0201_UN1Q New Footprint=RES_0201_UN1Q
Change Component Footprint: Designator=R? Old Footprint=RES_0201_UN1Q New Footprint=RES_0201_UN1Q
Change Component Footprint: Designator=R? Old Footprint=RES_0201_UN1Q New Footprint=RES_0201_UN1Q
Change Component Footprint: Designator=R? Old Footprint=RES_0201_UN1Q New Footprint=RES_0201_UN1Q
Change Component Footprint: Designator=R? Old Footprint=RES_0201_UN1Q New Footprint=RES_0201_UN1Q
Change Component Footprint: Designator=R? Old Footprint=RES_0201_UN1Q New Footprint=RES_0201_UN1Q
Change Component Footprint: Designator=R? Old Footprint=RES_0201_UN1Q New Footprint=RES_0201_UN1Q
Change Component Footprint: Designator=R? Old Footprint=RES_0201_UN1Q New Footprint=RES_0201_UN1Q
Change Component Footprint: Designator=R? Old Footprint=RES_0201_UN1Q New Footprint=RES_0201_UN1Q
Change Component Footprint: Designator=R? Old Footprint=RES_0201_UN1Q New Footprint=RES_0201_UN1Q
Change Component Footprint: Designator=R? Old Footprint=RES_0201_UN1Q New Footprint=RES_0201_UN1Q
Change Component Footprint: Designator=R? Old Footprint=RES_0201_UN1Q New Footprint=RES_0201_UN1Q
Change Component Footprint: Designator=R? Old Footprint=RES_0201_UN1Q New Footprint=RES_0201_UN1Q
Change Component Footprint: Designator=R? Old Footprint=RES_0201_UN1Q New Footprint=RES_0201_UN1Q
Change Component Footprint: Designator=R? Old Footprint=RES_0201_UN1Q New Footprint=RES_0201_UN1Q
Change Component Footprint: Designator=R? Old Footprint=RES_0201_UN1Q New Footprint=RES_0201_UN1Q
Change Component Footprint: Designator=R? Old Footprint=RES_0201_UN1Q New Footprint=RES_0201_UN1Q
Change Component Footprint: Designator=R? Old Footprint=RES_0201_UN1Q New Footprint=RES_0201_UN1Q
Change Component Footprint: Designator=R? Old Footprint=RES_0201_UN1Q New Footprint=RES_0201_UN1Q
Change Component Footprint: Designator=R? Old Footprint=RES_0201_UN1Q New Footprint=RES_0201_UN1Q
Change Component Footprint: Designator=R? Old Footprint=RES_0201_UN1Q New Footprint=RES_0201_UN1Q
Change Component Footprint: Designator=R? Old Footprint=RES_0201_UN1Q New Footprint=RES_0201_UN1Q
Change Component Footprint: Designator=R? Old Footprint=RES_0201_UN1Q New Footprint=RES_0201_UN1Q
Change Component Footprint: Designator=R? Old Footprint=RES_0201_UN1Q New Footprint=RES_0201_UN1Q
Change Component Footprint: Designator=R? Old Footprint=RES_0201_UN1Q New Footprint=RES_0201_UN1Q
Change Component Footprint: Designator=R? Old Footprint=RES_0201_UN1Q New Footprint=RES_0201_UN1Q
Change Component Footprint: Designator=R? Old Footprint=RES_0201_UN1Q New Footprint=RES_0201_UN1Q
Change Component Footprint: Designator=R? Old Footprint=RES_0201_UN1Q New Footprint=RES_0201_UN1Q
Change Component Footprint: Designator=R? Old Footprint=RES_0201_UN1Q New Footprint=RES_0201_UN1Q
Change Component Footprint: Designator=R? Old Footprint=RES_0201_UN1Q New Footprint=RES_0201_UN1Q
Change Component Footprint: Designator=R? Old Footprint=RES_0201_UN1Q New Footprint=RES_0201_UN1Q
Change Component Footprint: Designator=R? Old Footprint=RES_0201_UN1Q New Footprint=RES_0201_UN1Q
Change Component Footprint: Designator=R? Old Footprint=RES_0201_UN1Q New Footprint=RES_0201_UN1Q
Change Component Footprint: Designator=R? Old Footprint=RES_0201_UN1Q New Footprint=RES_0201_UN1Q
Change Component Footprint: Designator=R? Old Footprint=RES_0201_UN1Q New Footprint=RES_0201_UN1Q
Change Component Footprint: Designator=R? Old Footprint=RES_0201_UN1Q New Footprint=RES_0201_UN1Q
Change Component Footprint: Designator=R? Old Footprint=RES_0201_UN1Q New Footprint=RES_0201_UN1Q
Change Component Footprint: Designator=R? Old Footprint=RES_0201_UN1Q New Footprint=RES_0201_UN1Q
Change Component Footprint: Designator=R? Old Footprint=RES_0201_UN1Q New Footprint=RES_0201_UN1Q
Change Component Footprint: Designator=R? Old Footprint=RES_0201_UN1Q New Footprint=RES_0201_UN1Q
Change Component Footprint: Designator=R? Old Footprint=RES_0201_UN1Q New Footprint=RES_0201_UN1Q
Change Component Footprint: Designator=R? Old Footprint=RES_0201_UN1Q New Footprint=RES_0201_UN1Q
Change Component Footprint: Designator=R? Old Footprint=RES_0201_UN1Q New Footprint=RES_0201_UN1Q
Change Component Footprint: Designator=R? Old Footprint=RES_0201_UN1Q New Footprint=RES_0201_UN1Q
Change Component Footprint: Designator=R? Old Footprint=RES_0201_UN1Q New Footprint=RES_0201_UN1Q
Change Component Footprint: Designator=R? Old Footprint=RES_0201_UN1Q New Footprint=RES_0201_UN1Q
Change Component Footprint: Designator=R? Old Footprint=RES_0201_UN1Q New Footprint=RES_0201_UN1Q
Change Component Footprint: Designator=R? Old Footprint=RES_0201_UN1Q New Footprint=RES_0201_UN1Q
Change Component Footprint: Designator=R? Old Footprint=RES_0201_UN1Q New Footprint=RES_0201_UN1Q
Change Component Footprint: Designator=R? Old Footprint=RES_0201_UN1Q New Footprint=RES_0201_UN1Q
Change Component Footprint: Designator=R? Old Footprint=RES_0201_UN1Q New Footprint=RES_0201_UN1Q
Change Component Footprint: Designator=R? Old Footprint=RES_0201_UN1Q New Footprint=RES_0201_UN1Q
Change Component Footprint: Designator=R? Old Footprint=RES_0201_UN1Q New Footprint=RES_0201_UN1Q
Change Component Footprint: Designator=R? Old Footprint=RES_0201_UN1Q New Footprint=RES_0201_UN1Q
Change Component Footprint: Designator=R? Old Footprint=RES_0201_UN1Q New Footprint=RES_0201_UN1Q
Change Component Footprint: Designator=R? Old Footprint=RES_0201_UN1Q New Footprint=RES_0201_UN1Q
Change Component Footprint: Designator=R? Old Footprint=RES_0201_UN1Q New Footprint=RES_0201_UN1Q
Change Component Footprint: Designator=R? Old Footprint=RES_0201_UN1Q New Footprint=RES_0201_UN1Q
Change Component Footprint: Designator=R? Old Footprint=RES_0201_UN1Q New Footprint=RES_0201_UN1Q
Change Component Footprint: Designator=R? Old Footprint=RES_0201_UN1Q New Footprint=RES_0201_UN1Q
Change Component Footprint: Designator=R? Old Footprint=RES_0201_UN1Q New Footprint=RES_0201_UN1Q
Change Component Footprint: Designator=R? Old Footprint=RES_0201_UN1Q New Footprint=RES_0201_UN1Q
Change Component Footprint: Designator=R? Old Footprint=RES_0201_UN1Q New Footprint=RES_0201_UN1Q
Change Component Footprint: Designator=R? Old Footprint=RES_0201_UN1Q New Footprint=RES_0201_UN1Q
Change Component Footprint: Designator=R? Old Footprint=RES_0201_UN1Q New Footprint=RES_0201_UN1Q
Change Component Footprint: Designator=R? Old Footprint=RES_0201_UN1Q New Footprint=RES_0201_UN1Q
Change Component Footprint: Designator=R? Old Footprint=RES_0201_UN1Q New Footprint=RES_0201_UN1Q
Change Component Footprint: Designator=R? Old Footprint=RES_0201_UN1Q New Footprint=RES_0201_UN1Q
Change Component Footprint: Designator=R? Old Footprint=RES_0201_UN1Q New Footprint=RES_0201_UN1Q
Change Component Footprint: Designator=R? Old Footprint=RES_0201_UN1Q New Footprint=RES_0201_UN1Q
Change Component Footprint: Designator=R? Old Footprint=RES_0201_UN1Q New Footprint=RES_0201_UN1Q
Change Component Footprint: Designator=R? Old Footprint=RES_0201_UN1Q New Footprint=RES_0201_UN1Q
Change Component Footprint: Designator=R? Old Footprint=RES_0201_UN1Q New Footprint=RES_0201_UN1Q
Change Component Footprint: Designator=R? Old Footprint=RES_0201_UN1Q New Footprint=RES_0201_UN1Q
Change Component Footprint: Designator=R? Old Footprint=RES_0201_UN1Q New Footprint=RES_0201_UN1Q
Change Component Footprint: Designator=R? Old Footprint=RES_0201_UN1Q New Footprint=RES_0201_UN1Q
Change Component Footprint: Designator=R? Old Footprint=RES_0201_UN1Q New Footprint=RES_0201_UN1Q
Change Component Footprint: Designator=R? Old Footprint=RES_0201_UN1Q New Footprint=RES_0201_UN1Q
Change Component Footprint: Designator=R? Old Footprint=RES_0201_UN1Q New Footprint=RES_0201_UN1Q
Change Component Footprint: Designator=R? Old Footprint=RES_0201_UN1Q New Footprint=RES_0201_UN1Q
Change Component Footprint: Designator=R? Old Footprint=RES_0201_UN1Q New Footprint=RES_0201_UN1Q
Change Component Footprint: Designator=R? Old Footprint=RES_0201_UN1Q New Footprint=RES_0201_UN1Q
Change Component Footprint: Designator=R? Old Footprint=RES_0201_UN1Q New Footprint=RES_0201_UN1Q
Change Component Footprint: Designator=R? Old Footprint=RES_0201_UN1Q New Footprint=RES_0201_UN1Q
Change Component Footprint: Designator=R? Old Footprint=RES_0201_UN1Q New Footprint=RES_0201_UN1Q
Change Component Footprint: Designator=R? Old Footprint=RES_0201_UN1Q New Footprint=RES_0201_UN1Q
Change Component Footprint: Designator=R? Old Footprint=RES_0201_UN1Q New Footprint=RES_0201_UN1Q
Change Component Footprint: Designator=R? Old Footprint=RES_0201_UN1Q New Footprint=RES_0201_UN1Q
Change Component Footprint: Designator=R? Old Footprint=RES_0201_UN1Q New Footprint=RES_0201_UN1Q
Change Component Footprint: Designator=R? Old Footprint=RES_0201_UN1Q New Footprint=RES_0201_UN1Q
Change Component Footprint: Designator=R? Old Footprint=RES_0201_UN1Q New Footprint=RES_0201_UN1Q
Change Component Footprint: Designator=R? Old Footprint=RES_0201_UN1Q New Footprint=RES_0201_UN1Q
Change Component Footprint: Designator=R? Old Footprint=RES_0201_UN1Q New Footprint=RES_0201_UN1Q
Change Component Footprint: Designator=R? Old Footprint=RES_0201_UN1Q New Footprint=RES_0201_UN1Q
Change Component Footprint: Designator=X? Old Footprint=SM09B-GHS-TB New Footprint=SM09B-GHS-TB
Change Component Footprint: Designator=T? Old Footprint=SOD-323 New Footprint=SOD-323
Change Component Footprint: Designator=Q? Old Footprint=SOT883_DFN1006-3_NEXPERIA New Footprint=SOT883_DFN1006-3_NEXPERIA
Change Component Footprint: Designator=Q? Old Footprint=SOT-563 New Footprint=SOT-563
Change Component Footprint: Designator=M? Old Footprint=Standoff_2_7mm_M25_WURTH New Footprint=Standoff_2_7mm_M25_WURTH
Change Component Footprint: Designator=M? Old Footprint=Standoff_2_7mm_M25_WURTH New Footprint=Standoff_2_7mm_M25_WURTH
Change Component Footprint: Designator=J? Old Footprint=TP_1mm_UN1Q New Footprint=TP_1mm_UN1Q
Change Component Footprint: Designator=J? Old Footprint=TP_1mm_UN1Q New Footprint=TP_1mm_UN1Q
Change Component Footprint: Designator=J? Old Footprint=TP_1mm_UN1Q New Footprint=TP_1mm_UN1Q
Change Component Footprint: Designator=J? Old Footprint=TP_1mm_UN1Q New Footprint=TP_1mm_UN1Q
Change Component Footprint: Designator=J? Old Footprint=TP_1mm_UN1Q New Footprint=TP_1mm_UN1Q
Change Component Footprint: Designator=J? Old Footprint=TP_1mm_UN1Q New Footprint=TP_1mm_UN1Q
Change Component Footprint: Designator=J? Old Footprint=TP_1mm_UN1Q New Footprint=TP_1mm_UN1Q
Change Component Footprint: Designator=J? Old Footprint=TP_1mm_UN1Q New Footprint=TP_1mm_UN1Q
Change Component Footprint: Designator=J? Old Footprint=TP_1x2mm_UN1Q New Footprint=TP_1x2mm_UN1Q
Change Component Footprint: Designator=1? Old Footprint=TVS_0201_EZAEG New Footprint=TVS_0201_EZAEG
Change Component Footprint: Designator=? Old Footprint=TVS_0201_EZAEG New Footprint=TVS_0201_EZAEG
Change Component Footprint: Designator=? Old Footprint=TVS_0201_EZAEG New Footprint=TVS_0201_EZAEG
Change Component Footprint: Designator=? Old Footprint=TVS_0201_EZAEG New Footprint=TVS_0201_EZAEG
Change Component Footprint: Designator=? Old Footprint=TVS_0201_EZAEG New Footprint=TVS_0201_EZAEG
Change Component Footprint: Designator=? Old Footprint=TVS_0201_EZAEG New Footprint=TVS_0201_EZAEG
Change Component Footprint: Designator=? Old Footprint=TVS_0201_EZAEG New Footprint=TVS_0201_EZAEG
Change Component Footprint: Designator=? Old Footprint=TVS_0201_EZAEG New Footprint=TVS_0201_EZAEG
Change Component Footprint: Designator=T? Old Footprint=TVS_0201_EZAEG New Footprint=TVS_0201_EZAEG
Change Component Footprint: Designator=T? Old Footprint=TVS_0201_EZAEG New Footprint=TVS_0201_EZAEG
Change Component Footprint: Designator=T? Old Footprint=TVS_0201_EZAEG New Footprint=TVS_0201_EZAEG
Change Component Footprint: Designator=T? Old Footprint=TVS_0201_EZAEG New Footprint=TVS_0201_EZAEG
Change Component Footprint: Designator=T? Old Footprint=TVS_0201_EZAEG New Footprint=TVS_0201_EZAEG
Change Component Footprint: Designator=T? Old Footprint=TVS_0201_EZAEG New Footprint=TVS_0201_EZAEG
Change Component Footprint: Designator=T? Old Footprint=TVS_0201_EZAEG New Footprint=TVS_0201_EZAEG
Change Component Footprint: Designator=T? Old Footprint=TVS_0201_EZAEG New Footprint=TVS_0201_EZAEG
Change Component Footprint: Designator=T? Old Footprint=TVS_0201_EZAEG New Footprint=TVS_0201_EZAEG
Change Component Footprint: Designator=T? Old Footprint=TVS_0201_EZAEG New Footprint=TVS_0201_EZAEG
Change Component Footprint: Designator=T? Old Footprint=TVS_0201_EZAEG New Footprint=TVS_0201_EZAEG
Change Component Footprint: Designator=T? Old Footprint=TVS_0201_EZAEG New Footprint=TVS_0201_EZAEG
Change Component Footprint: Designator=T? Old Footprint=TVS_0201_EZAEG New Footprint=TVS_0201_EZAEG
Change Component Footprint: Designator=T? Old Footprint=TVS_0201_EZAEG New Footprint=TVS_0201_EZAEG
Change Component Footprint: Designator=T? Old Footprint=TVS_0201_EZAEG New Footprint=TVS_0201_EZAEG
Change Component Footprint: Designator=X? Old Footprint=uHDMI-SMD-Molex New Footprint=uHDMI-SMD-Molex
Change Component Footprint: Designator=U? Old Footprint=UQFN24_RKT0024A_TI New Footprint=UQFN24_RKT0024A_TI
Change Component Footprint: Designator=U? Old Footprint=USB251xB_QFN36P50_600X600X100 New Footprint=USB251xB_QFN36P50_600X600X100
Change Component Footprint: Designator=J? Old Footprint=USB_C_AMPHENOL_124018612112A New Footprint=USB_C_AMPHENOL_124018612112A
Change Component Footprint: Designator=J? Old Footprint=USB_C_AMPHENOL_124018612112A New Footprint=USB_C_AMPHENOL_124018612112A
Change Component Footprint: Designator=J? Old Footprint=USB_C_AMPHENOL_124018612112A New Footprint=USB_C_AMPHENOL_124018612112A
Change Component Footprint: Designator=J? Old Footprint=USB_C_AMPHENOL_124018612112A New Footprint=USB_C_AMPHENOL_124018612112A
Change Component Footprint: Designator=D? Old Footprint=USON10_DQA_TI New Footprint=USON10_DQA_TI
Change Component Footprint: Designator=D? Old Footprint=USON10_DQA_TI New Footprint=USON10_DQA_TI
Change Component Footprint: Designator=D? Old Footprint=USON10_DQA_TI New Footprint=USON10_DQA_TI
Change Component Footprint: Designator=D? Old Footprint=USON10_DQA_TI New Footprint=USON10_DQA_TI
Change Component Footprint: Designator=D? Old Footprint=USON10_DQA_TI New Footprint=USON10_DQA_TI
Change Component Footprint: Designator=D? Old Footprint=USON10_DQA_TI New Footprint=USON10_DQA_TI
Change Component Footprint: Designator=D? Old Footprint=USON10_DQA_TI New Footprint=USON10_DQA_TI
Change Component Footprint: Designator=U? Old Footprint=VFBGA24P50_300X300X100_NXP New Footprint=VFBGA24P50_300X300X100_NXP
Change Component Footprint: Designator=Y? Old Footprint=VFQFPN-24_9FGV0241AKLF New Footprint=VFQFPN-24_9FGV0241AKLF
Change Component Footprint: Designator=N? Old Footprint=X2SON_DPW0005B New Footprint=X2SON_DPW0005B
Change Component Footprint: Designator=U? Old Footprint=XSON6_SOT1202_Nexperia New Footprint=XSON6_SOT1202_Nexperia
Change Component Footprint: Designator=Y? Old Footprint=XTAL_2016_UN1Q New Footprint=XTAL_2016_UN1Q
Change Component Footprint: Designator=Y? Old Footprint=XTAL_2016_UN1Q New Footprint=XTAL_2016_UN1Q
Change Component Footprint: Designator=Y? Old Footprint=XTAL_2016_UN1Q New Footprint=XTAL_2016_UN1Q
Change Component Footprint: Designator=Y? Old Footprint=XTAL_3225_EPSON New Footprint=XTAL_3225_EPSON
Change Component Footprint: Designator=Y? Old Footprint=XTAL_3225_EPSON New Footprint=XTAL_3225_EPSON
Change Component Designator: OldDesignator=1? NewDesignator=1
Change Component Designator: OldDesignator=? NewDesignator=2
Change Component Designator: OldDesignator=? NewDesignator=3
Change Component Designator: OldDesignator=? NewDesignator=4
Change Component Designator: OldDesignator=? NewDesignator=5
Change Component Designator: OldDesignator=? NewDesignator=6
Change Component Designator: OldDesignator=? NewDesignator=7
Change Component Designator: OldDesignator=? NewDesignator=8
Change Component Designator: OldDesignator=C1 NewDesignator=C5
Change Component Designator: OldDesignator=C2 NewDesignator=C6
Change Component Designator: OldDesignator=C3 NewDesignator=C7
Change Component Designator: OldDesignator=C4 NewDesignator=C8
Change Component Designator: OldDesignator=C5 NewDesignator=C9
Change Component Designator: OldDesignator=C6 NewDesignator=C10
Change Component Designator: OldDesignator=C7 NewDesignator=C11
Change Component Designator: OldDesignator=C8 NewDesignator=C12
Change Component Designator: OldDesignator=C9 NewDesignator=C13
Change Component Designator: OldDesignator=C10 NewDesignator=C14
Change Component Designator: OldDesignator=C11 NewDesignator=C15
Change Component Designator: OldDesignator=C12 NewDesignator=C16
Change Component Designator: OldDesignator=C13 NewDesignator=C17
Change Component Designator: OldDesignator=C14 NewDesignator=C18
Change Component Designator: OldDesignator=C15 NewDesignator=C19
Change Component Designator: OldDesignator=C16 NewDesignator=C20
Change Component Designator: OldDesignator=C17 NewDesignator=C21
Change Component Designator: OldDesignator=C18 NewDesignator=C22
Change Component Designator: OldDesignator=C19 NewDesignator=C23
Change Component Designator: OldDesignator=C20 NewDesignator=C24
Change Component Designator: OldDesignator=C21 NewDesignator=C25
Change Component Designator: OldDesignator=C22 NewDesignator=C26
Change Component Designator: OldDesignator=C23 NewDesignator=C27
Change Component Designator: OldDesignator=C24 NewDesignator=C28
Change Component Designator: OldDesignator=C25 NewDesignator=C29
Change Component Designator: OldDesignator=C26 NewDesignator=C30
Change Component Designator: OldDesignator=C27 NewDesignator=C31
Change Component Designator: OldDesignator=C28 NewDesignator=C32
Change Component Designator: OldDesignator=C29 NewDesignator=C33
Change Component Designator: OldDesignator=C30 NewDesignator=C34
Change Component Designator: OldDesignator=C31 NewDesignator=C35
Change Component Designator: OldDesignator=C32 NewDesignator=C36
Change Component Designator: OldDesignator=C33 NewDesignator=C37
Change Component Designator: OldDesignator=C34 NewDesignator=C38
Change Component Designator: OldDesignator=C35 NewDesignator=C39
Change Component Designator: OldDesignator=C36 NewDesignator=C40
Change Component Designator: OldDesignator=C37 NewDesignator=C41
Change Component Designator: OldDesignator=C38 NewDesignator=C42
Change Component Designator: OldDesignator=C39 NewDesignator=C43
Change Component Designator: OldDesignator=C40 NewDesignator=C44
Change Component Designator: OldDesignator=C41 NewDesignator=C45
Change Component Designator: OldDesignator=C42 NewDesignator=C46
Change Component Designator: OldDesignator=C43 NewDesignator=C47
Change Component Designator: OldDesignator=C44 NewDesignator=C48
Change Component Designator: OldDesignator=C45 NewDesignator=C49
Change Component Designator: OldDesignator=C46 NewDesignator=C50
Change Component Designator: OldDesignator=C47 NewDesignator=C51
Change Component Designator: OldDesignator=C48 NewDesignator=C52
Change Component Designator: OldDesignator=C49 NewDesignator=C53
Change Component Designator: OldDesignator=C50 NewDesignator=C54
Change Component Designator: OldDesignator=C51 NewDesignator=C55
Change Component Designator: OldDesignator=C52 NewDesignator=C56
Change Component Designator: OldDesignator=C53 NewDesignator=C57
Change Component Designator: OldDesignator=C54 NewDesignator=C58
Change Component Designator: OldDesignator=C55 NewDesignator=C59
Change Component Designator: OldDesignator=C56 NewDesignator=C60
Change Component Designator: OldDesignator=C57 NewDesignator=C95
Change Component Designator: OldDesignator=C58 NewDesignator=C96
Change Component Designator: OldDesignator=C59 NewDesignator=C97
Change Component Designator: OldDesignator=C60 NewDesignator=C98
Change Component Designator: OldDesignator=C61 NewDesignator=C99
Change Component Designator: OldDesignator=C62 NewDesignator=C100
Change Component Designator: OldDesignator=C63 NewDesignator=C101
Change Component Designator: OldDesignator=C64 NewDesignator=C102
Change Component Designator: OldDesignator=C65 NewDesignator=C103
Change Component Designator: OldDesignator=C66 NewDesignator=C104
Change Component Designator: OldDesignator=C67 NewDesignator=C110
Change Component Designator: OldDesignator=C68 NewDesignator=C112
Change Component Designator: OldDesignator=C69 NewDesignator=C114
Change Component Designator: OldDesignator=C70 NewDesignator=C111
Change Component Designator: OldDesignator=C71 NewDesignator=C113
Change Component Designator: OldDesignator=C72 NewDesignator=C115
Change Component Designator: OldDesignator=C73 NewDesignator=C118
Change Component Designator: OldDesignator=C74 NewDesignator=C119
Change Component Designator: OldDesignator=C75 NewDesignator=C116
Change Component Designator: OldDesignator=C76 NewDesignator=C123
Change Component Designator: OldDesignator=C77 NewDesignator=C117
Change Component Designator: OldDesignator=C78 NewDesignator=C121
Change Component Designator: OldDesignator=C79 NewDesignator=C127
Change Component Designator: OldDesignator=C80 NewDesignator=C128
Change Component Designator: OldDesignator=C81 NewDesignator=C120
Change Component Designator: OldDesignator=C82 NewDesignator=C122
Change Component Designator: OldDesignator=C83 NewDesignator=C131
Change Component Designator: OldDesignator=C84 NewDesignator=C124
Change Component Designator: OldDesignator=C85 NewDesignator=C125
Change Component Designator: OldDesignator=C86 NewDesignator=C135
Change Component Designator: OldDesignator=C87 NewDesignator=C137
Change Component Designator: OldDesignator=C88 NewDesignator=C126
Change Component Designator: OldDesignator=C89 NewDesignator=C129
Change Component Designator: OldDesignator=C90 NewDesignator=C130
Change Component Designator: OldDesignator=C91 NewDesignator=C134
Change Component Designator: OldDesignator=C92 NewDesignator=C132
Change Component Designator: OldDesignator=C93 NewDesignator=C133
Change Component Designator: OldDesignator=C94 NewDesignator=C136
Change Component Designator: OldDesignator=C95 NewDesignator=C138
Change Component Designator: OldDesignator=C96 NewDesignator=C139
Change Component Designator: OldDesignator=C97 NewDesignator=C140
Change Component Designator: OldDesignator=C98 NewDesignator=C141
Change Component Designator: OldDesignator=C99 NewDesignator=C142
Change Component Designator: OldDesignator=C100 NewDesignator=C143
Change Component Designator: OldDesignator=C101 NewDesignator=C144
Change Component Designator: OldDesignator=C102 NewDesignator=C145
Change Component Designator: OldDesignator=C103 NewDesignator=C146
Change Component Designator: OldDesignator=C104 NewDesignator=C147
Change Component Designator: OldDesignator=C105 NewDesignator=C148
Change Component Designator: OldDesignator=C106 NewDesignator=C153
Change Component Designator: OldDesignator=C107 NewDesignator=C154
Change Component Designator: OldDesignator=C108 NewDesignator=C155
Change Component Designator: OldDesignator=C109 NewDesignator=C156
Change Component Designator: OldDesignator=C110 NewDesignator=C157
Change Component Designator: OldDesignator=C111 NewDesignator=C158
Change Component Designator: OldDesignator=C112 NewDesignator=C149
Change Component Designator: OldDesignator=C113 NewDesignator=C150
Change Component Designator: OldDesignator=C114 NewDesignator=C151
Change Component Designator: OldDesignator=C115 NewDesignator=C152
Change Component Designator: OldDesignator=C116 NewDesignator=C159
Change Component Designator: OldDesignator=C117 NewDesignator=C160
Change Component Designator: OldDesignator=C118 NewDesignator=C161
Change Component Designator: OldDesignator=C119 NewDesignator=C162
Change Component Designator: OldDesignator=C120 NewDesignator=C163
Change Component Designator: OldDesignator=C121 NewDesignator=C164
Change Component Designator: OldDesignator=C122 NewDesignator=C165
Change Component Designator: OldDesignator=C123 NewDesignator=C166
Change Component Designator: OldDesignator=C? NewDesignator=C1
Change Component Designator: OldDesignator=C? NewDesignator=C2
Change Component Designator: OldDesignator=C? NewDesignator=C3
Change Component Designator: OldDesignator=C? NewDesignator=C4
Change Component Designator: OldDesignator=C? NewDesignator=C61
Change Component Designator: OldDesignator=C? NewDesignator=C62
Change Component Designator: OldDesignator=C? NewDesignator=C63
Change Component Designator: OldDesignator=C? NewDesignator=C64
Change Component Designator: OldDesignator=C? NewDesignator=C65
Change Component Designator: OldDesignator=C? NewDesignator=C66
Change Component Designator: OldDesignator=C? NewDesignator=C67
Change Component Designator: OldDesignator=C? NewDesignator=C68
Change Component Designator: OldDesignator=C? NewDesignator=C69
Change Component Designator: OldDesignator=C? NewDesignator=C70
Change Component Designator: OldDesignator=C? NewDesignator=C71
Change Component Designator: OldDesignator=C? NewDesignator=C72
Change Component Designator: OldDesignator=C? NewDesignator=C73
Change Component Designator: OldDesignator=C? NewDesignator=C74
Change Component Designator: OldDesignator=C? NewDesignator=C75
Change Component Designator: OldDesignator=C? NewDesignator=C76
Change Component Designator: OldDesignator=C? NewDesignator=C77
Change Component Designator: OldDesignator=C? NewDesignator=C78
Change Component Designator: OldDesignator=C? NewDesignator=C79
Change Component Designator: OldDesignator=C? NewDesignator=C80
Change Component Designator: OldDesignator=C? NewDesignator=C81
Change Component Designator: OldDesignator=C? NewDesignator=C82
Change Component Designator: OldDesignator=C? NewDesignator=C89
Change Component Designator: OldDesignator=C? NewDesignator=C90
Change Component Designator: OldDesignator=C? NewDesignator=C91
Change Component Designator: OldDesignator=C? NewDesignator=C92
Change Component Designator: OldDesignator=C? NewDesignator=C93
Change Component Designator: OldDesignator=C? NewDesignator=C94
Change Component Designator: OldDesignator=C? NewDesignator=C105
Change Component Designator: OldDesignator=C? NewDesignator=C106
Change Component Designator: OldDesignator=C? NewDesignator=C107
Change Component Designator: OldDesignator=C? NewDesignator=C108
Change Component Designator: OldDesignator=C? NewDesignator=C109
Change Component Designator: OldDesignator=C? NewDesignator=C167
Change Component Designator: OldDesignator=C? NewDesignator=C168
Change Component Designator: OldDesignator=C? NewDesignator=C169
Change Component Designator: OldDesignator=C? NewDesignator=C170
Change Component Designator: OldDesignator=C? NewDesignator=C171
Change Component Designator: OldDesignator=C? NewDesignator=C172
Change Component Designator: OldDesignator=C? NewDesignator=C173
Change Component Designator: OldDesignator=C? NewDesignator=C174
Change Component Designator: OldDesignator=C? NewDesignator=C175
Change Component Designator: OldDesignator=C? NewDesignator=C176
Change Component Designator: OldDesignator=C? NewDesignator=C177
Change Component Designator: OldDesignator=C? NewDesignator=C178
Change Component Designator: OldDesignator=C? NewDesignator=C179
Change Component Designator: OldDesignator=C? NewDesignator=C180
Change Component Designator: OldDesignator=C? NewDesignator=C181
Change Component Designator: OldDesignator=C? NewDesignator=C182
Change Component Designator: OldDesignator=C? NewDesignator=C183
Change Component Designator: OldDesignator=C? NewDesignator=C184
Change Component Designator: OldDesignator=C? NewDesignator=C185
Change Component Designator: OldDesignator=C? NewDesignator=C186
Change Component Designator: OldDesignator=C? NewDesignator=C187
Change Component Designator: OldDesignator=C? NewDesignator=C188
Change Component Designator: OldDesignator=C? NewDesignator=C189
Change Component Designator: OldDesignator=C? NewDesignator=C190
Change Component Designator: OldDesignator=C? NewDesignator=C191
Change Component Designator: OldDesignator=C? NewDesignator=C192
Change Component Designator: OldDesignator=C? NewDesignator=C193
Change Component Designator: OldDesignator=C? NewDesignator=C194
Change Component Designator: OldDesignator=C? NewDesignator=C195
Change Component Designator: OldDesignator=C? NewDesignator=C196
Change Component Designator: OldDesignator=C? NewDesignator=C197
Change Component Designator: OldDesignator=C? NewDesignator=C198
Change Component Designator: OldDesignator=C? NewDesignator=C199
Change Component Designator: OldDesignator=C? NewDesignator=C200
Change Component Designator: OldDesignator=C? NewDesignator=C201
Change Component Designator: OldDesignator=C? NewDesignator=C202
Change Component Designator: OldDesignator=C? NewDesignator=C203
Change Component Designator: OldDesignator=C? NewDesignator=C204
Change Component Designator: OldDesignator=C? NewDesignator=C205
Change Component Designator: OldDesignator=C? NewDesignator=C206
Change Component Designator: OldDesignator=C? NewDesignator=C207
Change Component Designator: OldDesignator=C? NewDesignator=C208
Change Component Designator: OldDesignator=C? NewDesignator=C209
Change Component Designator: OldDesignator=C? NewDesignator=C210
Change Component Designator: OldDesignator=C? NewDesignator=C211
Change Component Designator: OldDesignator=C? NewDesignator=C212
Change Component Designator: OldDesignator=C? NewDesignator=C213
Change Component Designator: OldDesignator=C? NewDesignator=C214
Change Component Designator: OldDesignator=C? NewDesignator=C215
Change Component Designator: OldDesignator=C? NewDesignator=C216
Change Component Designator: OldDesignator=C? NewDesignator=C217
Change Component Designator: OldDesignator=C? NewDesignator=C218
Change Component Designator: OldDesignator=C? NewDesignator=C219
Change Component Designator: OldDesignator=C? NewDesignator=C220
Change Component Designator: OldDesignator=C? NewDesignator=C221
Change Component Designator: OldDesignator=C? NewDesignator=C222
Change Component Designator: OldDesignator=C? NewDesignator=C223
Change Component Designator: OldDesignator=C? NewDesignator=C224
Change Component Designator: OldDesignator=C? NewDesignator=C225
Change Component Designator: OldDesignator=C? NewDesignator=C226
Change Component Designator: OldDesignator=C? NewDesignator=C227
Change Component Designator: OldDesignator=C? NewDesignator=C228
Change Component Designator: OldDesignator=C? NewDesignator=C229
Change Component Designator: OldDesignator=C? NewDesignator=C230
Change Component Designator: OldDesignator=C? NewDesignator=C231
Change Component Designator: OldDesignator=C? NewDesignator=C232
Change Component Designator: OldDesignator=C? NewDesignator=C233
Change Component Designator: OldDesignator=C? NewDesignator=C234
Change Component Designator: OldDesignator=C? NewDesignator=C235
Change Component Designator: OldDesignator=C? NewDesignator=C236
Change Component Designator: OldDesignator=C? NewDesignator=C237
Change Component Designator: OldDesignator=C? NewDesignator=C238
Change Component Designator: OldDesignator=C? NewDesignator=C239
Change Component Designator: OldDesignator=C? NewDesignator=C240
Change Component Designator: OldDesignator=C? NewDesignator=C241
Change Component Designator: OldDesignator=C? NewDesignator=C242
Change Component Designator: OldDesignator=C? NewDesignator=C243
Change Component Designator: OldDesignator=C? NewDesignator=C244
Change Component Designator: OldDesignator=C? NewDesignator=C245
Change Component Designator: OldDesignator=C? NewDesignator=C246
Change Component Designator: OldDesignator=C? NewDesignator=C247
Change Component Designator: OldDesignator=C? NewDesignator=C248
Change Component Designator: OldDesignator=C? NewDesignator=C249
Change Component Designator: OldDesignator=C? NewDesignator=C250
Change Component Designator: OldDesignator=C? NewDesignator=C251
Change Component Designator: OldDesignator=C? NewDesignator=C252
Change Component Designator: OldDesignator=C? NewDesignator=C253
Change Component Designator: OldDesignator=C? NewDesignator=C254
Change Component Designator: OldDesignator=C? NewDesignator=C255
Change Component Designator: OldDesignator=C? NewDesignator=C256
Change Component Designator: OldDesignator=C? NewDesignator=C257
Change Component Designator: OldDesignator=C? NewDesignator=C258
Change Component Designator: OldDesignator=C? NewDesignator=C259
Change Component Designator: OldDesignator=C? NewDesignator=C260
Change Component Designator: OldDesignator=C? NewDesignator=C261
Change Component Designator: OldDesignator=C? NewDesignator=C262
Change Component Designator: OldDesignator=C? NewDesignator=C263
Change Component Designator: OldDesignator=C? NewDesignator=C264
Change Component Designator: OldDesignator=C? NewDesignator=C265
Change Component Designator: OldDesignator=C? NewDesignator=C266
Change Component Designator: OldDesignator=C? NewDesignator=C267
Change Component Designator: OldDesignator=C? NewDesignator=C268
Change Component Designator: OldDesignator=C? NewDesignator=C269
Change Component Designator: OldDesignator=C? NewDesignator=C270
Change Component Designator: OldDesignator=C? NewDesignator=C271
Change Component Designator: OldDesignator=C? NewDesignator=C272
Change Component Designator: OldDesignator=C? NewDesignator=C273
Change Component Designator: OldDesignator=C? NewDesignator=C274
Change Component Designator: OldDesignator=C? NewDesignator=C275
Change Component Designator: OldDesignator=C? NewDesignator=C276
Change Component Designator: OldDesignator=C? NewDesignator=C277
Change Component Designator: OldDesignator=C? NewDesignator=C278
Change Component Designator: OldDesignator=C? NewDesignator=C279
Change Component Designator: OldDesignator=C? NewDesignator=C280
Change Component Designator: OldDesignator=C? NewDesignator=C281
Change Component Designator: OldDesignator=C? NewDesignator=C282
Change Component Designator: OldDesignator=C? NewDesignator=C283
Change Component Designator: OldDesignator=C? NewDesignator=C284
Change Component Designator: OldDesignator=C? NewDesignator=C285
Change Component Designator: OldDesignator=C? NewDesignator=C286
Change Component Designator: OldDesignator=C? NewDesignator=C287
Change Component Designator: OldDesignator=C? NewDesignator=C288
Change Component Designator: OldDesignator=C? NewDesignator=C289
Change Component Designator: OldDesignator=C? NewDesignator=C290
Change Component Designator: OldDesignator=C? NewDesignator=C291
Change Component Designator: OldDesignator=C? NewDesignator=C292
Change Component Designator: OldDesignator=C? NewDesignator=C293
Change Component Designator: OldDesignator=C? NewDesignator=C294
Change Component Designator: OldDesignator=C? NewDesignator=C295
Change Component Designator: OldDesignator=C? NewDesignator=C296
Change Component Designator: OldDesignator=C? NewDesignator=C297
Change Component Designator: OldDesignator=C? NewDesignator=C298
Change Component Designator: OldDesignator=C? NewDesignator=C299
Change Component Designator: OldDesignator=C? NewDesignator=C300
Change Component Designator: OldDesignator=C? NewDesignator=C301
Change Component Designator: OldDesignator=C? NewDesignator=C302
Change Component Designator: OldDesignator=C? NewDesignator=C303
Change Component Designator: OldDesignator=C? NewDesignator=C304
Change Component Designator: OldDesignator=C? NewDesignator=C305
Change Component Designator: OldDesignator=C? NewDesignator=C306
Change Component Designator: OldDesignator=C? NewDesignator=C307
Change Component Designator: OldDesignator=C? NewDesignator=C308
Change Component Designator: OldDesignator=C? NewDesignator=C309
Change Component Designator: OldDesignator=C? NewDesignator=C310
Change Component Designator: OldDesignator=C? NewDesignator=C311
Change Component Designator: OldDesignator=C? NewDesignator=C312
Change Component Designator: OldDesignator=C? NewDesignator=C313
Change Component Designator: OldDesignator=C? NewDesignator=C314
Change Component Designator: OldDesignator=C? NewDesignator=C315
Change Component Designator: OldDesignator=C? NewDesignator=C316
Change Component Designator: OldDesignator=C? NewDesignator=C317
Change Component Designator: OldDesignator=C? NewDesignator=C318
Change Component Designator: OldDesignator=C? NewDesignator=C319
Change Component Designator: OldDesignator=C? NewDesignator=C320
Change Component Designator: OldDesignator=C? NewDesignator=C321
Change Component Designator: OldDesignator=C? NewDesignator=C322
Change Component Designator: OldDesignator=C? NewDesignator=C323
Change Component Designator: OldDesignator=C? NewDesignator=C324
Change Component Designator: OldDesignator=C? NewDesignator=C325
Change Component Designator: OldDesignator=C? NewDesignator=C326
Change Component Designator: OldDesignator=C? NewDesignator=C327
Change Component Designator: OldDesignator=C? NewDesignator=C328
Change Component Designator: OldDesignator=C? NewDesignator=C329
Change Component Designator: OldDesignator=C? NewDesignator=C330
Change Component Designator: OldDesignator=C? NewDesignator=C331
Change Component Designator: OldDesignator=C? NewDesignator=C332
Change Component Designator: OldDesignator=C? NewDesignator=C333
Change Component Designator: OldDesignator=C? NewDesignator=C334
Change Component Designator: OldDesignator=C? NewDesignator=C335
Change Component Designator: OldDesignator=C? NewDesignator=C336
Change Component Designator: OldDesignator=C? NewDesignator=C337
Change Component Designator: OldDesignator=C? NewDesignator=C338
Change Component Designator: OldDesignator=C? NewDesignator=C339
Change Component Designator: OldDesignator=C? NewDesignator=C340
Change Component Designator: OldDesignator=C? NewDesignator=C341
Change Component Designator: OldDesignator=C? NewDesignator=C342
Change Component Designator: OldDesignator=C? NewDesignator=C343
Change Component Designator: OldDesignator=D? NewDesignator=D1
Change Component Designator: OldDesignator=D? NewDesignator=D2
Change Component Designator: OldDesignator=D? NewDesignator=D3
Change Component Designator: OldDesignator=D? NewDesignator=D4
Change Component Designator: OldDesignator=D? NewDesignator=D5
Change Component Designator: OldDesignator=D? NewDesignator=D6
Change Component Designator: OldDesignator=D? NewDesignator=D7
Change Component Designator: OldDesignator=J1 NewDesignator=J2
Change Component Designator: OldDesignator=J2 NewDesignator=J3
Change Component Designator: OldDesignator=J NewDesignator=J21
Change Component Designator: OldDesignator=J? NewDesignator=J1
Change Component Designator: OldDesignator=J? NewDesignator=J4
Change Component Designator: OldDesignator=J? NewDesignator=J5
Change Component Designator: OldDesignator=J? NewDesignator=J7
Change Component Designator: OldDesignator=J? NewDesignator=J8
Change Component Designator: OldDesignator=J? NewDesignator=J9
Change Component Designator: OldDesignator=J? NewDesignator=J11
Change Component Designator: OldDesignator=J? NewDesignator=J12
Change Component Designator: OldDesignator=J? NewDesignator=J13
Change Component Designator: OldDesignator=J? NewDesignator=J14
Change Component Designator: OldDesignator=J? NewDesignator=J15
Change Component Designator: OldDesignator=J? NewDesignator=J16
Change Component Designator: OldDesignator=J? NewDesignator=J17
Change Component Designator: OldDesignator=J? NewDesignator=J18
Change Component Designator: OldDesignator=J? NewDesignator=J19
Change Component Designator: OldDesignator=J? NewDesignator=J20
Change Component Designator: OldDesignator=J? NewDesignator=J22
Change Component Designator: OldDesignator=L1 NewDesignator=L3
Change Component Designator: OldDesignator=L2 NewDesignator=L4
Change Component Designator: OldDesignator=L3 NewDesignator=L5
Change Component Designator: OldDesignator=L4 NewDesignator=L6
Change Component Designator: OldDesignator=L5 NewDesignator=L7
Change Component Designator: OldDesignator=L6 NewDesignator=L8
Change Component Designator: OldDesignator=L7 NewDesignator=L2
Change Component Designator: OldDesignator=L8 NewDesignator=L9
Change Component Designator: OldDesignator=L9 NewDesignator=L10
Change Component Designator: OldDesignator=L10 NewDesignator=L12
Change Component Designator: OldDesignator=L12 NewDesignator=L13
Change Component Designator: OldDesignator=L? NewDesignator=L1
Change Component Designator: OldDesignator=L? NewDesignator=L14
Change Component Designator: OldDesignator=L? NewDesignator=L15
Change Component Designator: OldDesignator=L? NewDesignator=L16
Change Component Designator: OldDesignator=L? NewDesignator=L17
Change Component Designator: OldDesignator=L? NewDesignator=L18
Change Component Designator: OldDesignator=L? NewDesignator=L19
Change Component Designator: OldDesignator=L? NewDesignator=L20
Change Component Designator: OldDesignator=L? NewDesignator=L21
Change Component Designator: OldDesignator=L? NewDesignator=L22
Change Component Designator: OldDesignator=L? NewDesignator=L23
Change Component Designator: OldDesignator=L? NewDesignator=L24
Change Component Designator: OldDesignator=L? NewDesignator=L25
Change Component Designator: OldDesignator=L? NewDesignator=L26
Change Component Designator: OldDesignator=L? NewDesignator=L27
Change Component Designator: OldDesignator=L? NewDesignator=L28
Change Component Designator: OldDesignator=L? NewDesignator=L29
Change Component Designator: OldDesignator=L? NewDesignator=L30
Change Component Designator: OldDesignator=L? NewDesignator=L31
Change Component Designator: OldDesignator=L? NewDesignator=L32
Change Component Designator: OldDesignator=L? NewDesignator=L33
Change Component Designator: OldDesignator=L? NewDesignator=L34
Change Component Designator: OldDesignator=L? NewDesignator=L35
Change Component Designator: OldDesignator=L? NewDesignator=L36
Change Component Designator: OldDesignator=L? NewDesignator=L37
Change Component Designator: OldDesignator=L? NewDesignator=L38
Change Component Designator: OldDesignator=L? NewDesignator=L39
Change Component Designator: OldDesignator=L? NewDesignator=L40
Change Component Designator: OldDesignator=L? NewDesignator=L41
Change Component Designator: OldDesignator=L? NewDesignator=L42
Change Component Designator: OldDesignator=L? NewDesignator=L43
Change Component Designator: OldDesignator=L? NewDesignator=L44
Change Component Designator: OldDesignator=M? NewDesignator=M1
Change Component Designator: OldDesignator=M? NewDesignator=M2
Change Component Designator: OldDesignator=N? NewDesignator=N1
Change Component Designator: OldDesignator=PTP1 NewDesignator=PTP20
Change Component Designator: OldDesignator=PTP2 NewDesignator=PTP21
Change Component Designator: OldDesignator=PTP3 NewDesignator=PTP25
Change Component Designator: OldDesignator=PTP4 NewDesignator=PTP26
Change Component Designator: OldDesignator=PTP5 NewDesignator=PTP29
Change Component Designator: OldDesignator=PTP6 NewDesignator=PTP30
Change Component Designator: OldDesignator=PTP7 NewDesignator=PTP31
Change Component Designator: OldDesignator=PTP8 NewDesignator=PTP32
Change Component Designator: OldDesignator=PTP9 NewDesignator=PTP34
Change Component Designator: OldDesignator=PTP10 NewDesignator=PTP33
Change Component Designator: OldDesignator=PTP11 NewDesignator=PTP35
Change Component Designator: OldDesignator=PTP12 NewDesignator=PTP36
Change Component Designator: OldDesignator=PTP13 NewDesignator=PTP37
Change Component Designator: OldDesignator=PTP14 NewDesignator=PTP38
Change Component Designator: OldDesignator=PTP15 NewDesignator=PTP39
Change Component Designator: OldDesignator=PTP16 NewDesignator=PTP40
Change Component Designator: OldDesignator=PTP17 NewDesignator=PTP41
Change Component Designator: OldDesignator=PTP18 NewDesignator=PTP42
Change Component Designator: OldDesignator=PTP19 NewDesignator=PTP43
Change Component Designator: OldDesignator=PTP22 NewDesignator=PTP27
Change Component Designator: OldDesignator=PTP23 NewDesignator=PTP28
Change Component Designator: OldDesignator=PTP24 NewDesignator=PTP46
Change Component Designator: OldDesignator=PTP25 NewDesignator=PTP49
Change Component Designator: OldDesignator=PTP26 NewDesignator=PTP47
Change Component Designator: OldDesignator=PTP27 NewDesignator=PTP51
Change Component Designator: OldDesignator=PTP28 NewDesignator=PTP48
Change Component Designator: OldDesignator=PTP29 NewDesignator=PTP52
Change Component Designator: OldDesignator=PTP30 NewDesignator=PTP50
Change Component Designator: OldDesignator=PTP31 NewDesignator=PTP53
Change Component Designator: OldDesignator=PTP32 NewDesignator=PTP54
Change Component Designator: OldDesignator=PTP33 NewDesignator=PTP55
Change Component Designator: OldDesignator=PTP34 NewDesignator=PTP56
Change Component Designator: OldDesignator=PTP35 NewDesignator=PTP57
Change Component Designator: OldDesignator=PTP36 NewDesignator=PTP61
Change Component Designator: OldDesignator=PTP? NewDesignator=PTP1
Change Component Designator: OldDesignator=PTP? NewDesignator=PTP2
Change Component Designator: OldDesignator=PTP? NewDesignator=PTP3
Change Component Designator: OldDesignator=PTP? NewDesignator=PTP4
Change Component Designator: OldDesignator=PTP? NewDesignator=PTP5
Change Component Designator: OldDesignator=PTP? NewDesignator=PTP6
Change Component Designator: OldDesignator=PTP? NewDesignator=PTP7
Change Component Designator: OldDesignator=PTP? NewDesignator=PTP8
Change Component Designator: OldDesignator=PTP? NewDesignator=PTP9
Change Component Designator: OldDesignator=PTP? NewDesignator=PTP10
Change Component Designator: OldDesignator=PTP? NewDesignator=PTP11
Change Component Designator: OldDesignator=PTP? NewDesignator=PTP14
Change Component Designator: OldDesignator=PTP? NewDesignator=PTP15
Change Component Designator: OldDesignator=PTP? NewDesignator=PTP16
Change Component Designator: OldDesignator=PTP? NewDesignator=PTP17
Change Component Designator: OldDesignator=PTP? NewDesignator=PTP18
Change Component Designator: OldDesignator=PTP? NewDesignator=PTP19
Change Component Designator: OldDesignator=PTP? NewDesignator=PTP22
Change Component Designator: OldDesignator=PTP? NewDesignator=PTP23
Change Component Designator: OldDesignator=PTP? NewDesignator=PTP24
Change Component Designator: OldDesignator=PTP? NewDesignator=PTP58
Change Component Designator: OldDesignator=PTP? NewDesignator=PTP59
Change Component Designator: OldDesignator=PTP? NewDesignator=PTP60
Change Component Designator: OldDesignator=PTP? NewDesignator=PTP62
Change Component Designator: OldDesignator=PTP? NewDesignator=PTP63
Change Component Designator: OldDesignator=PTP? NewDesignator=PTP64
Change Component Designator: OldDesignator=PTP? NewDesignator=PTP65
Change Component Designator: OldDesignator=PTP? NewDesignator=PTP66
Change Component Designator: OldDesignator=PTP? NewDesignator=PTP67
Change Component Designator: OldDesignator=PTP? NewDesignator=PTP68
Change Component Designator: OldDesignator=PTP? NewDesignator=PTP69
Change Component Designator: OldDesignator=PTP? NewDesignator=PTP70
Change Component Designator: OldDesignator=PTP? NewDesignator=PTP71
Change Component Designator: OldDesignator=PTP? NewDesignator=PTP72
Change Component Designator: OldDesignator=PTP? NewDesignator=PTP73
Change Component Designator: OldDesignator=PTP? NewDesignator=PTP74
Change Component Designator: OldDesignator=PTP? NewDesignator=PTP75
Change Component Designator: OldDesignator=PTP? NewDesignator=PTP76
Change Component Designator: OldDesignator=PTP? NewDesignator=PTP77
Change Component Designator: OldDesignator=PTP? NewDesignator=PTP78
Change Component Designator: OldDesignator=PTP? NewDesignator=PTP79
Change Component Designator: OldDesignator=PTP? NewDesignator=PTP80
Change Component Designator: OldDesignator=PTP? NewDesignator=PTP81
Change Component Designator: OldDesignator=PTP? NewDesignator=PTP82
Change Component Designator: OldDesignator=PTP? NewDesignator=PTP83
Change Component Designator: OldDesignator=PTP? NewDesignator=PTP84
Change Component Designator: OldDesignator=PTP? NewDesignator=PTP85
Change Component Designator: OldDesignator=PTP? NewDesignator=PTP86
Change Component Designator: OldDesignator=PTP? NewDesignator=PTP89
Change Component Designator: OldDesignator=PTP? NewDesignator=PTP91
Change Component Designator: OldDesignator=PTP? NewDesignator=PTP92
Change Component Designator: OldDesignator=PTP? NewDesignator=PTP93
Change Component Designator: OldDesignator=PTP? NewDesignator=PTP94
Change Component Designator: OldDesignator=PTP? NewDesignator=PTP95
Change Component Designator: OldDesignator=PTP? NewDesignator=PTP96
Change Component Designator: OldDesignator=PTP? NewDesignator=PTP97
Change Component Designator: OldDesignator=PTP? NewDesignator=PTP98
Change Component Designator: OldDesignator=PTP? NewDesignator=PTP99
Change Component Designator: OldDesignator=PTP? NewDesignator=PTP100
Change Component Designator: OldDesignator=PTP? NewDesignator=PTP101
Change Component Designator: OldDesignator=PTP? NewDesignator=PTP102
Change Component Designator: OldDesignator=PTP? NewDesignator=PTP103
Change Component Designator: OldDesignator=PTP? NewDesignator=PTP104
Change Component Designator: OldDesignator=PTP? NewDesignator=PTP106
Change Component Designator: OldDesignator=PTP? NewDesignator=PTP107
Change Component Designator: OldDesignator=PTP? NewDesignator=PTP108
Change Component Designator: OldDesignator=PTP? NewDesignator=PTP109
Change Component Designator: OldDesignator=PTP? NewDesignator=PTP110
Change Component Designator: OldDesignator=PTP? NewDesignator=PTP111
Change Component Designator: OldDesignator=PTP? NewDesignator=PTP112
Change Component Designator: OldDesignator=PTP? NewDesignator=PTP113
Change Component Designator: OldDesignator=PTP? NewDesignator=PTP114
Change Component Designator: OldDesignator=PTP? NewDesignator=PTP115
Change Component Designator: OldDesignator=PTP? NewDesignator=PTP116
Change Component Designator: OldDesignator=Q? NewDesignator=Q1
Change Component Designator: OldDesignator=Q? NewDesignator=Q2
Change Component Designator: OldDesignator=Q? NewDesignator=Q3
Change Component Designator: OldDesignator=QZ1 NewDesignator=QZ2
Change Component Designator: OldDesignator=QZ? NewDesignator=QZ1
Change Component Designator: OldDesignator=R1 NewDesignator=R27
Change Component Designator: OldDesignator=R2 NewDesignator=R28
Change Component Designator: OldDesignator=R3 NewDesignator=R41
Change Component Designator: OldDesignator=R4 NewDesignator=R42
Change Component Designator: OldDesignator=R5 NewDesignator=R43
Change Component Designator: OldDesignator=R6 NewDesignator=R44
Change Component Designator: OldDesignator=R7 NewDesignator=R45
Change Component Designator: OldDesignator=R8 NewDesignator=R46
Change Component Designator: OldDesignator=R9 NewDesignator=R47
Change Component Designator: OldDesignator=R10 NewDesignator=R48
Change Component Designator: OldDesignator=R11 NewDesignator=R49
Change Component Designator: OldDesignator=R12 NewDesignator=R50
Change Component Designator: OldDesignator=R13 NewDesignator=R51
Change Component Designator: OldDesignator=R14 NewDesignator=R52
Change Component Designator: OldDesignator=R15 NewDesignator=R53
Change Component Designator: OldDesignator=R16 NewDesignator=R54
Change Component Designator: OldDesignator=R17 NewDesignator=R55
Change Component Designator: OldDesignator=R18 NewDesignator=R56
Change Component Designator: OldDesignator=R? NewDesignator=R1
Change Component Designator: OldDesignator=R? NewDesignator=R2
Change Component Designator: OldDesignator=R? NewDesignator=R3
Change Component Designator: OldDesignator=R? NewDesignator=R4
Change Component Designator: OldDesignator=R? NewDesignator=R5
Change Component Designator: OldDesignator=R? NewDesignator=R6
Change Component Designator: OldDesignator=R? NewDesignator=R7
Change Component Designator: OldDesignator=R? NewDesignator=R8
Change Component Designator: OldDesignator=R? NewDesignator=R9
Change Component Designator: OldDesignator=R? NewDesignator=R10
Change Component Designator: OldDesignator=R? NewDesignator=R11
Change Component Designator: OldDesignator=R? NewDesignator=R12
Change Component Designator: OldDesignator=R? NewDesignator=R16
Change Component Designator: OldDesignator=R? NewDesignator=R17
Change Component Designator: OldDesignator=R? NewDesignator=R19
Change Component Designator: OldDesignator=R? NewDesignator=R21
Change Component Designator: OldDesignator=R? NewDesignator=R22
Change Component Designator: OldDesignator=R? NewDesignator=R23
Change Component Designator: OldDesignator=R? NewDesignator=R24
Change Component Designator: OldDesignator=R? NewDesignator=R25
Change Component Designator: OldDesignator=R? NewDesignator=R26
Change Component Designator: OldDesignator=R? NewDesignator=R29
Change Component Designator: OldDesignator=R? NewDesignator=R30
Change Component Designator: OldDesignator=R? NewDesignator=R31
Change Component Designator: OldDesignator=R? NewDesignator=R32
Change Component Designator: OldDesignator=R? NewDesignator=R33
Change Component Designator: OldDesignator=R? NewDesignator=R34
Change Component Designator: OldDesignator=R? NewDesignator=R35
Change Component Designator: OldDesignator=R? NewDesignator=R37
Change Component Designator: OldDesignator=R? NewDesignator=R38
Change Component Designator: OldDesignator=R? NewDesignator=R39
Change Component Designator: OldDesignator=R? NewDesignator=R40
Change Component Designator: OldDesignator=R? NewDesignator=R57
Change Component Designator: OldDesignator=R? NewDesignator=R58
Change Component Designator: OldDesignator=R? NewDesignator=R59
Change Component Designator: OldDesignator=R? NewDesignator=R60
Change Component Designator: OldDesignator=R? NewDesignator=R61
Change Component Designator: OldDesignator=R? NewDesignator=R62
Change Component Designator: OldDesignator=R? NewDesignator=R63
Change Component Designator: OldDesignator=R? NewDesignator=R64
Change Component Designator: OldDesignator=R? NewDesignator=R65
Change Component Designator: OldDesignator=R? NewDesignator=R66
Change Component Designator: OldDesignator=R? NewDesignator=R67
Change Component Designator: OldDesignator=R? NewDesignator=R68
Change Component Designator: OldDesignator=R? NewDesignator=R69
Change Component Designator: OldDesignator=R? NewDesignator=R70
Change Component Designator: OldDesignator=R? NewDesignator=R71
Change Component Designator: OldDesignator=R? NewDesignator=R72
Change Component Designator: OldDesignator=R? NewDesignator=R73
Change Component Designator: OldDesignator=R? NewDesignator=R74
Change Component Designator: OldDesignator=R? NewDesignator=R75
Change Component Designator: OldDesignator=R? NewDesignator=R76
Change Component Designator: OldDesignator=R? NewDesignator=R77
Change Component Designator: OldDesignator=R? NewDesignator=R78
Change Component Designator: OldDesignator=R? NewDesignator=R79
Change Component Designator: OldDesignator=R? NewDesignator=R80
Change Component Designator: OldDesignator=R? NewDesignator=R81
Change Component Designator: OldDesignator=R? NewDesignator=R82
Change Component Designator: OldDesignator=R? NewDesignator=R83
Change Component Designator: OldDesignator=R? NewDesignator=R84
Change Component Designator: OldDesignator=R? NewDesignator=R85
Change Component Designator: OldDesignator=R? NewDesignator=R86
Change Component Designator: OldDesignator=R? NewDesignator=R91
Change Component Designator: OldDesignator=R? NewDesignator=R92
Change Component Designator: OldDesignator=R? NewDesignator=R93
Change Component Designator: OldDesignator=R? NewDesignator=R94
Change Component Designator: OldDesignator=R? NewDesignator=R95
Change Component Designator: OldDesignator=R? NewDesignator=R96
Change Component Designator: OldDesignator=R? NewDesignator=R97
Change Component Designator: OldDesignator=R? NewDesignator=R98
Change Component Designator: OldDesignator=R? NewDesignator=R99
Change Component Designator: OldDesignator=R? NewDesignator=R100
Change Component Designator: OldDesignator=R? NewDesignator=R101
Change Component Designator: OldDesignator=R? NewDesignator=R102
Change Component Designator: OldDesignator=R? NewDesignator=R103
Change Component Designator: OldDesignator=R? NewDesignator=R104
Change Component Designator: OldDesignator=R? NewDesignator=R105
Change Component Designator: OldDesignator=R? NewDesignator=R106
Change Component Designator: OldDesignator=R? NewDesignator=R107
Change Component Designator: OldDesignator=R? NewDesignator=R108
Change Component Designator: OldDesignator=R? NewDesignator=R109
Change Component Designator: OldDesignator=R? NewDesignator=R110
Change Component Designator: OldDesignator=R? NewDesignator=R111
Change Component Designator: OldDesignator=R? NewDesignator=R112
Change Component Designator: OldDesignator=R? NewDesignator=R113
Change Component Designator: OldDesignator=R? NewDesignator=R114
Change Component Designator: OldDesignator=R? NewDesignator=R115
Change Component Designator: OldDesignator=R? NewDesignator=R116
Change Component Designator: OldDesignator=R? NewDesignator=R117
Change Component Designator: OldDesignator=R? NewDesignator=R118
Change Component Designator: OldDesignator=R? NewDesignator=R119
Change Component Designator: OldDesignator=R? NewDesignator=R120
Change Component Designator: OldDesignator=R? NewDesignator=R121
Change Component Designator: OldDesignator=R? NewDesignator=R122
Change Component Designator: OldDesignator=R? NewDesignator=R123
Change Component Designator: OldDesignator=R? NewDesignator=R124
Change Component Designator: OldDesignator=R? NewDesignator=R125
Change Component Designator: OldDesignator=R? NewDesignator=R126
Change Component Designator: OldDesignator=R? NewDesignator=R127
Change Component Designator: OldDesignator=R? NewDesignator=R128
Change Component Designator: OldDesignator=R? NewDesignator=R129
Change Component Designator: OldDesignator=R? NewDesignator=R130
Change Component Designator: OldDesignator=R? NewDesignator=R131
Change Component Designator: OldDesignator=R? NewDesignator=R132
Change Component Designator: OldDesignator=R? NewDesignator=R133
Change Component Designator: OldDesignator=R? NewDesignator=R134
Change Component Designator: OldDesignator=R? NewDesignator=R135
Change Component Designator: OldDesignator=R? NewDesignator=R136
Change Component Designator: OldDesignator=R? NewDesignator=R137
Change Component Designator: OldDesignator=R? NewDesignator=R139
Change Component Designator: OldDesignator=R? NewDesignator=R140
Change Component Designator: OldDesignator=R? NewDesignator=R142
Change Component Designator: OldDesignator=R? NewDesignator=R143
Change Component Designator: OldDesignator=R? NewDesignator=R144
Change Component Designator: OldDesignator=S? NewDesignator=S1
Change Component Designator: OldDesignator=T? NewDesignator=T1
Change Component Designator: OldDesignator=T? NewDesignator=T2
Change Component Designator: OldDesignator=T? NewDesignator=T3
Change Component Designator: OldDesignator=T? NewDesignator=T4
Change Component Designator: OldDesignator=T? NewDesignator=T5
Change Component Designator: OldDesignator=T? NewDesignator=T6
Change Component Designator: OldDesignator=T? NewDesignator=T7
Change Component Designator: OldDesignator=T? NewDesignator=T8
Change Component Designator: OldDesignator=T? NewDesignator=T9
Change Component Designator: OldDesignator=T? NewDesignator=T10
Change Component Designator: OldDesignator=T? NewDesignator=T11
Change Component Designator: OldDesignator=T? NewDesignator=T12
Change Component Designator: OldDesignator=T? NewDesignator=T13
Change Component Designator: OldDesignator=T? NewDesignator=T14
Change Component Designator: OldDesignator=T? NewDesignator=T15
Change Component Designator: OldDesignator=T? NewDesignator=T16
Change Component Designator: OldDesignator=T? NewDesignator=T17
Change Component Designator: OldDesignator=T? NewDesignator=T18
Change Component Designator: OldDesignator=T? NewDesignator=T19
Change Component Designator: OldDesignator=T? NewDesignator=T20
Change Component Designator: OldDesignator=T? NewDesignator=T21
Change Component Designator: OldDesignator=T? NewDesignator=T22
Change Component Designator: OldDesignator=T? NewDesignator=T23
Change Component Designator: OldDesignator=U2 NewDesignator=U4
Change Component Designator: OldDesignator=U3 NewDesignator=U6
Change Component Designator: OldDesignator=U4 NewDesignator=U7
Change Component Designator: OldDesignator=U? NewDesignator=U2
Change Component Designator: OldDesignator=U? NewDesignator=U3
Change Component Designator: OldDesignator=U? NewDesignator=U8
Change Component Designator: OldDesignator=U? NewDesignator=U9
Change Component Designator: OldDesignator=U? NewDesignator=U10
Change Component Designator: OldDesignator=U? NewDesignator=U11
Change Component Designator: OldDesignator=U? NewDesignator=U13
Change Component Designator: OldDesignator=U? NewDesignator=U16
Change Component Designator: OldDesignator=U? NewDesignator=U18
Change Component Designator: OldDesignator=U? NewDesignator=U19
Change Component Designator: OldDesignator=U? NewDesignator=U21
Change Component Designator: OldDesignator=U? NewDesignator=U22
Change Component Designator: OldDesignator=U? NewDesignator=U23
Change Component Designator: OldDesignator=U? NewDesignator=U24
Change Component Designator: OldDesignator=X? NewDesignator=X1
Change Component Designator: OldDesignator=X? NewDesignator=X2
Change Component Designator: OldDesignator=X? NewDesignator=X3
Change Component Designator: OldDesignator=Y? NewDesignator=Y1
Change Component Designator: OldDesignator=Y? NewDesignator=Y2
Change Component Designator: OldDesignator=Y? NewDesignator=Y3
Change Component Designator: OldDesignator=Y? NewDesignator=Y4
Change Component Designator: OldDesignator=Y? NewDesignator=Y5
Change Component Designator: OldDesignator=Y? NewDesignator=Y6
Add component: Footprint Not Found CAP_0201_UN1Q
Add component: Footprint Not Found CAP_0201_UN1Q
Add component: Footprint Not Found CAP_0201_UN1Q
Add component: Footprint Not Found CAP_0201_UN1Q
Add component: Footprint Not Found CAP_0201_UN1Q
Add component: Footprint Not Found CAP_0201_UN1Q
Added Component: Designator=CR1(SMADO-214AC_MCC)
Add component (AddParameter): Name = "Copyright"; Value = "Copyright (C) 2025 Ultra Librarian. All rights reserved."; VariantName = "[No Variations]"
Add component (AddParameter): Name = "Manufacturer_Name"; Value = "MCC"; VariantName = "[No Variations]"
Add component (AddParameter): Name = "Manufacturer_Part_Number"; Value = "SK34A-LTP"; VariantName = "[No Variations]"
Add component (AddParameter): Name = "RefDes"; Value = ""; VariantName = "[No Variations]"
Add component (AddParameter): Name = "Type"; Value = "Diodes - Rectifiers, Single"; VariantName = "[No Variations]"
Added Component: Designator=F1(FUSE_0ZCF0075AF2C)
Add component (AddParameter): Name = "Check_prices"; Value = "https://www.snapeda.com/parts/0ZCF0200AF2C/Bel+Fuse+Inc./view-part/?ref=eda"; VariantName = "[No Variations]"
Add component (AddParameter): Name = "Digi-Key_Part_Number"; Value = "507-1749-2-ND"; VariantName = "[No Variations]"
Add component (AddParameter): Name = "MF"; Value = "Bel Fuse"; VariantName = "[No Variations]"
Add component (AddParameter): Name = "MP"; Value = "0ZCF0200AF2C"; VariantName = "[No Variations]"
Add component (AddParameter): Name = "Package"; Value = "2920 Bel Fuse"; VariantName = "[No Variations]"
Add component (AddParameter): Name = "Purchase-URL"; Value = "https://pricing.snapeda.com/search/part/0ZCF0200AF2C/?ref=eda"; VariantName = "[No Variations]"
Add component (AddParameter): Name = "SnapEDA_Link"; Value = "https://www.snapeda.com/parts/0ZCF0200AF2C/Bel+Fuse+Inc./view-part/?ref=snap"; VariantName = "[No Variations]"
Add component (AddParameter): Name = "Value"; Value = ""; VariantName = "[No Variations]"
Added Component: Designator=J6(CUI_PJ-002AH-SMT-TR)
Add component (AddParameter): Name = "Check_prices"; Value = "https://www.snapeda.com/parts/PJ-002AH-SMT-TR/Same+Sky/view-part/?ref=eda"; VariantName = "[No Variations]"
Add component (AddParameter): Name = "MF"; Value = "Same Sky"; VariantName = "[No Variations]"
Add component (AddParameter): Name = "Package"; Value = "None"; VariantName = "[No Variations]"
Add component (AddParameter): Name = "part number"; Value = "PJ-002AH-SMT-TR"; VariantName = "[No Variations]"
Add component (AddParameter): Name = "SnapEDA_Link"; Value = "https://www.snapeda.com/parts/PJ-002AH-SMT-TR/Same+Sky/view-part/?ref=snap"; VariantName = "[No Variations]"
Add component (AddParameter): Name = "Value"; Value = ""; VariantName = "[No Variations]"
Add component: Footprint Not Found TP_1mm_UN1Q
Add component: Footprint Not Found PTP_0.4mm
Add component: Footprint Not Found PTP_0.4mm
Add component: Footprint Not Found PTP_0.4mm
Add component: Footprint Not Found PTP_0.4mm
Added Component: Designator=PTP87(PTP_0.4mm)
Add component (AddParameter): Name = "Alternative component"; Value = ""; VariantName = "[No Variations]"
Add component (AddParameter): Name = "ClassName"; Value = "SMALL"; VariantName = "[No Variations]"
Add component (AddParameter): Name = "Component Type"; Value = "Test Point"; VariantName = "[No Variations]"
Add component (AddParameter): Name = "ComponentLink1Description"; Value = "1_Datasheet"; VariantName = "[No Variations]"
Add component (AddParameter): Name = "ComponentLink1URL"; Value = ""; VariantName = "[No Variations]"
Add component (AddParameter): Name = "ComponentLink2Description"; Value = "2_Product page"; VariantName = "[No Variations]"
Add component (AddParameter): Name = "ComponentLink2URL"; Value = ""; VariantName = "[No Variations]"
Add component (AddParameter): Name = "ComponentLink3Description"; Value = "3_X-information"; VariantName = "[No Variations]"
Add component (AddParameter): Name = "ComponentLink3URL"; Value = ""; VariantName = "[No Variations]"
Add component (AddParameter): Name = "ComponentLink4Description"; Value = "4_X-information"; VariantName = "[No Variations]"
Add component (AddParameter): Name = "ComponentLink4URL"; Value = ""; VariantName = "[No Variations]"
Add component (AddParameter): Name = "Creation date"; Value = "20240909"; VariantName = "[No Variations]"
Add component (AddParameter): Name = "Design Item ID"; Value = "PTP_0.4mm"; VariantName = "[No Variations]"
Add component (AddParameter): Name = "Dimensions WxLxH"; Value = ""; VariantName = "[No Variations]"
Add component (AddParameter): Name = "HasBeenBuilt"; Value = "-"; VariantName = "[No Variations]"
Add component (AddParameter): Name = "Manufacturer"; Value = ""; VariantName = "[No Variations]"
Add component (AddParameter): Name = "Operating temperature range"; Value = ""; VariantName = "[No Variations]"
Add component (AddParameter): Name = "Package"; Value = ""; VariantName = "[No Variations]"
Add component (AddParameter): Name = "Part Number"; Value = "PTP 0.4mm"; VariantName = "[No Variations]"
Add component (AddParameter): Name = "Remark"; Value = ""; VariantName = "[No Variations]"
Add component (AddParameter): Name = "Sort order"; Value = "-"; VariantName = "[No Variations]"
Add component (AddParameter): Name = "Source"; Value = ""; VariantName = "[No Variations]"
Add component (AddParameter): Name = "System"; Value = "Test Point"; VariantName = "[No Variations]"
Added Component: Designator=PTP88(PTP_0.4mm)
Add component (AddParameter): Name = "Alternative component"; Value = ""; VariantName = "[No Variations]"
Add component (AddParameter): Name = "ClassName"; Value = "SMALL"; VariantName = "[No Variations]"
Add component (AddParameter): Name = "Component Type"; Value = "Test Point"; VariantName = "[No Variations]"
Add component (AddParameter): Name = "ComponentLink1Description"; Value = "1_Datasheet"; VariantName = "[No Variations]"
Add component (AddParameter): Name = "ComponentLink1URL"; Value = ""; VariantName = "[No Variations]"
Add component (AddParameter): Name = "ComponentLink2Description"; Value = "2_Product page"; VariantName = "[No Variations]"
Add component (AddParameter): Name = "ComponentLink2URL"; Value = ""; VariantName = "[No Variations]"
Add component (AddParameter): Name = "ComponentLink3Description"; Value = "3_X-information"; VariantName = "[No Variations]"
Add component (AddParameter): Name = "ComponentLink3URL"; Value = ""; VariantName = "[No Variations]"
Add component (AddParameter): Name = "ComponentLink4Description"; Value = "4_X-information"; VariantName = "[No Variations]"
Add component (AddParameter): Name = "ComponentLink4URL"; Value = ""; VariantName = "[No Variations]"
Add component (AddParameter): Name = "Creation date"; Value = "20240909"; VariantName = "[No Variations]"
Add component (AddParameter): Name = "Design Item ID"; Value = "PTP_0.4mm"; VariantName = "[No Variations]"
Add component (AddParameter): Name = "Dimensions WxLxH"; Value = ""; VariantName = "[No Variations]"
Add component (AddParameter): Name = "HasBeenBuilt"; Value = "-"; VariantName = "[No Variations]"
Add component (AddParameter): Name = "Manufacturer"; Value = ""; VariantName = "[No Variations]"
Add component (AddParameter): Name = "Operating temperature range"; Value = ""; VariantName = "[No Variations]"
Add component (AddParameter): Name = "Package"; Value = ""; VariantName = "[No Variations]"
Add component (AddParameter): Name = "Part Number"; Value = "PTP 0.4mm"; VariantName = "[No Variations]"
Add component (AddParameter): Name = "Remark"; Value = ""; VariantName = "[No Variations]"
Add component (AddParameter): Name = "Sort order"; Value = "-"; VariantName = "[No Variations]"
Add component (AddParameter): Name = "Source"; Value = ""; VariantName = "[No Variations]"
Add component (AddParameter): Name = "System"; Value = "Test Point"; VariantName = "[No Variations]"
Add component: Footprint Not Found PTP_0.4mm
Add component: Footprint Not Found PTP_0.4mm
Add component: Footprint Not Found RES_0201_UN1Q
Add component: Footprint Not Found RES_0201_UN1Q
Add component: Footprint Not Found RES_0201_UN1Q
Add component: Footprint Not Found RES_0201_UN1Q
Add component: Footprint Not Found RES_0201_UN1Q
Added Component: Designator=R36(RES_0201_UN1Q)
Add component (AddParameter): Name = "Alternative component"; Value = "Allowed"; VariantName = "[No Variations]"
Add component (AddParameter): Name = "ClassName"; Value = "SMALL"; VariantName = "[No Variations]"
Add component (AddParameter): Name = "Component Type"; Value = "Resistor"; VariantName = "[No Variations]"
Add component (AddParameter): Name = "ComponentLink1Description"; Value = "1_Datasheet"; VariantName = "[No Variations]"
Add component (AddParameter): Name = "ComponentLink1URL"; Value = ""; VariantName = "[No Variations]"
Add component (AddParameter): Name = "ComponentLink2Description"; Value = "2_Product page"; VariantName = "[No Variations]"
Add component (AddParameter): Name = "ComponentLink2URL"; Value = ""; VariantName = "[No Variations]"
Add component (AddParameter): Name = "ComponentLink3Description"; Value = "3_X-information"; VariantName = "[No Variations]"
Add component (AddParameter): Name = "ComponentLink3URL"; Value = ""; VariantName = "[No Variations]"
Add component (AddParameter): Name = "ComponentLink4Description"; Value = "4_X-information"; VariantName = "[No Variations]"
Add component (AddParameter): Name = "ComponentLink4URL"; Value = ""; VariantName = "[No Variations]"
Add component (AddParameter): Name = "Creation date"; Value = "20190101"; VariantName = "[No Variations]"
Add component (AddParameter): Name = "Dimensions WxLxH"; Value = ""; VariantName = "[No Variations]"
Add component (AddParameter): Name = "ECCN"; Value = ""; VariantName = "[No Variations]"
Add component (AddParameter): Name = "HasBeenBuilt"; Value = "TBD"; VariantName = "[No Variations]"
Add component (AddParameter): Name = "Manufacturer"; Value = "YAGEO"; VariantName = "[No Variations]"
Add component (AddParameter): Name = "Manufacturer Part Number"; Value = "RC0201JR-070RL"; VariantName = "[No Variations]"
Add component (AddParameter): Name = "Operating temperature range"; Value = ""; VariantName = "[No Variations]"
Add component (AddParameter): Name = "Package"; Value = "0201"; VariantName = "[No Variations]"
Add component (AddParameter): Name = "Part Number"; Value = "RC0201JR-070RL"; VariantName = "[No Variations]"
Add component (AddParameter): Name = "Power Rating"; Value = "1/20W"; VariantName = "[No Variations]"
Add component (AddParameter): Name = "Remark"; Value = ""; VariantName = "[No Variations]"
Add component (AddParameter): Name = "RoHS"; Value = ""; VariantName = "[No Variations]"
Add component (AddParameter): Name = "Sort order"; Value = "322"; VariantName = "[No Variations]"
Add component (AddParameter): Name = "Source"; Value = "RLC_UN1Q.SchLib"; VariantName = "[No Variations]"
Add component (AddParameter): Name = "System"; Value = "RLC"; VariantName = "[No Variations]"
Add component (AddParameter): Name = "Temperature characteristics"; Value = ""; VariantName = "[No Variations]"
Add component (AddParameter): Name = "Tolerance"; Value = "5%"; VariantName = "[No Variations]"
Add component (AddParameter): Name = "Value"; Value = "0R"; VariantName = "[No Variations]"
Add component (AddParameter): Name = "Voltage"; Value = ""; VariantName = "[No Variations]"
Added Component: Designator=R87(RES_0201_UN1Q)
Add component (AddParameter): Name = "Alternative component"; Value = "Allowed"; VariantName = "[No Variations]"
Add component (AddParameter): Name = "ClassName"; Value = "SMALL"; VariantName = "[No Variations]"
Add component (AddParameter): Name = "Component Type"; Value = "Resistor"; VariantName = "[No Variations]"
Add component (AddParameter): Name = "ComponentLink1Description"; Value = "1_Datasheet"; VariantName = "[No Variations]"
Add component (AddParameter): Name = "ComponentLink1URL"; Value = ""; VariantName = "[No Variations]"
Add component (AddParameter): Name = "ComponentLink2Description"; Value = "2_Product page"; VariantName = "[No Variations]"
Add component (AddParameter): Name = "ComponentLink2URL"; Value = ""; VariantName = "[No Variations]"
Add component (AddParameter): Name = "ComponentLink3Description"; Value = "3_X-information"; VariantName = "[No Variations]"
Add component (AddParameter): Name = "ComponentLink3URL"; Value = ""; VariantName = "[No Variations]"
Add component (AddParameter): Name = "ComponentLink4Description"; Value = "4_X-information"; VariantName = "[No Variations]"
Add component (AddParameter): Name = "ComponentLink4URL"; Value = ""; VariantName = "[No Variations]"
Add component (AddParameter): Name = "Creation date"; Value = "20250117"; VariantName = "[No Variations]"
Add component (AddParameter): Name = "Dimensions WxLxH"; Value = ""; VariantName = "[No Variations]"
Add component (AddParameter): Name = "ECCN"; Value = ""; VariantName = "[No Variations]"
Add component (AddParameter): Name = "HasBeenBuilt"; Value = "TBD"; VariantName = "[No Variations]"
Add component (AddParameter): Name = "Manufacturer"; Value = "YAGEO"; VariantName = "[No Variations]"
Add component (AddParameter): Name = "Operating temperature range"; Value = ""; VariantName = "[No Variations]"
Add component (AddParameter): Name = "Package"; Value = "0201"; VariantName = "[No Variations]"
Add component (AddParameter): Name = "Part Number"; Value = "RC0201FR-072K26L"; VariantName = "[No Variations]"
Add component (AddParameter): Name = "Power Rating"; Value = "1/20W"; VariantName = "[No Variations]"
Add component (AddParameter): Name = "Remark"; Value = ""; VariantName = "[No Variations]"
Add component (AddParameter): Name = "RoHS"; Value = ""; VariantName = "[No Variations]"
Add component (AddParameter): Name = "Rule"; Value = ""; VariantName = "[No Variations]"
Add component (AddParameter): Name = "Sort order"; Value = "322"; VariantName = "[No Variations]"
Add component (AddParameter): Name = "Source"; Value = "RLC_UN1Q.SchLib"; VariantName = "[No Variations]"
Add component (AddParameter): Name = "System"; Value = "RLC"; VariantName = "[No Variations]"
Add component (AddParameter): Name = "Temperature characteristics"; Value = ""; VariantName = "[No Variations]"
Add component (AddParameter): Name = "Tolerance"; Value = "1%"; VariantName = "[No Variations]"
Add component (AddParameter): Name = "Value"; Value = "2k26"; VariantName = "[No Variations]"
Add component (AddParameter): Name = "Voltage"; Value = ""; VariantName = "[No Variations]"
Added Component: Designator=R88(RES_0201_UN1Q)
Add component (AddParameter): Name = "Alternative component"; Value = "Allowed"; VariantName = "[No Variations]"
Add component (AddParameter): Name = "ClassName"; Value = "SMALL"; VariantName = "[No Variations]"
Add component (AddParameter): Name = "Component Type"; Value = "Resistor"; VariantName = "[No Variations]"
Add component (AddParameter): Name = "ComponentLink1Description"; Value = "1_Datasheet"; VariantName = "[No Variations]"
Add component (AddParameter): Name = "ComponentLink1URL"; Value = ""; VariantName = "[No Variations]"
Add component (AddParameter): Name = "ComponentLink2Description"; Value = "2_Product page"; VariantName = "[No Variations]"
Add component (AddParameter): Name = "ComponentLink2URL"; Value = ""; VariantName = "[No Variations]"
Add component (AddParameter): Name = "ComponentLink3Description"; Value = "3_X-information"; VariantName = "[No Variations]"
Add component (AddParameter): Name = "ComponentLink3URL"; Value = ""; VariantName = "[No Variations]"
Add component (AddParameter): Name = "ComponentLink4Description"; Value = "4_X-information"; VariantName = "[No Variations]"
Add component (AddParameter): Name = "ComponentLink4URL"; Value = ""; VariantName = "[No Variations]"
Add component (AddParameter): Name = "Creation date"; Value = "20250117"; VariantName = "[No Variations]"
Add component (AddParameter): Name = "Dimensions WxLxH"; Value = ""; VariantName = "[No Variations]"
Add component (AddParameter): Name = "ECCN"; Value = ""; VariantName = "[No Variations]"
Add component (AddParameter): Name = "HasBeenBuilt"; Value = "TBD"; VariantName = "[No Variations]"
Add component (AddParameter): Name = "Manufacturer"; Value = "YAGEO"; VariantName = "[No Variations]"
Add component (AddParameter): Name = "Operating temperature range"; Value = ""; VariantName = "[No Variations]"
Add component (AddParameter): Name = "Package"; Value = "0201"; VariantName = "[No Variations]"
Add component (AddParameter): Name = "Part Number"; Value = "RC0201FR-072K26L"; VariantName = "[No Variations]"
Add component (AddParameter): Name = "Power Rating"; Value = "1/20W"; VariantName = "[No Variations]"
Add component (AddParameter): Name = "Remark"; Value = ""; VariantName = "[No Variations]"
Add component (AddParameter): Name = "RoHS"; Value = ""; VariantName = "[No Variations]"
Add component (AddParameter): Name = "Rule"; Value = ""; VariantName = "[No Variations]"
Add component (AddParameter): Name = "Sort order"; Value = "322"; VariantName = "[No Variations]"
Add component (AddParameter): Name = "Source"; Value = "RLC_UN1Q.SchLib"; VariantName = "[No Variations]"
Add component (AddParameter): Name = "System"; Value = "RLC"; VariantName = "[No Variations]"
Add component (AddParameter): Name = "Temperature characteristics"; Value = ""; VariantName = "[No Variations]"
Add component (AddParameter): Name = "Tolerance"; Value = "1%"; VariantName = "[No Variations]"
Add component (AddParameter): Name = "Value"; Value = "2k26"; VariantName = "[No Variations]"
Add component (AddParameter): Name = "Voltage"; Value = ""; VariantName = "[No Variations]"
Added Component: Designator=R89(RES_0201_UN1Q)
Add component (AddParameter): Name = "Alternative component"; Value = "Allowed"; VariantName = "[No Variations]"
Add component (AddParameter): Name = "ClassName"; Value = "SMALL"; VariantName = "[No Variations]"
Add component (AddParameter): Name = "Component Type"; Value = "Resistor"; VariantName = "[No Variations]"
Add component (AddParameter): Name = "ComponentLink1Description"; Value = "1_Datasheet"; VariantName = "[No Variations]"
Add component (AddParameter): Name = "ComponentLink1URL"; Value = ""; VariantName = "[No Variations]"
Add component (AddParameter): Name = "ComponentLink2Description"; Value = "2_Product page"; VariantName = "[No Variations]"
Add component (AddParameter): Name = "ComponentLink2URL"; Value = ""; VariantName = "[No Variations]"
Add component (AddParameter): Name = "ComponentLink3Description"; Value = "3_X-information"; VariantName = "[No Variations]"
Add component (AddParameter): Name = "ComponentLink3URL"; Value = ""; VariantName = "[No Variations]"
Add component (AddParameter): Name = "ComponentLink4Description"; Value = "4_X-information"; VariantName = "[No Variations]"
Add component (AddParameter): Name = "ComponentLink4URL"; Value = ""; VariantName = "[No Variations]"
Add component (AddParameter): Name = "Creation date"; Value = "20250117"; VariantName = "[No Variations]"
Add component (AddParameter): Name = "Dimensions WxLxH"; Value = ""; VariantName = "[No Variations]"
Add component (AddParameter): Name = "ECCN"; Value = ""; VariantName = "[No Variations]"
Add component (AddParameter): Name = "HasBeenBuilt"; Value = "TBD"; VariantName = "[No Variations]"
Add component (AddParameter): Name = "Manufacturer"; Value = "YAGEO"; VariantName = "[No Variations]"
Add component (AddParameter): Name = "Operating temperature range"; Value = ""; VariantName = "[No Variations]"
Add component (AddParameter): Name = "Package"; Value = "0201"; VariantName = "[No Variations]"
Add component (AddParameter): Name = "Part Number"; Value = "RC0201FR-072K26L"; VariantName = "[No Variations]"
Add component (AddParameter): Name = "Power Rating"; Value = "1/20W"; VariantName = "[No Variations]"
Add component (AddParameter): Name = "Remark"; Value = ""; VariantName = "[No Variations]"
Add component (AddParameter): Name = "RoHS"; Value = ""; VariantName = "[No Variations]"
Add component (AddParameter): Name = "Rule"; Value = ""; VariantName = "[No Variations]"
Add component (AddParameter): Name = "Sort order"; Value = "322"; VariantName = "[No Variations]"
Add component (AddParameter): Name = "Source"; Value = "RLC_UN1Q.SchLib"; VariantName = "[No Variations]"
Add component (AddParameter): Name = "System"; Value = "RLC"; VariantName = "[No Variations]"
Add component (AddParameter): Name = "Temperature characteristics"; Value = ""; VariantName = "[No Variations]"
Add component (AddParameter): Name = "Tolerance"; Value = "1%"; VariantName = "[No Variations]"
Add component (AddParameter): Name = "Value"; Value = "2k26"; VariantName = "[No Variations]"
Add component (AddParameter): Name = "Voltage"; Value = ""; VariantName = "[No Variations]"
Added Component: Designator=R90(RES_0201_UN1Q)
Add component (AddParameter): Name = "Alternative component"; Value = "Allowed"; VariantName = "[No Variations]"
Add component (AddParameter): Name = "ClassName"; Value = "SMALL"; VariantName = "[No Variations]"
Add component (AddParameter): Name = "Component Type"; Value = "Resistor"; VariantName = "[No Variations]"
Add component (AddParameter): Name = "ComponentLink1Description"; Value = "1_Datasheet"; VariantName = "[No Variations]"
Add component (AddParameter): Name = "ComponentLink1URL"; Value = ""; VariantName = "[No Variations]"
Add component (AddParameter): Name = "ComponentLink2Description"; Value = "2_Product page"; VariantName = "[No Variations]"
Add component (AddParameter): Name = "ComponentLink2URL"; Value = ""; VariantName = "[No Variations]"
Add component (AddParameter): Name = "ComponentLink3Description"; Value = "3_X-information"; VariantName = "[No Variations]"
Add component (AddParameter): Name = "ComponentLink3URL"; Value = ""; VariantName = "[No Variations]"
Add component (AddParameter): Name = "ComponentLink4Description"; Value = "4_X-information"; VariantName = "[No Variations]"
Add component (AddParameter): Name = "ComponentLink4URL"; Value = ""; VariantName = "[No Variations]"
Add component (AddParameter): Name = "Creation date"; Value = "20250117"; VariantName = "[No Variations]"
Add component (AddParameter): Name = "Dimensions WxLxH"; Value = ""; VariantName = "[No Variations]"
Add component (AddParameter): Name = "ECCN"; Value = ""; VariantName = "[No Variations]"
Add component (AddParameter): Name = "HasBeenBuilt"; Value = "TBD"; VariantName = "[No Variations]"
Add component (AddParameter): Name = "Manufacturer"; Value = "YAGEO"; VariantName = "[No Variations]"
Add component (AddParameter): Name = "Operating temperature range"; Value = ""; VariantName = "[No Variations]"
Add component (AddParameter): Name = "Package"; Value = "0201"; VariantName = "[No Variations]"
Add component (AddParameter): Name = "Part Number"; Value = "RC0201FR-072K26L"; VariantName = "[No Variations]"
Add component (AddParameter): Name = "Power Rating"; Value = "1/20W"; VariantName = "[No Variations]"
Add component (AddParameter): Name = "Remark"; Value = ""; VariantName = "[No Variations]"
Add component (AddParameter): Name = "RoHS"; Value = ""; VariantName = "[No Variations]"
Add component (AddParameter): Name = "Rule"; Value = ""; VariantName = "[No Variations]"
Add component (AddParameter): Name = "Sort order"; Value = "322"; VariantName = "[No Variations]"
Add component (AddParameter): Name = "Source"; Value = "RLC_UN1Q.SchLib"; VariantName = "[No Variations]"
Add component (AddParameter): Name = "System"; Value = "RLC"; VariantName = "[No Variations]"
Add component (AddParameter): Name = "Temperature characteristics"; Value = ""; VariantName = "[No Variations]"
Add component (AddParameter): Name = "Tolerance"; Value = "1%"; VariantName = "[No Variations]"
Add component (AddParameter): Name = "Value"; Value = "2k26"; VariantName = "[No Variations]"
Add component (AddParameter): Name = "Voltage"; Value = ""; VariantName = "[No Variations]"
Add component: Footprint Not Found RES_0201_UN1Q
Add component: Footprint Not Found RES_0201_UN1Q
Added Component: Designator=S2(SW_219-4MST)
Add component (AddParameter): Name = "Check_prices"; Value = "https://www.snapeda.com/parts/219-4MST/CTS+Components/view-part/?ref=eda"; VariantName = "[No Variations]"
Add component (AddParameter): Name = "MF"; Value = "CTS Electrocomponents"; VariantName = "[No Variations]"
Add component (AddParameter): Name = "MP"; Value = "219-4MST"; VariantName = "[No Variations]"
Add component (AddParameter): Name = "Package"; Value = "None"; VariantName = "[No Variations]"
Add component (AddParameter): Name = "SnapEDA_Link"; Value = "https://www.snapeda.com/parts/219-4MST/CTS+Components/view-part/?ref=snap"; VariantName = "[No Variations]"
Add component (AddParameter): Name = "Value"; Value = ""; VariantName = "[No Variations]"
Add component: Footprint Not Found PCIe_miniCard
Add component: Footprint Not Found W-PDFN-8MLP8_W7_MRN
Add component: Footprint Not Found TDFN8-MAX14575C
Add component: Footprint Not Found X2QFN12_NXP
Add component: Footprint Not Found TDFN8-MAX14575C
Add component: Footprint Not Found X2QFN12_NXP
Add component: Footprint Not Found VFBGA24P50_300X300X100_NXP
Add Pin To Net: Unknown Pin: Pin C83-1
Add Pin To Net: Unknown Pin: Pin C84-1
Add Pin To Net: Unknown Pin: Pin C85-1
Add Pin To Net: Unknown Pin: Pin C86-1
Add Pin To Net: Unknown Pin: Pin C87-1
Add Pin To Net: Unknown Pin: Pin C87-2
Add Pin To Net: Unknown Pin: Pin C88-1
Add Pin To Net: Unknown Pin: Pin C88-2
Added Pin To Net: NetName=VBUS_SMPS Pin=C153-2
Added Pin To Net: NetName=VBUS_SMPS Pin=C154-2
Added Pin To Net: NetName=VBUS_SMPS Pin=C155-1
Added Pin To Net: NetName=VBUS_SMPS Pin=C156-1
Added Pin To Net: NetName=GND Pin=C223-1
Added Pin To Net: NetName=GND Pin=C291-1
Added Pin To Net: NetName=VBUS_SMPS Pin=CR1-1
Added Pin To Net: NetName=VBUS_SMPS Pin=J4-1
Added Pin To Net: NetName=GND Pin=J6-2
Added Pin To Net: NetName=GND Pin=J6-3
Add Pin To Net: Unknown Pin: Pin J10-1
Added Pin To Net: NetName=\PCIE_CLK_REQ Pin=J22-37
Added Pin To Net: NetName=\PCIE_WAKE Pin=J22-39
Added Pin To Net: NetName=VBUS_SMPS Pin=L12-1
Add Pin To Net: Unknown Pin: Pin PTP44-1
Add Pin To Net: Unknown Pin: Pin PTP45-1
Added Pin To Net: NetName=VBUS_SMPS Pin=PTP49-1
Added Pin To Net: NetName=ONOFF Pin=PTP87-1
Added Pin To Net: NetName=SYS_nRST Pin=PTP88-1
Add Pin To Net: Unknown Pin: Pin PTP90-1
Add Pin To Net: Unknown Pin: Pin PTP105-1
Added Pin To Net: NetName=GND Pin=Q2-1
Added Pin To Net: NetName=PGOOD_RBC_1V8 Pin=Q2-2
Add Pin To Net: Unknown Pin: Pin R13-1
Add Pin To Net: Unknown Pin: Pin R13-2
Add Pin To Net: Unknown Pin: Pin R14-1
Add Pin To Net: Unknown Pin: Pin R15-1
Add Pin To Net: Unknown Pin: Pin R15-2
Add Pin To Net: Unknown Pin: Pin R18-1
Add Pin To Net: Unknown Pin: Pin R20-1
Added Pin To Net: NetName=GND Pin=R36-2
Added Pin To Net: NetName=\PCIE_WAKE Pin=R80-1
Added Pin To Net: NetName=\PCIE_CLK_REQ Pin=R81-1
Added Pin To Net: NetName=I2C6_SCL Pin=R84-2
Added Pin To Net: NetName=VDD_1V8 Pin=R87-1
Added Pin To Net: NetName=VDD_1V8 Pin=R88-1
Added Pin To Net: NetName=VDD_1V8 Pin=R89-1
Added Pin To Net: NetName=VDD_1V8 Pin=R90-1
Add Pin To Net: Unknown Pin: Pin R138-1
Add Pin To Net: Unknown Pin: Pin R138-2
Add Pin To Net: Unknown Pin: Pin R141-1
Add Pin To Net: Unknown Pin: Pin R141-2
Added Pin To Net: NetName=BOOT_MODE0 Pin=S2-1
Added Pin To Net: NetName=BOOT_MODE1 Pin=S2-2
Added Pin To Net: NetName=BOOT_MODE2 Pin=S2-3
Added Pin To Net: NetName=BOOT_MODE3 Pin=S2-4
Added Pin To Net: NetName=mPCIe_RX_P Pin=U1-A14
Added Pin To Net: NetName=mPCIe_TX_P Pin=U1-A15
Added Pin To Net: NetName=\ENET1_RST Pin=U1-AC10
Added Pin To Net: NetName=SAI1_TXD6 Pin=U1-AC12
Added Pin To Net: NetName=SAI5_RXFS Pin=U1-AC14
Added Pin To Net: NetName=SAI3_TXFS Pin=U1-AC16
Added Pin To Net: NetName=I2C5_SDA Pin=U1-AC18
Added Pin To Net: NetName=mPCIe_W_DISABLE Pin=U1-AC20
Added Pin To Net: NetName=\PCIE_WAKE Pin=U1-AD8
Added Pin To Net: NetName=ENET1_RD0 Pin=U1-AD10
Added Pin To Net: NetName=ENET1_TD3 Pin=U1-AD12
Added Pin To Net: NetName=SAI5_RXC Pin=U1-AD14
Added Pin To Net: NetName=SAI5_RXD1 Pin=U1-AD16
Added Pin To Net: NetName=SPDIF_RX Pin=U1-AD18
Added Pin To Net: NetName=ENET1_RD1 Pin=U1-AE10
Added Pin To Net: NetName=SAI1_MCLK Pin=U1-AE12
Added Pin To Net: NetName=SAI5_RXD3 Pin=U1-AE14
Added Pin To Net: NetName=SAI5_RXD0 Pin=U1-AE16
Added Pin To Net: NetName=I2C5_SCL Pin=U1-AE18
Added Pin To Net: NetName=\USB_HUB_RST Pin=U1-AE20
Added Pin To Net: NetName=\PCIE_CLK_REQ Pin=U1-AF8
Added Pin To Net: NetName=\ENET1_INT Pin=U1-AF10
Added Pin To Net: NetName=ENET1_RX_CTL Pin=U1-AF12
Added Pin To Net: NetName=SAI5_MCLK Pin=U1-AF14
Added Pin To Net: NetName=SAI5_RXD2 Pin=U1-AF16
Added Pin To Net: NetName=SAI3_RXD Pin=U1-AF18
Added Pin To Net: NetName=\mPCIe_RST Pin=U1-AF20
Added Pin To Net: NetName=SAI1_RXC Pin=U1-AH8
Added Pin To Net: NetName=ENET1_MDC Pin=U1-AH9
Added Pin To Net: NetName=ENET1_RD2 Pin=U1-AH10
Added Pin To Net: NetName=ENET1_TD2 Pin=U1-AH11
Added Pin To Net: NetName=ENET1_RD3 Pin=U1-AH12
Added Pin To Net: NetName=ENET1_TX_CTL Pin=U1-AH13
Added Pin To Net: NetName=ENET1_TXC Pin=U1-AH14
Added Pin To Net: NetName=SAI2_TXC Pin=U1-AH15
Added Pin To Net: NetName=SAI2_TXD Pin=U1-AH16
Added Pin To Net: NetName=\ENET2_INT Pin=U1-AH17
Added Pin To Net: NetName=SAI3_TXD Pin=U1-AH18
Added Pin To Net: NetName=SAI3_TXC Pin=U1-AH19
Added Pin To Net: NetName=ENET1_MDIO Pin=U1-AJ8
Added Pin To Net: NetName=SAI1_RXFS Pin=U1-AJ9
Added Pin To Net: NetName=ENET1_TD1 Pin=U1-AJ10
Added Pin To Net: NetName=ENET1_TD0 Pin=U1-AJ11
Added Pin To Net: NetName=ENET1_RXC Pin=U1-AJ12
Added Pin To Net: NetName=SAI1_TXD7 Pin=U1-AJ13
Added Pin To Net: NetName=SAI2_RXD Pin=U1-AJ14
Added Pin To Net: NetName=SAI2_MCLK Pin=U1-AJ15
Added Pin To Net: NetName=\ENET2_RST Pin=U1-AJ16
Added Pin To Net: NetName=SAI2_TXFS Pin=U1-AJ17
Added Pin To Net: NetName=SAI3_RXC Pin=U1-AJ18
Added Pin To Net: NetName=SAI3_RXFS Pin=U1-AJ19
Added Pin To Net: NetName=SAI3_MCLK Pin=U1-AJ20
Added Pin To Net: NetName=mPCIe_RX_N Pin=U1-B14
Added Pin To Net: NetName=mPCIe_TX_N Pin=U1-B15
Added Pin To Net: NetName=mPCIe_CLK_P Pin=U1-D16
Added Pin To Net: NetName=mPCIe_CLK_N Pin=U1-E16
Added Pin To Net: NetName=DRAM_ZQ0 Pin=U2-A5
Added Pin To Net: NetName=DRAM_ZQ1 Pin=U2-A8
Added Pin To Net: NetName=DRAM_DATA8_A Pin=U2-AA2
Added Pin To Net: NetName=DRAM_DATA15_A Pin=U2-AA4
Added Pin To Net: NetName=DRAM_DATA7_A Pin=U2-AA9
Added Pin To Net: NetName=DRAM_DATA0_A Pin=U2-AA11
Added Pin To Net: NetName=DRAM_DATA0_B Pin=U2-B2
Added Pin To Net: NetName=DRAM_DATA7_B Pin=U2-B4
Added Pin To Net: NetName=DRAM_DATA15_B Pin=U2-B9
Added Pin To Net: NetName=DRAM_DATA8_B Pin=U2-B11
Added Pin To Net: NetName=DRAM_DATA1_B Pin=U2-C2
Added Pin To Net: NetName=DRAM_DMI0_B Pin=U2-C3
Added Pin To Net: NetName=DRAM_DATA6_B Pin=U2-C4
Added Pin To Net: NetName=DRAM_DATA14_B Pin=U2-C9
Added Pin To Net: NetName=DRAM_DMI1_B Pin=U2-C10
Added Pin To Net: NetName=DRAM_DATA9_B Pin=U2-C11
Added Pin To Net: NetName=DRAM_SDQS0_B_P Pin=U2-D3
Added Pin To Net: NetName=DRAM_SDQS1_B_P Pin=U2-D10
Added Pin To Net: NetName=DRAM_DATA3_B Pin=U2-E2
Added Pin To Net: NetName=DRAM_SDQS0_B_N Pin=U2-E3
Added Pin To Net: NetName=DRAM_DATA4_B Pin=U2-E4
Added Pin To Net: NetName=DRAM_DATA13_B Pin=U2-E9
Added Pin To Net: NetName=DRAM_SDQS1_B_N Pin=U2-E10
Added Pin To Net: NetName=DRAM_DATA10_B Pin=U2-E11
Added Pin To Net: NetName=DRAM_DATA2_B Pin=U2-F2
Added Pin To Net: NetName=DRAM_DATA5_B Pin=U2-F4
Added Pin To Net: NetName=DRAM_DATA12_B Pin=U2-F9
Added Pin To Net: NetName=DRAM_DATA11_B Pin=U2-F11
Added Pin To Net: NetName=NVCC_DRAM_1V1 Pin=U2-G2
Added Pin To Net: NetName=DRAM_CA0_B Pin=U2-H2
Added Pin To Net: NetName=DRAM_nCS1_B Pin=U2-H3
Added Pin To Net: NetName=DRAM_nCS0_B Pin=U2-H4
Added Pin To Net: NetName=DRAM_CA2_B Pin=U2-H9
Added Pin To Net: NetName=DRAM_CA3_B Pin=U2-H10
Added Pin To Net: NetName=DRAM_CA4_B Pin=U2-H11
Added Pin To Net: NetName=DRAM_CA1_B Pin=U2-J2
Added Pin To Net: NetName=DRAM_CKE0_B Pin=U2-J4
Added Pin To Net: NetName=DRAM_CKE1_B Pin=U2-J5
Added Pin To Net: NetName=DRAM_CK_B_P Pin=U2-J8
Added Pin To Net: NetName=DRAM_CK_B_N Pin=U2-J9
Added Pin To Net: NetName=DRAM_CA5_B Pin=U2-J11
Added Pin To Net: NetName=DRAM_CA1_A Pin=U2-P2
Added Pin To Net: NetName=DRAM_CKE0_A Pin=U2-P4
Added Pin To Net: NetName=DRAM_CKE1_A Pin=U2-P5
Added Pin To Net: NetName=DRAM_CK_A_P Pin=U2-P8
Added Pin To Net: NetName=DRAM_CK_A_N Pin=U2-P9
Added Pin To Net: NetName=DRAM_CA5_A Pin=U2-P11
Added Pin To Net: NetName=DRAM_CA0_A Pin=U2-R2
Added Pin To Net: NetName=DRAM_nCS1_A Pin=U2-R3
Added Pin To Net: NetName=DRAM_nCS0_A Pin=U2-R4
Added Pin To Net: NetName=DRAM_CA2_A Pin=U2-R9
Added Pin To Net: NetName=DRAM_CA3_A Pin=U2-R10
Added Pin To Net: NetName=DRAM_CA4_A Pin=U2-R11
Added Pin To Net: NetName=NVCC_DRAM_1V1 Pin=U2-T2
Added Pin To Net: NetName=DRAM_nRESET Pin=U2-T11
Added Pin To Net: NetName=DRAM_DATA12_A Pin=U2-U2
Added Pin To Net: NetName=DRAM_DATA13_A Pin=U2-U4
Added Pin To Net: NetName=DRAM_DATA4_A Pin=U2-U9
Added Pin To Net: NetName=DRAM_DATA3_A Pin=U2-U11
Added Pin To Net: NetName=DRAM_DATA11_A Pin=U2-V2
Added Pin To Net: NetName=DRAM_SDQS1_A_N Pin=U2-V3
Added Pin To Net: NetName=DRAM_DATA10_A Pin=U2-V4
Added Pin To Net: NetName=DRAM_DATA2_A Pin=U2-V9
Added Pin To Net: NetName=DRAM_SDQS0_A_N Pin=U2-V10
Added Pin To Net: NetName=DRAM_DATA5_A Pin=U2-V11
Added Pin To Net: NetName=DRAM_SDQS1_A_P Pin=U2-W3
Added Pin To Net: NetName=DRAM_SDQS0_A_P Pin=U2-W10
Added Pin To Net: NetName=DRAM_DATA9_A Pin=U2-Y2
Added Pin To Net: NetName=DRAM_DMI1_A Pin=U2-Y3
Added Pin To Net: NetName=DRAM_DATA14_A Pin=U2-Y4
Added Pin To Net: NetName=DRAM_DATA6_A Pin=U2-Y9
Added Pin To Net: NetName=DRAM_DMI0_A Pin=U2-Y10
Added Pin To Net: NetName=DRAM_DATA1_A Pin=U2-Y11
Add Pin To Net: Unknown Pin: Pin U5-1
Add Pin To Net: Unknown Pin: Pin U5-2
Add Pin To Net: Unknown Pin: Pin U5-3
Add Pin To Net: Unknown Pin: Pin U5-4
Add Pin To Net: Unknown Pin: Pin U5-5
Add Pin To Net: Unknown Pin: Pin U5-6
Add Pin To Net: Unknown Pin: Pin U5-7
Add Pin To Net: Unknown Pin: Pin U5-8
Add Pin To Net: Unknown Pin: Pin U5-9
Add Pin To Net: Unknown Pin: Pin U12-1
Add Pin To Net: Unknown Pin: Pin U12-3
Add Pin To Net: Unknown Pin: Pin U12-4
Add Pin To Net: Unknown Pin: Pin U12-7
Add Pin To Net: Unknown Pin: Pin U12-8
Add Pin To Net: Unknown Pin: Pin U12-9
Add Pin To Net: Unknown Pin: Pin U14-1
Add Pin To Net: Unknown Pin: Pin U14-2
Add Pin To Net: Unknown Pin: Pin U14-4
Add Pin To Net: Unknown Pin: Pin U14-6
Add Pin To Net: Unknown Pin: Pin U14-7
Add Pin To Net: Unknown Pin: Pin U14-8
Add Pin To Net: Unknown Pin: Pin U14-9
Add Pin To Net: Unknown Pin: Pin U14-10
Add Pin To Net: Unknown Pin: Pin U14-11
Add Pin To Net: Unknown Pin: Pin U14-12
Add Pin To Net: Unknown Pin: Pin U15-1
Add Pin To Net: Unknown Pin: Pin U15-3
Add Pin To Net: Unknown Pin: Pin U15-4
Add Pin To Net: Unknown Pin: Pin U15-7
Add Pin To Net: Unknown Pin: Pin U15-8
Add Pin To Net: Unknown Pin: Pin U15-9
Add Pin To Net: Unknown Pin: Pin U17-1
Add Pin To Net: Unknown Pin: Pin U17-2
Add Pin To Net: Unknown Pin: Pin U17-4
Add Pin To Net: Unknown Pin: Pin U17-6
Add Pin To Net: Unknown Pin: Pin U17-7
Add Pin To Net: Unknown Pin: Pin U17-8
Add Pin To Net: Unknown Pin: Pin U17-9
Add Pin To Net: Unknown Pin: Pin U17-10
Add Pin To Net: Unknown Pin: Pin U17-11
Add Pin To Net: Unknown Pin: Pin U17-12
Add Pin To Net: Unknown Pin: Pin U20-A1
Add Pin To Net: Unknown Pin: Pin U20-A3
Add Pin To Net: Unknown Pin: Pin U20-A4
Add Pin To Net: Unknown Pin: Pin U20-A5
Add Pin To Net: Unknown Pin: Pin U20-B1
Add Pin To Net: Unknown Pin: Pin U20-C3
Add Pin To Net: Unknown Pin: Pin U20-C5
Add Pin To Net: Unknown Pin: Pin U20-D2
Add Pin To Net: Unknown Pin: Pin U20-D3
Add Pin To Net: Unknown Pin: Pin U20-D4
Add Pin To Net: Unknown Pin: Pin U20-D5
Add Pin To Net: Unknown Pin: Pin U20-E2
Add Pin To Net: Unknown Pin: Pin U20-E3
Add Pin To Net: Unknown Pin: Pin U20-E4
Add Pin To Net: Unknown Pin: Pin U20-E5
Change Net Name : Old Net Name=mPCIe_W_DISABLE New Net Name=ECSPI1_MOSI
Change Net Name : Old Net Name=NetC72_1 New Net Name=NetC115_1
Change Net Name : Old Net Name=NetC78_2 New Net Name=NetC121_2
Change Net Name : Old Net Name=NetC?_1 New Net Name=NetC316_1
Change Net Name : Old Net Name=NetC?_2 New Net Name=NetC313_2
Change Net Name : Old Net Name=NetJ?_1 New Net Name=NetJ1_1
Change Net Name : Old Net Name=NetJ?_2 New Net Name=NetJ1_2
Change Net Name : Old Net Name=NetJ?_3 New Net Name=NetJ1_3
Change Net Name : Old Net Name=NetJ?_5 New Net Name=NetJ1_5
Change Net Name : Old Net Name=NetJ?_7 New Net Name=NetJ1_7
Change Net Name : Old Net Name=NetJ?_8 New Net Name=NetJ1_8
Change Net Name : Old Net Name=NetJ?_SH1 New Net Name=NetJ7_SH1
Change Net Name : Old Net Name=NetL1_1 New Net Name=NetL3_1
Change Net Name : Old Net Name=NetL2_1 New Net Name=NetL4_1
Change Net Name : Old Net Name=NetL3_1 New Net Name=NetL5_1
Change Net Name : Old Net Name=NetL4_1 New Net Name=NetL6_1
Change Net Name : Old Net Name=NetL5_1 New Net Name=NetL7_1
Change Net Name : Old Net Name=NetL6_1 New Net Name=NetL8_1
Change Net Name : Old Net Name=NetL?_1 New Net Name=NetL38_1
Change Net Name : Old Net Name=NetPTP8_1 New Net Name=NetPTP32_1
Change Net Name : Old Net Name=NetPTP32_1 New Net Name=NetPTP54_1
Change Net Name : Old Net Name=NetPTP36_1 New Net Name=NetPTP61_1
Change Net Name : Old Net Name=NetPTP?_1 New Net Name=NetPTP89_1
Change Net Name : Old Net Name=NetQ?_3 New Net Name=NetQ1_3
Change Net Name : Old Net Name=NetR3_1 New Net Name=NetR41_1
Change Net Name : Old Net Name=NetR17_2 New Net Name=NetR55_2
Change Net Name : Old Net Name=NetR18_2 New Net Name=NetR56_2
Change Net Name : Old Net Name=NetR?_1 New Net Name=NetR26_1
Change Net Name : Old Net Name=NetR?_2 New Net Name=NetR99_2
Change Net Name : Old Net Name=VBUS_SMPS New Net Name=VIN_SMPS
Added Pin To Net: NetName=NetC83_2 Pin=U1-B10
Added Net: Name=NetC83_2
Added Pin To Net: NetName=NetC84_2 Pin=U1-A10
Added Net: Name=NetC84_2
Added Pin To Net: NetName=NetC85_2 Pin=U1-B13
Added Net: Name=NetC85_2
Added Pin To Net: NetName=NetC86_2 Pin=U1-A13
Added Net: Name=NetC86_2
Added Pin To Net: NetName=NetC89_1 Pin=C89-1
Added Pin To Net: NetName=NetC89_1 Pin=L1-2
Added Pin To Net: NetName=NetC89_1 Pin=U3-10
Added Net: Name=NetC89_1
Added Pin To Net: NetName=NetC92_2 Pin=C92-2
Added Pin To Net: NetName=NetC92_2 Pin=T1-C1
Added Net: Name=NetC92_2
Added Pin To Net: NetName=NetC93_2 Pin=C93-2
Added Pin To Net: NetName=NetC93_2 Pin=T1-C2
Added Net: Name=NetC93_2
Added Pin To Net: NetName=NetC94_2 Pin=C94-2
Added Pin To Net: NetName=NetC94_2 Pin=U1-F18
Added Net: Name=NetC94_2
Added Pin To Net: NetName=NetC217_1 Pin=C217-1
Added Pin To Net: NetName=NetC217_1 Pin=R71-1
Added Pin To Net: NetName=NetC217_1 Pin=U9-9
Added Net: Name=NetC217_1
Added Pin To Net: NetName=NetC218_2 Pin=C218-2
Added Pin To Net: NetName=NetC218_2 Pin=R71-2
Added Net: Name=NetC218_2
Added Pin To Net: NetName=NetC219_1 Pin=C219-1
Added Pin To Net: NetName=NetC219_1 Pin=PTP85-1
Added Pin To Net: NetName=NetC219_1 Pin=U9-8
Added Net: Name=NetC219_1
Added Pin To Net: NetName=NetC230_2 Pin=C230-2
Added Pin To Net: NetName=NetC230_2 Pin=U11-33
Added Pin To Net: NetName=NetC230_2 Pin=Y2-1
Added Net: Name=NetC230_2
Added Pin To Net: NetName=NetC231_2 Pin=C231-2
Added Pin To Net: NetName=NetC231_2 Pin=U11-32
Added Pin To Net: NetName=NetC231_2 Pin=Y2-3
Added Net: Name=NetC231_2
Added Pin To Net: NetName=NetC233_2 Pin=C233-2
Added Pin To Net: NetName=NetC233_2 Pin=C234-2
Added Pin To Net: NetName=NetC233_2 Pin=J7-A4
Added Pin To Net: NetName=NetC233_2 Pin=J7-A9
Added Pin To Net: NetName=NetC233_2 Pin=J7-B4
Added Pin To Net: NetName=NetC233_2 Pin=J7-B9
Added Pin To Net: NetName=NetC233_2 Pin=R100-2
Added Pin To Net: NetName=NetC233_2 Pin=T4-2
Added Net: Name=NetC233_2
Added Pin To Net: NetName=NetC235_2 Pin=C235-2
Added Pin To Net: NetName=NetC235_2 Pin=C236-2
Added Pin To Net: NetName=NetC235_2 Pin=J8-A4
Added Pin To Net: NetName=NetC235_2 Pin=J8-A9
Added Pin To Net: NetName=NetC235_2 Pin=J8-B4
Added Pin To Net: NetName=NetC235_2 Pin=J8-B9
Added Pin To Net: NetName=NetC235_2 Pin=R101-2
Added Pin To Net: NetName=NetC235_2 Pin=T5-2
Added Net: Name=NetC235_2
Added Pin To Net: NetName=NetC237_2 Pin=C237-2
Added Pin To Net: NetName=NetC237_2 Pin=C238-2
Added Pin To Net: NetName=NetC237_2 Pin=R102-2
Added Net: Name=NetC237_2
Added Pin To Net: NetName=NetC241_1 Pin=C241-1
Added Pin To Net: NetName=NetC241_1 Pin=C242-1
Added Pin To Net: NetName=NetC241_1 Pin=L26-2
Added Pin To Net: NetName=NetC241_1 Pin=U13-5
Added Net: Name=NetC241_1
Added Pin To Net: NetName=NetC249_2 Pin=C249-2
Added Pin To Net: NetName=NetC249_2 Pin=C250-2
Added Pin To Net: NetName=NetC249_2 Pin=R111-2
Added Net: Name=NetC249_2
Added Pin To Net: NetName=NetC253_1 Pin=C253-1
Added Pin To Net: NetName=NetC253_1 Pin=C254-1
Added Pin To Net: NetName=NetC253_1 Pin=L28-2
Added Pin To Net: NetName=NetC253_1 Pin=U16-5
Added Net: Name=NetC253_1
Added Pin To Net: NetName=NetC261_2 Pin=C261-2
Added Pin To Net: NetName=NetC261_2 Pin=L30-2
Added Pin To Net: NetName=NetC261_2 Pin=U18-A2
Added Pin To Net: NetName=NetC261_2 Pin=U18-B3
Added Pin To Net: NetName=NetC261_2 Pin=U18-B5
Added Net: Name=NetC261_2
Added Pin To Net: NetName=NetC265_2 Pin=C265-2
Added Pin To Net: NetName=NetC265_2 Pin=L31-2
Added Net: Name=NetC265_2
Added Pin To Net: NetName=NetC269_1 Pin=C269-1
Added Pin To Net: NetName=NetC269_1 Pin=C270-2
Added Pin To Net: NetName=NetC269_1 Pin=L33-1
Added Pin To Net: NetName=NetC269_1 Pin=L34-2
Added Net: Name=NetC269_1
Added Pin To Net: NetName=NetC272_2 Pin=C272-2
Added Pin To Net: NetName=NetC272_2 Pin=U21-28
Added Net: Name=NetC272_2
Added Pin To Net: NetName=NetC273_2 Pin=C273-2
Added Pin To Net: NetName=NetC273_2 Pin=C274-2
Added Pin To Net: NetName=NetC273_2 Pin=C275-2
Added Pin To Net: NetName=NetC273_2 Pin=C276-2
Added Pin To Net: NetName=NetC273_2 Pin=L33-2
Added Pin To Net: NetName=NetC273_2 Pin=U21-3
Added Pin To Net: NetName=NetC273_2 Pin=U21-8
Added Pin To Net: NetName=NetC273_2 Pin=U21-21
Added Pin To Net: NetName=NetC273_2 Pin=U21-38
Added Net: Name=NetC273_2
Added Pin To Net: NetName=NetC292_1 Pin=C292-1
Added Pin To Net: NetName=NetC292_1 Pin=C293-2
Added Pin To Net: NetName=NetC292_1 Pin=L37-1
Added Pin To Net: NetName=NetC292_1 Pin=L38-2
Added Net: Name=NetC292_1
Added Pin To Net: NetName=NetC295_2 Pin=C295-2
Added Pin To Net: NetName=NetC295_2 Pin=U22-28
Added Net: Name=NetC295_2
Added Pin To Net: NetName=NetC296_2 Pin=C296-2
Added Pin To Net: NetName=NetC296_2 Pin=C297-2
Added Pin To Net: NetName=NetC296_2 Pin=C298-2
Added Pin To Net: NetName=NetC296_2 Pin=C299-2
Added Pin To Net: NetName=NetC296_2 Pin=L37-2
Added Pin To Net: NetName=NetC296_2 Pin=U22-3
Added Pin To Net: NetName=NetC296_2 Pin=U22-8
Added Pin To Net: NetName=NetC296_2 Pin=U22-21
Added Pin To Net: NetName=NetC296_2 Pin=U22-38
Added Net: Name=NetC296_2
Added Pin To Net: NetName=NetC312_2 Pin=C312-2
Added Pin To Net: NetName=NetC312_2 Pin=J21-12
Added Net: Name=NetC312_2
Added Pin To Net: NetName=NetC314_2 Pin=C314-2
Added Pin To Net: NetName=NetC314_2 Pin=J21-1
Added Net: Name=NetC314_2
Added Pin To Net: NetName=NetC315_2 Pin=C315-2
Added Pin To Net: NetName=NetC315_2 Pin=J21-7
Added Net: Name=NetC315_2
Added Pin To Net: NetName=NetC318_1 Pin=C318-1
Added Pin To Net: NetName=NetC318_1 Pin=L41-1
Added Pin To Net: NetName=NetC318_1 Pin=N1-5
Added Pin To Net: NetName=NetC318_1 Pin=PTP104-1
Added Net: Name=NetC318_1
Added Pin To Net: NetName=NetC329_1 Pin=C329-1
Added Pin To Net: NetName=NetC329_1 Pin=T14-2
Added Net: Name=NetC329_1
Added Pin To Net: NetName=NetC330_1 Pin=C330-1
Added Pin To Net: NetName=NetC330_1 Pin=T14-3
Added Net: Name=NetC330_1
Added Pin To Net: NetName=NetC333_2 Pin=C333-2
Added Pin To Net: NetName=NetC333_2 Pin=C334-2
Added Pin To Net: NetName=NetC333_2 Pin=C335-2
Added Pin To Net: NetName=NetC333_2 Pin=L42-2
Added Pin To Net: NetName=NetC333_2 Pin=PTP112-1
Added Pin To Net: NetName=NetC333_2 Pin=Y5-11
Added Pin To Net: NetName=NetC333_2 Pin=Y5-20
Added Net: Name=NetC333_2
Added Pin To Net: NetName=NetC338_2 Pin=C338-2
Added Pin To Net: NetName=NetC338_2 Pin=C339-2
Added Pin To Net: NetName=NetC338_2 Pin=C340-2
Added Pin To Net: NetName=NetC338_2 Pin=L44-2
Added Pin To Net: NetName=NetC338_2 Pin=PTP114-1
Added Pin To Net: NetName=NetC338_2 Pin=Y5-3
Added Pin To Net: NetName=NetC338_2 Pin=Y5-16
Added Net: Name=NetC338_2
Added Pin To Net: NetName=NetCR1_2 Pin=CR1-2
Added Pin To Net: NetName=NetCR1_2 Pin=F1-2
Added Net: Name=NetCR1_2
Added Pin To Net: NetName=NetF1_1 Pin=F1-1
Added Pin To Net: NetName=NetF1_1 Pin=J6-1A
Added Pin To Net: NetName=NetF1_1 Pin=J6-1B
Added Pin To Net: NetName=NetF1_1 Pin=T3-1
Added Net: Name=NetF1_1
Added Pin To Net: NetName=NetJ1_6 Pin=J1-6
Added Pin To Net: NetName=NetJ1_6 Pin=R36-1
Added Net: Name=NetJ1_6
Added Pin To Net: NetName=NetJ8_SH1 Pin=J8-SH1
Added Pin To Net: NetName=NetJ8_SH1 Pin=J8-SH2
Added Pin To Net: NetName=NetJ8_SH1 Pin=J8-SH3
Added Pin To Net: NetName=NetJ8_SH1 Pin=J8-SH4
Added Pin To Net: NetName=NetJ8_SH1 Pin=J8-SH5
Added Pin To Net: NetName=NetJ8_SH1 Pin=J8-SH6
Added Pin To Net: NetName=NetJ8_SH1 Pin=L25-1
Added Net: Name=NetJ8_SH1
Added Pin To Net: NetName=NetJ9_SH1 Pin=J9-SH1
Added Pin To Net: NetName=NetJ9_SH1 Pin=J9-SH2
Added Pin To Net: NetName=NetJ9_SH1 Pin=J9-SH3
Added Pin To Net: NetName=NetJ9_SH1 Pin=J9-SH4
Added Pin To Net: NetName=NetJ9_SH1 Pin=J9-SH5
Added Pin To Net: NetName=NetJ9_SH1 Pin=J9-SH6
Added Pin To Net: NetName=NetJ9_SH1 Pin=L27-1
Added Pin To Net: NetName=NetJ9_SH1 Pin=R106-1
Added Net: Name=NetJ9_SH1
Added Pin To Net: NetName=NetJ15_SH1 Pin=J15-SH1
Added Pin To Net: NetName=NetJ15_SH1 Pin=J15-SH2
Added Pin To Net: NetName=NetJ15_SH1 Pin=J15-SH3
Added Pin To Net: NetName=NetJ15_SH1 Pin=J15-SH4
Added Pin To Net: NetName=NetJ15_SH1 Pin=J15-SH5
Added Pin To Net: NetName=NetJ15_SH1 Pin=J15-SH6
Added Pin To Net: NetName=NetJ15_SH1 Pin=L29-1
Added Pin To Net: NetName=NetJ15_SH1 Pin=R115-1
Added Net: Name=NetJ15_SH1
Added Pin To Net: NetName=NetL34_1 Pin=L34-1
Added Pin To Net: NetName=NetL34_1 Pin=U21-30
Added Net: Name=NetL34_1
Added Pin To Net: NetName=NetPTP9_1 Pin=PTP9-1
Added Pin To Net: NetName=NetPTP9_1 Pin=U1-R1
Added Net: Name=NetPTP9_1
Added Pin To Net: NetName=NetPTP10_1 Pin=PTP10-1
Added Pin To Net: NetName=NetPTP10_1 Pin=U1-P2
Added Net: Name=NetPTP10_1
Added Pin To Net: NetName=NetPTP12_1 Pin=U1-F10
Added Net: Name=NetPTP12_1
Added Pin To Net: NetName=NetPTP13_1 Pin=U1-F12
Added Net: Name=NetPTP13_1
Added Pin To Net: NetName=NetPTP58_1 Pin=PTP58-1
Added Pin To Net: NetName=NetPTP58_1 Pin=R53-1
Added Pin To Net: NetName=NetPTP58_1 Pin=U7-2
Added Net: Name=NetPTP58_1
Added Pin To Net: NetName=NetPTP67_1 Pin=PTP67-1
Added Pin To Net: NetName=NetPTP67_1 Pin=R57-1
Added Pin To Net: NetName=NetPTP67_1 Pin=R60-1
Added Pin To Net: NetName=NetPTP67_1 Pin=U8-4
Added Net: Name=NetPTP67_1
Added Pin To Net: NetName=NetPTP71_1 Pin=PTP71-1
Added Pin To Net: NetName=NetPTP71_1 Pin=R61-1
Added Pin To Net: NetName=NetPTP71_1 Pin=R62-2
Added Pin To Net: NetName=NetPTP71_1 Pin=U8-8
Added Net: Name=NetPTP71_1
Added Pin To Net: NetName=NetPTP80_1 Pin=PTP80-1
Added Pin To Net: NetName=NetPTP80_1 Pin=R65-1
Added Pin To Net: NetName=NetPTP80_1 Pin=R66-1
Added Pin To Net: NetName=NetPTP80_1 Pin=R69-2
Added Pin To Net: NetName=NetPTP80_1 Pin=U9-4
Added Net: Name=NetPTP80_1
Added Pin To Net: NetName=NetPTP81_1 Pin=PTP81-1
Added Pin To Net: NetName=NetPTP81_1 Pin=R67-1
Added Pin To Net: NetName=NetPTP81_1 Pin=U9-12
Added Net: Name=NetPTP81_1
Added Pin To Net: NetName=NetPTP83_1 Pin=PTP83-1
Added Pin To Net: NetName=NetPTP83_1 Pin=R72-2
Added Pin To Net: NetName=NetPTP83_1 Pin=U9-11
Added Net: Name=NetPTP83_1
Added Pin To Net: NetName=NetPTP84_1 Pin=PTP84-1
Added Pin To Net: NetName=NetPTP84_1 Pin=R73-2
Added Pin To Net: NetName=NetPTP84_1 Pin=U9-7
Added Net: Name=NetPTP84_1
Added Pin To Net: NetName=NetPTP95_1 Pin=PTP95-1
Added Pin To Net: NetName=NetPTP95_1 Pin=Q2-5
Added Pin To Net: NetName=NetPTP95_1 Pin=Q2-6
Added Pin To Net: NetName=NetPTP95_1 Pin=R120-1
Added Net: Name=NetPTP95_1
Added Pin To Net: NetName=NetPTP96_1 Pin=PTP96-1
Added Pin To Net: NetName=NetPTP96_1 Pin=R123-1
Added Pin To Net: NetName=NetPTP96_1 Pin=R124-2
Added Pin To Net: NetName=NetPTP96_1 Pin=U19-4
Added Net: Name=NetPTP96_1
Added Pin To Net: NetName=NetPTP97_1 Pin=PTP97-1
Added Pin To Net: NetName=NetPTP97_1 Pin=Q2-3
Added Pin To Net: NetName=NetPTP97_1 Pin=R123-2
Added Net: Name=NetPTP97_1
Added Pin To Net: NetName=NetPTP116_1 Pin=PTP116-1
Added Pin To Net: NetName=NetPTP116_1 Pin=R144-1
Added Pin To Net: NetName=NetPTP116_1 Pin=Y5-4
Added Net: Name=NetPTP116_1
Added Pin To Net: NetName=NetR63_2 Pin=R63-2
Added Pin To Net: NetName=NetR63_2 Pin=U8-11
Added Net: Name=NetR63_2
Added Pin To Net: NetName=NetR64_2 Pin=R64-2
Added Pin To Net: NetName=NetR64_2 Pin=U8-7
Added Net: Name=NetR64_2
Added Pin To Net: NetName=NetR87_2 Pin=R87-2
Added Pin To Net: NetName=NetR87_2 Pin=S2-8
Added Net: Name=NetR87_2
Added Pin To Net: NetName=NetR88_2 Pin=R88-2
Added Pin To Net: NetName=NetR88_2 Pin=S2-7
Added Net: Name=NetR88_2
Added Pin To Net: NetName=NetR89_2 Pin=R89-2
Added Pin To Net: NetName=NetR89_2 Pin=S2-6
Added Net: Name=NetR89_2
Added Pin To Net: NetName=NetR90_2 Pin=R90-2
Added Pin To Net: NetName=NetR90_2 Pin=S2-5
Added Net: Name=NetR90_2
Added Pin To Net: NetName=NetR95_2 Pin=R95-2
Added Pin To Net: NetName=NetR95_2 Pin=U11-35
Added Net: Name=NetR95_2
Added Pin To Net: NetName=NetR96_2 Pin=R96-2
Added Pin To Net: NetName=NetR96_2 Pin=U11-24
Added Net: Name=NetR96_2
Added Pin To Net: NetName=NetR97_2 Pin=R97-2
Added Pin To Net: NetName=NetR97_2 Pin=U11-22
Added Net: Name=NetR97_2
Added Pin To Net: NetName=NetR98_2 Pin=R98-2
Added Pin To Net: NetName=NetR98_2 Pin=U11-28
Added Net: Name=NetR98_2
Added Pin To Net: NetName=NetR104_2 Pin=R104-2
Added Net: Name=NetR104_2
Added Pin To Net: NetName=NetR110_1 Pin=R110-1
Added Net: Name=NetR110_1
Added Pin To Net: NetName=NetR113_2 Pin=R113-2
Added Net: Name=NetR113_2
Added Pin To Net: NetName=NetR119_2 Pin=R119-2
Added Net: Name=NetR119_2
Added Pin To Net: NetName=NetR132_2 Pin=R132-2
Added Pin To Net: NetName=NetR132_2 Pin=U21-39
Added Net: Name=NetR132_2
Added Pin To Net: NetName=NetR136_2 Pin=R136-2
Added Pin To Net: NetName=NetR136_2 Pin=U22-39
Added Net: Name=NetR136_2
Added Pin To Net: NetName=NetR137_1 Pin=R137-1
Added Pin To Net: NetName=NetR137_1 Pin=X2-9
Added Net: Name=NetR137_1
Added Differential Pair: Name=mPCIe_CLK
Added Member To Class: ClassName=mPCIe_Slot Member=Component 2 TVS_0201_004_EZAEG1N
Added Member To Class: ClassName=mPCIe_Slot Member=Component 3 TVS_0201_004_EZAEG1N
Added Member To Class: ClassName=mPCIe_Slot Member=Component 4 TVS_0201_004_EZAEG1N
Added Member To Class: ClassName=mPCIe_Slot Member=Component 5 TVS_0201_004_EZAEG1N
Added Member To Class: ClassName=mPCIe_Slot Member=Component 6 TVS_0201_004_EZAEG1N
Added Member To Class: ClassName=mPCIe_Slot Member=Component 8 TVS_0201_004_EZAEG1N
Added Member To Class: ClassName=IMX8_IO Member=Component C1 CAP_0201_12pF_RF_MATCHING
Added Member To Class: ClassName=IMX8_IO Member=Component C2 CAP_0201_12pF_RF_MATCHING
Added Member To Class: ClassName=IMX8_IO Member=Component C3 CAP_0201_12pF_RF_MATCHING
Added Member To Class: ClassName=IMX8_IO Member=Component C4 CAP_0201_12pF_RF_MATCHING
Added Member To Class: ClassName=IMX8_LPDDR4 Member=Component C61 CAP_0402_10u_X6S
Added Member To Class: ClassName=IMX8_LPDDR4 Member=Component C62 CAP_0402_10u_X6S
Added Member To Class: ClassName=IMX8_LPDDR4 Member=Component C63 CAP_0201_1uF_X6S
Added Member To Class: ClassName=IMX8_LPDDR4 Member=Component C64 CAP_0201_1uF_X6S
Added Member To Class: ClassName=IMX8_LPDDR4 Member=Component C65 CAP_0201_1uF_X6S
Added Member To Class: ClassName=IMX8_LPDDR4 Member=Component C66 CAP_0201_1uF_X6S
Added Member To Class: ClassName=IMX8_LPDDR4 Member=Component C67 CAP_0402_10u_X6S
Added Member To Class: ClassName=IMX8_LPDDR4 Member=Component C68 CAP_0402_10u_X6S
Added Member To Class: ClassName=IMX8_LPDDR4 Member=Component C69 CAP_0201_1uF_X6S
Added Member To Class: ClassName=IMX8_LPDDR4 Member=Component C70 CAP_0201_1uF_X6S
Added Member To Class: ClassName=IMX8_LPDDR4 Member=Component C71 CAP_0201_1uF_X6S
Added Member To Class: ClassName=IMX8_LPDDR4 Member=Component C72 CAP_0201_1uF_X6S
Added Member To Class: ClassName=IMX8_LPDDR4 Member=Component C73 CAP_0201_1uF_X6S
Added Member To Class: ClassName=IMX8_LPDDR4 Member=Component C74 CAP_0201_1uF_X6S
Added Member To Class: ClassName=IMX8_LPDDR4 Member=Component C75 CAP_0402_10u_X6S
Added Member To Class: ClassName=IMX8_LPDDR4 Member=Component C76 CAP_0201_1uF_X6S
Added Member To Class: ClassName=IMX8_LPDDR4 Member=Component C77 CAP_0201_1uF_X6S
Added Member To Class: ClassName=IMX8_LPDDR4 Member=Component C78 CAP_0201_1uF_X6S
Added Member To Class: ClassName=IMX8_LPDDR4 Member=Component C79 CAP_0201_1uF_X6S
Added Member To Class: ClassName=IMX8_LPDDR4 Member=Component C80 CAP_0201_1uF_X6S
Added Member To Class: ClassName=IMX8_LPDDR4 Member=Component C81 CAP_0201_1uF_X6S
Added Member To Class: ClassName=IMX8_LPDDR4 Member=Component C82 CAP_0201_1uF_X6S
Add Class Member: Failed to add class member : Component C83 CAP_0201_220n_10V_X6S
Add Class Member: Failed to add class member : Component C84 CAP_0201_220n_10V_X6S
Add Class Member: Failed to add class member : Component C85 CAP_0201_220n_10V_X6S
Add Class Member: Failed to add class member : Component C86 CAP_0201_220n_10V_X6S
Add Class Member: Failed to add class member : Component C87 CAP_0201_100p
Add Class Member: Failed to add class member : Component C88 CAP_0201_100p
Added Member To Class: ClassName=IMX8_DISPLAY Member=Component C89 CAP_0201_100n_X7S_16V
Added Member To Class: ClassName=IMX8_DISPLAY Member=Component C90 CAP_0201_100n_X7S_16V
Added Member To Class: ClassName=IMX8_DISPLAY Member=Component C91 CAP_0201_1uF_X6S
Added Member To Class: ClassName=IMX8_DISPLAY Member=Component C92 CAP_0201_1uF_X6S
Added Member To Class: ClassName=IMX8_DISPLAY Member=Component C93 CAP_0201_1uF_X6S
Added Member To Class: ClassName=IMX8_DISPLAY Member=Component C94 CAP_0201_2n2
Added Member To Class: ClassName=IMX8_eMMC Member=Component C105 CAP_0201_18p_RF_MATCHING
Added Member To Class: ClassName=IMX8_eMMC Member=Component C106 CAP_0201_100n_X7S_16V
Added Member To Class: ClassName=IMX8_eMMC Member=Component C107 CAP_1210_47uF_16V_X6S
Added Member To Class: ClassName=IMX8_eMMC Member=Component C108 CAP_0402_10u_X6S
Added Member To Class: ClassName=IMX8_eMMC Member=Component C109 CAP_0201_220n_10V_X6S
Added Member To Class: ClassName=SMPS Member=Component C167 CAP_0805_2u2_50V_X7R
Added Member To Class: ClassName=SMPS Member=Component C168 CAP_0805_2u2_50V_X7R
Added Member To Class: ClassName=SMPS Member=Component C169 CAP_0402_100nF_50V
Added Member To Class: ClassName=SMPS Member=Component C170 CAP_0402_22nF
Added Member To Class: ClassName=SMPS Member=Component C171 CAP_0805_2u2_50V_X7R
Added Member To Class: ClassName=SMPS Member=Component C172 CAP_0805_2u2_50V_X7R
Added Member To Class: ClassName=SMPS Member=Component C173 CAP_1206_10uF_X7R
Added Member To Class: ClassName=SMPS Member=Component C174 CAP_0402_100nF_50V
Added Member To Class: ClassName=SMPS Member=Component C175 CAP_0805_22uF_10V_X7R
Added Member To Class: ClassName=SMPS Member=Component C176 CAP_0805_22uF_10V_X7R
Added Member To Class: ClassName=SMPS Member=Component C177 CAP_0805_22uF_10V_X7R
Added Member To Class: ClassName=SMPS Member=Component C178 CAP_0805_22uF_10V_X7R
Added Member To Class: ClassName=SMPS Member=Component C179 CAP_0402_100nF_50V
Added Member To Class: ClassName=SMPS Member=Component C180 CAP_0402_100nF_50V
Added Member To Class: ClassName=SMPS Member=Component C181 CAP_0402_100nF_50V
Added Member To Class: ClassName=SMPS Member=Component C182 CAP_1206_10uF_X7R
Added Member To Class: ClassName=SMPS Member=Component C183 CAP_0402_100nF_50V
Added Member To Class: ClassName=SMPS Member=Component C184 CAP_0201_1uF_X6S
Added Member To Class: ClassName=SMPS Member=Component C185 CAP_0402_100nF_50V
Added Member To Class: ClassName=SMPS Member=Component C186 CAP_0805_22uF_10V_X7R
Added Member To Class: ClassName=SMPS Member=Component C187 CAP_0805_22uF_10V_X7R
Added Member To Class: ClassName=SMPS Member=Component C188 CAP_0805_22uF_10V_X7R
Added Member To Class: ClassName=SMPS Member=Component C189 CAP_0805_22uF_10V_X7R
Added Member To Class: ClassName=SMPS Member=Component C190 CAP_0402_100nF_50V
Added Member To Class: ClassName=SMPS Member=Component C191 CAP_0402_100nF_50V
Added Member To Class: ClassName=SMPS Member=Component C192 CAP_0402_100nF_50V
Added Member To Class: ClassName=SMPS Member=Component C193 CAP_0805_22uF_10V_X7R
Added Member To Class: ClassName=SMPS Member=Component C194 CAP_0805_22uF_10V_X7R
Added Member To Class: ClassName=SMPS Member=Component C195 CAP_0805_22uF_10V_X7R
Added Member To Class: ClassName=SMPS Member=Component C196 CAP_0805_22uF_10V_X7R
Added Member To Class: ClassName=SMPS Member=Component C197 CAP_0402_100nF_50V
Added Member To Class: ClassName=SMPS Member=Component C198 CAP_0402_100nF_50V
Added Member To Class: ClassName=SMPS Member=Component C199 CAP_0805_2u2_50V_X7R
Added Member To Class: ClassName=SMPS Member=Component C200 CAP_0805_2u2_50V_X7R
Added Member To Class: ClassName=SMPS Member=Component C201 CAP_0402_100nF_50V
Added Member To Class: ClassName=SMPS Member=Component C202 CAP_0402_22nF
Added Member To Class: ClassName=SMPS Member=Component C203 CAP_0805_2u2_50V_X7R
Added Member To Class: ClassName=SMPS Member=Component C204 CAP_0805_2u2_50V_X7R
Added Member To Class: ClassName=SMPS Member=Component C205 CAP_1206_10uF_X7R
Added Member To Class: ClassName=SMPS Member=Component C206 CAP_0402_100nF_50V
Added Member To Class: ClassName=SMPS Member=Component C207 CAP_0402_100nF_50V
Added Member To Class: ClassName=SMPS Member=Component C208 CAP_1206_10uF_X7R
Added Member To Class: ClassName=SMPS Member=Component C209 CAP_0402_100nF_50V
Added Member To Class: ClassName=SMPS Member=Component C210 CAP_0201_1uF_X6S
Added Member To Class: ClassName=SMPS Member=Component C211 CAP_0402_100nF_50V
Added Member To Class: ClassName=SMPS Member=Component C212 CAP_0805_22uF_10V_X7R
Added Member To Class: ClassName=SMPS Member=Component C213 CAP_0805_22uF_10V_X7R
Added Member To Class: ClassName=SMPS Member=Component C214 CAP_0805_22uF_10V_X7R
Added Member To Class: ClassName=SMPS Member=Component C215 CAP_0805_22uF_10V_X7R
Added Member To Class: ClassName=SMPS Member=Component C216 CAP_0402_100nF_50V
Added Member To Class: ClassName=SMPS Member=Component C217 CAP_0201_10pF_RF_MATCHING
Added Member To Class: ClassName=SMPS Member=Component C218 CAP_0201_2n2
Added Member To Class: ClassName=SMPS Member=Component C219 CAP_0402_100nF_50V
Added Member To Class: ClassName=IMX8_INTERFACE Member=Component C220 CAP_0201_100n_X7S_16V
Added Member To Class: ClassName=IMX8_INTERFACE Member=Component C221 CAP_0201_100n_X7S_16V
Added Member To Class: ClassName=USB_HUB Member=Component C222 CAP_0402_4u7_10V_X6S
Added Member To Class: ClassName=USB_HUB Member=Component C223 CAP_0402_4u7_10V_X6S
Added Member To Class: ClassName=USB_HUB Member=Component C224 CAP_0201_100n_X7S_16V
Added Member To Class: ClassName=USB_HUB Member=Component C225 CAP_0201_100n_X7S_16V
Added Member To Class: ClassName=USB_HUB Member=Component C226 CAP_0201_100n_X7S_16V
Added Member To Class: ClassName=USB_HUB Member=Component C227 CAP_0201_100n_X7S_16V
Added Member To Class: ClassName=USB_HUB Member=Component C228 CAP_0201_100n_X7S_16V
Added Member To Class: ClassName=USB_HUB Member=Component C229 CAP_0201_100n_X7S_16V
Added Member To Class: ClassName=USB_HUB Member=Component C230 CAP_0201_12pF_RF_MATCHING
Added Member To Class: ClassName=USB_HUB Member=Component C231 CAP_0201_12pF_RF_MATCHING
Added Member To Class: ClassName=USB_HUB Member=Component C232 CAP_0201_100n_X7S_16V
Added Member To Class: ClassName=USB_HUB Member=Component C233 CAP_0805_22uF_10V_X7R
Added Member To Class: ClassName=USB_HUB Member=Component C234 CAP_0201_100n_X7S_16V
Added Member To Class: ClassName=USB_HUB Member=Component C235 CAP_0805_22uF_10V_X7R
Added Member To Class: ClassName=USB_HUB Member=Component C236 CAP_0201_100n_X7S_16V
Added Member To Class: ClassName=USB_PER1 Member=Component C237 CAP_0805_22uF_10V_X7R
Added Member To Class: ClassName=USB_PER1 Member=Component C238 CAP_0201_100n_X7S_16V
Added Member To Class: ClassName=USB_PER1 Member=Component C240 CAP_0201_27p
Added Member To Class: ClassName=USB_PER1 Member=Component C241 CAP_0402_2u2_10V_X6S
Added Member To Class: ClassName=USB_PER1 Member=Component C242 CAP_0402_2u2_10V_X6S
Added Member To Class: ClassName=USB_PER1 Member=Component C243 CAP_0201_220n_10V_X6S
Added Member To Class: ClassName=USB_PER1 Member=Component C244 CAP_0201_220n_10V_X6S
Added Member To Class: ClassName=USB_PER1 Member=Component C245 CAP_0201_220n_10V_X6S
Added Member To Class: ClassName=USB_PER1 Member=Component C246 CAP_0201_220n_10V_X6S
Added Member To Class: ClassName=USB_PER1 Member=Component C247 CAP_0201_100n_X7S_16V
Added Member To Class: ClassName=USB_PER1 Member=Component C248 CAP_0201_100n_X7S_16V
Added Member To Class: ClassName=USB_PER2 Member=Component C249 CAP_0805_22uF_10V_X7R
Added Member To Class: ClassName=USB_PER2 Member=Component C250 CAP_0201_100n_X7S_16V
Added Member To Class: ClassName=USB_PER2 Member=Component C251 CAP_0201_1uF_X6S
Added Member To Class: ClassName=USB_PER2 Member=Component C252 CAP_0201_27p
Added Member To Class: ClassName=USB_PER2 Member=Component C253 CAP_0402_2u2_10V_X6S
Added Member To Class: ClassName=USB_PER2 Member=Component C254 CAP_0201_100n_X7S_16V
Added Member To Class: ClassName=USB_PER2 Member=Component C255 CAP_0201_220n_10V_X6S
Added Member To Class: ClassName=USB_PER2 Member=Component C256 CAP_0201_220n_10V_X6S
Added Member To Class: ClassName=USB_PER2 Member=Component C257 CAP_0201_220n_10V_X6S
Added Member To Class: ClassName=USB_PER2 Member=Component C258 CAP_0201_220n_10V_X6S
Added Member To Class: ClassName=USB_PER2 Member=Component C259 CAP_0201_100n_X7S_16V
Added Member To Class: ClassName=USB_PER2 Member=Component C260 CAP_0201_100n_X7S_16V
Added Member To Class: ClassName=IO_EXPANDER Member=Component C261 CAP_0201_100n_X7S_16V
Added Member To Class: ClassName=IO_EXPANDER Member=Component C262 CAP_0201_100n_X7S_16V
Added Member To Class: ClassName=IO_EXPANDER Member=Component C263 CAP_0201_1uF_X6S
Added Member To Class: ClassName=IO_EXPANDER Member=Component C264 CAP_0201_1uF_X6S
Added Member To Class: ClassName=IO_EXPANDER Member=Component C265 CAP_0201_100n_X7S_16V
Added Member To Class: ClassName=ETHERNET Member=Component C266 CAP_0201_1uF_X6S
Added Member To Class: ClassName=ETHERNET Member=Component C267 CAP_0201_1uF_X6S
Added Member To Class: ClassName=ETHERNET Member=Component C268 CAP_0402_10u_X6S
Added Member To Class: ClassName=ETHERNET Member=Component C269 CAP_0402_10u_X6S
Added Member To Class: ClassName=ETHERNET Member=Component C270 CAP_0201_100n_X7S_16V
Added Member To Class: ClassName=ETHERNET Member=Component C271 CAP_0201_1uF_X6S
Added Member To Class: ClassName=ETHERNET Member=Component C272 CAP_0201_1uF_X6S
Added Member To Class: ClassName=ETHERNET Member=Component C273 CAP_0201_1uF_X6S
Added Member To Class: ClassName=ETHERNET Member=Component C274 CAP_0201_1uF_X6S
Added Member To Class: ClassName=ETHERNET Member=Component C275 CAP_0201_1uF_X6S
Added Member To Class: ClassName=ETHERNET Member=Component C276 CAP_0201_1uF_X6S
Added Member To Class: ClassName=ETHERNET Member=Component C277 CAP_0201_100n_X7S_16V
Added Member To Class: ClassName=ETHERNET Member=Component C278 CAP_0201_100n_X7S_16V
Added Member To Class: ClassName=ETHERNET Member=Component C279 CAP_0402_10u_X6S
Added Member To Class: ClassName=ETHERNET Member=Component C280 CAP_0201_100n_X7S_16V
Added Member To Class: ClassName=ETHERNET Member=Component C281 CAP_0201_100n_X7S_16V
Added Member To Class: ClassName=ETHERNET Member=Component C282 CAP_0201_100n_X7S_16V
Added Member To Class: ClassName=ETHERNET Member=Component C283 CAP_0201_100n_X7S_16V
Added Member To Class: ClassName=ETHERNET Member=Component C284 CAP_0201_100n_X7S_16V
Added Member To Class: ClassName=ETHERNET Member=Component C285 CAP_0201_100n_X7S_16V
Added Member To Class: ClassName=ETHERNET Member=Component C286 CAP_0201_100n_X7S_16V
Added Member To Class: ClassName=ETHERNET Member=Component C287 CAP_0201_15p
Added Member To Class: ClassName=ETHERNET Member=Component C288 CAP_0201_15p
Added Member To Class: ClassName=ETHERNET Member=Component C289 CAP_0201_1uF_X6S
Added Member To Class: ClassName=ETHERNET Member=Component C290 CAP_0201_1uF_X6S
Added Member To Class: ClassName=ETHERNET Member=Component C291 CAP_0402_10u_X6S
Added Member To Class: ClassName=ETHERNET Member=Component C292 CAP_0402_10u_X6S
Added Member To Class: ClassName=ETHERNET Member=Component C293 CAP_0201_100n_X7S_16V
Added Member To Class: ClassName=ETHERNET Member=Component C294 CAP_0201_1uF_X6S
Added Member To Class: ClassName=ETHERNET Member=Component C295 CAP_0201_1uF_X6S
Added Member To Class: ClassName=ETHERNET Member=Component C296 CAP_0201_1uF_X6S
Added Member To Class: ClassName=ETHERNET Member=Component C297 CAP_0201_1uF_X6S
Added Member To Class: ClassName=ETHERNET Member=Component C298 CAP_0201_1uF_X6S
Added Member To Class: ClassName=ETHERNET Member=Component C299 CAP_0201_1uF_X6S
Added Member To Class: ClassName=ETHERNET Member=Component C300 CAP_0201_100n_X7S_16V
Added Member To Class: ClassName=ETHERNET Member=Component C301 CAP_0201_100n_X7S_16V
Added Member To Class: ClassName=ETHERNET Member=Component C302 CAP_0402_10u_X6S
Added Member To Class: ClassName=ETHERNET Member=Component C303 CAP_0201_100n_X7S_16V
Added Member To Class: ClassName=ETHERNET Member=Component C304 CAP_0201_100n_X7S_16V
Added Member To Class: ClassName=ETHERNET Member=Component C305 CAP_0201_100n_X7S_16V
Added Member To Class: ClassName=ETHERNET Member=Component C306 CAP_0201_100n_X7S_16V
Added Member To Class: ClassName=ETHERNET Member=Component C307 CAP_0201_100n_X7S_16V
Added Member To Class: ClassName=ETHERNET Member=Component C308 CAP_0201_100n_X7S_16V
Added Member To Class: ClassName=ETHERNET Member=Component C309 CAP_0201_100n_X7S_16V
Added Member To Class: ClassName=ETHERNET Member=Component C310 CAP_0201_15p
Added Member To Class: ClassName=ETHERNET Member=Component C311 CAP_0201_15p
Added Member To Class: ClassName=SYSTEM_INTERFACE Member=Component C312 CAP_0201_100n_X7S_16V
Added Member To Class: ClassName=SYSTEM_INTERFACE Member=Component C313 CAP_0201_100n_X7S_16V
Added Member To Class: ClassName=SYSTEM_INTERFACE Member=Component C314 CAP_0201_100n_X7S_16V
Added Member To Class: ClassName=SYSTEM_INTERFACE Member=Component C315 CAP_0201_100n_X7S_16V
Added Member To Class: ClassName=SYSTEM_INTERFACE Member=Component C316 CAP_0201_100n_X7S_16V
Added Member To Class: ClassName=SYSTEM_INTERFACE Member=Component C317 CAP_0201_100n_X7S_16V
Added Member To Class: ClassName=SYSTEM_INTERFACE Member=Component C318 CAP_0201_100n_X7S_16V
Added Member To Class: ClassName=mPCIe_Slot Member=Component C319 CAP_0201_100n_X7S_16V
Added Member To Class: ClassName=mPCIe_Slot Member=Component C320 CAP_0402_10u_X6S
Added Member To Class: ClassName=mPCIe_Slot Member=Component C321 CAP_0402_10u_X6S
Added Member To Class: ClassName=mPCIe_Slot Member=Component C322 CAP_0402_10u_X6S
Added Member To Class: ClassName=mPCIe_Slot Member=Component C323 CAP_0402_10u_X6S
Added Member To Class: ClassName=mPCIe_Slot Member=Component C324 CAP_0402_10u_X6S
Added Member To Class: ClassName=mPCIe_Slot Member=Component C325 CAP_0603_22u_6.3V_X6S
Added Member To Class: ClassName=mPCIe_Slot Member=Component C326 CAP_0201_47p
Added Member To Class: ClassName=mPCIe_Slot Member=Component C327 CAP_0201_1n0
Added Member To Class: ClassName=mPCIe_Slot Member=Component C328 CAP_0201_10n_16V
Added Member To Class: ClassName=mPCIe_Slot Member=Component C329 CAP_0201_220n_10V_X6S
Added Member To Class: ClassName=mPCIe_Slot Member=Component C330 CAP_0201_220n_10V_X6S
Added Member To Class: ClassName=mPCIe_Slot Member=Component C331 CAP_0201_100n_X7S_16V
Added Member To Class: ClassName=mPCIe_Slot Member=Component C332 CAP_0402_10u_X6S
Added Member To Class: ClassName=mPCIe_Slot Member=Component C333 CAP_0201_1uF_X6S
Added Member To Class: ClassName=mPCIe_Slot Member=Component C334 CAP_0201_100n_X7S_16V
Added Member To Class: ClassName=mPCIe_Slot Member=Component C335 CAP_0201_100n_X7S_16V
Added Member To Class: ClassName=mPCIe_Slot Member=Component C336 CAP_0201_1uF_X6S
Added Member To Class: ClassName=mPCIe_Slot Member=Component C337 CAP_0201_100n_X7S_16V
Added Member To Class: ClassName=mPCIe_Slot Member=Component C338 CAP_0201_1uF_X6S
Added Member To Class: ClassName=mPCIe_Slot Member=Component C339 CAP_0201_100n_X7S_16V
Added Member To Class: ClassName=mPCIe_Slot Member=Component C340 CAP_0201_100n_X7S_16V
Added Member To Class: ClassName=mPCIe_Slot Member=Component C341 CAP_0201_15p
Added Member To Class: ClassName=mPCIe_Slot Member=Component C342 CAP_0201_100n_X7S_16V
Added Member To Class: ClassName=mPCIe_Slot Member=Component C343 CAP_0201_15p
Added Member To Class: ClassName=SMPS Member=Component CR1 SK34A-LTP
Added Member To Class: ClassName=USB_HUB Member=Component D1 TPD4E05U06DQAR
Added Member To Class: ClassName=USB_PER1 Member=Component D2 TPD4E05U06DQAR
Added Member To Class: ClassName=USB_PER1 Member=Component D3 TPD4E05U06DQAR
Added Member To Class: ClassName=USB_PER1 Member=Component D4 TPD4E05U06DQAR
Added Member To Class: ClassName=USB_PER2 Member=Component D5 TPD4E05U06DQAR
Added Member To Class: ClassName=USB_PER2 Member=Component D6 TPD4E05U06DQAR
Added Member To Class: ClassName=USB_PER2 Member=Component D7 TPD4E05U06DQAR
Added Member To Class: ClassName=SMPS Member=Component F1 0ZCF0200AF2C
Added Member To Class: ClassName=IMX8_eMMC Member=Component J1 693071020811
Added Member To Class: ClassName=SMPS Member=Component J4 PAD 1 x 2 mm
Added Member To Class: ClassName=SMPS Member=Component J5 PAD 1 x 2 mm
Added Member To Class: ClassName=SMPS Member=Component J6 PJ-002AH-SMT-TR
Added Member To Class: ClassName=USB_HUB Member=Component J7 USB_C_AMPHENOL_124018612112A
Added Member To Class: ClassName=USB_HUB Member=Component J8 USB_C_AMPHENOL_124018612112A
Added Member To Class: ClassName=USB_PER1 Member=Component J9 USB_C_AMPHENOL_124018612112A
Add Class Member: Failed to add class member : Component J10 Testpoint, Surface, 1.0mm
Added Member To Class: ClassName=USB_PER1 Member=Component J11 Testpoint, Surface, 1.0mm
Added Member To Class: ClassName=USB_PER1 Member=Component J12 Testpoint, Surface, 1.0mm
Added Member To Class: ClassName=USB_PER1 Member=Component J13 Testpoint, Surface, 1.0mm
Added Member To Class: ClassName=USB_PER1 Member=Component J14 Testpoint, Surface, 1.0mm
Added Member To Class: ClassName=USB_PER2 Member=Component J15 USB_C_AMPHENOL_124018612112A
Added Member To Class: ClassName=USB_PER2 Member=Component J17 Testpoint, Surface, 1.0mm
Added Member To Class: ClassName=USB_PER2 Member=Component J18 Testpoint, Surface, 1.0mm
Added Member To Class: ClassName=USB_PER2 Member=Component J19 Testpoint, Surface, 1.0mm
Added Member To Class: ClassName=SYSTEM_INTERFACE Member=Component J20 NPTC202KFMS-RC
Added Member To Class: ClassName=SYSTEM_INTERFACE Member=Component J22 NPTC202KFMS-RC
Added Member To Class: ClassName=IMX8_DISPLAY Member=Component L1 FERRITE_0201_BLM03_33Ohm
Added Member To Class: ClassName=IMX8_PMIC Member=Component L8 IND_VLS2520_0u47
Added Member To Class: ClassName=SMPS Member=Component L14 IND_XGL4030_1u
Added Member To Class: ClassName=SMPS Member=Component L15 FERRITE_0402_BLM15KD
Added Member To Class: ClassName=SMPS Member=Component L16 FERRITE_0402_BLM15KD
Added Member To Class: ClassName=SMPS Member=Component L17 FERRITE_0402_BLM15KD
Added Member To Class: ClassName=SMPS Member=Component L18 FERRITE_0402_BLM15KD
Added Member To Class: ClassName=SMPS Member=Component L19 FERRITE_0603_BLM18_6A
Added Member To Class: ClassName=SMPS Member=Component L20 FERRITE_0402_BLM15KD
Added Member To Class: ClassName=SMPS Member=Component L22 FERRITE_0402_BLM15KD
Added Member To Class: ClassName=USB_HUB Member=Component L23 FERRITE_0201_BLF_700MHz_420Ohm
Added Member To Class: ClassName=USB_HUB Member=Component L24 FERRITE_0201_BLM03_33Ohm
Added Member To Class: ClassName=USB_HUB Member=Component L25 FERRITE_0201_BLM03_33Ohm
Added Member To Class: ClassName=USB_PER1 Member=Component L26 FERRITE_0201_BLM03_33Ohm
Added Member To Class: ClassName=USB_PER1 Member=Component L27 FERRITE_0201_BLM03_33Ohm
Added Member To Class: ClassName=USB_PER2 Member=Component L28 FERRITE_0201_BLM03_33Ohm
Added Member To Class: ClassName=USB_PER2 Member=Component L29 FERRITE_0201_BLM03_33Ohm
Added Member To Class: ClassName=IO_EXPANDER Member=Component L30 FERRITE_0201_BLF_700MHz_420Ohm
Added Member To Class: ClassName=IO_EXPANDER Member=Component L31 FERRITE_0201_BLF_700MHz_420Ohm
Added Member To Class: ClassName=ETHERNET Member=Component L32 FERRITE_0201_BLM03_33Ohm
Added Member To Class: ClassName=ETHERNET Member=Component L33 FERRITE_0201_BLM03_33Ohm
Added Member To Class: ClassName=ETHERNET Member=Component L34 IND_74479335329222_2u2
Added Member To Class: ClassName=ETHERNET Member=Component L35 FERRITE_0201_BLM03_33Ohm
Added Member To Class: ClassName=ETHERNET Member=Component L36 FERRITE_0201_BLM03_33Ohm
Added Member To Class: ClassName=ETHERNET Member=Component L37 FERRITE_0201_BLM03_33Ohm
Added Member To Class: ClassName=ETHERNET Member=Component L38 IND_74479335329222_2u2
Added Member To Class: ClassName=ETHERNET Member=Component L39 FERRITE_0201_BLM03_33Ohm
Added Member To Class: ClassName=SYSTEM_INTERFACE Member=Component L40 FERRITE_0201_BLF_700MHz_420Ohm
Added Member To Class: ClassName=SYSTEM_INTERFACE Member=Component L41 FERRITE_0201_BLM03_33Ohm
Added Member To Class: ClassName=mPCIe_Slot Member=Component L42 FERRITE_0201_BLF_700MHz_420Ohm
Added Member To Class: ClassName=mPCIe_Slot Member=Component L43 FERRITE_0201_BLF_700MHz_420Ohm
Added Member To Class: ClassName=mPCIe_Slot Member=Component L44 FERRITE_0201_BLF_700MHz_420Ohm
Added Member To Class: ClassName=mPCIe_Slot Member=Component M1 Standoff_2_7mm_M25_WURTH
Added Member To Class: ClassName=SYSTEM_INTERFACE Member=Component N1 TMP110DIDPWR
Added Member To Class: ClassName=IMX8_IO Member=Component PTP1 PTP_0.4mm
Added Member To Class: ClassName=IMX8_IO Member=Component PTP2 PTP_0.4mm
Added Member To Class: ClassName=IMX8_IO Member=Component PTP3 PTP_0.4mm
Added Member To Class: ClassName=IMX8_IO Member=Component PTP4 PTP_0.4mm
Added Member To Class: ClassName=IMX8_IO Member=Component PTP5 PTP_0.4mm
Added Member To Class: ClassName=IMX8_LPDDR4 Member=Component PTP6 PTP_0.4mm
Added Member To Class: ClassName=IMX8_LPDDR4 Member=Component PTP7 PTP_0.4mm
Added Member To Class: ClassName=IMX8_LPDDR4 Member=Component PTP8 PTP_0.4mm
Added Member To Class: ClassName=IMX8_LPDDR4 Member=Component PTP9 PTP_0.4mm
Added Member To Class: ClassName=IMX8_LPDDR4 Member=Component PTP10 PTP_0.4mm
Added Member To Class: ClassName=IMX8_LPDDR4 Member=Component PTP11 PTP_0.4mm
Add Class Member: Failed to add class member : Component PTP12 PTP_0.4mm
Add Class Member: Failed to add class member : Component PTP13 PTP_0.4mm
Added Member To Class: ClassName=IMX8_DISPLAY Member=Component PTP14 PTP_0.4mm
Added Member To Class: ClassName=IMX8_DISPLAY Member=Component PTP15 PTP_0.4mm
Added Member To Class: ClassName=IMX8_DISPLAY Member=Component PTP16 PTP_0.4mm
Added Member To Class: ClassName=IMX8_DISPLAY Member=Component PTP17 PTP_0.4mm
Added Member To Class: ClassName=IMX8_DISPLAY Member=Component PTP18 PTP_0.4mm
Added Member To Class: ClassName=IMX8_DISPLAY Member=Component PTP19 PTP_0.4mm
Added Member To Class: ClassName=IMX8_eMMC Member=Component PTP22 PTP_0.4mm
Added Member To Class: ClassName=IMX8_eMMC Member=Component PTP23 PTP_0.4mm
Added Member To Class: ClassName=IMX8_eMMC Member=Component PTP24 PTP_0.4mm
Add Class Member: Failed to add class member : Component PTP44 PTP_0.4mm
Add Class Member: Failed to add class member : Component PTP45 PTP_0.4mm
Added Member To Class: ClassName=SMPS Member=Component PTP58 PTP_0.4mm
Added Member To Class: ClassName=SMPS Member=Component PTP59 PTP_0.4mm
Added Member To Class: ClassName=SMPS Member=Component PTP60 PTP_0.4mm
Added Member To Class: ClassName=SMPS Member=Component PTP62 PTP_0.4mm
Added Member To Class: ClassName=SMPS Member=Component PTP63 PTP_0.4mm
Added Member To Class: ClassName=SMPS Member=Component PTP64 PTP_0.4mm
Added Member To Class: ClassName=SMPS Member=Component PTP65 PTP_0.4mm
Added Member To Class: ClassName=SMPS Member=Component PTP66 PTP_0.4mm
Added Member To Class: ClassName=SMPS Member=Component PTP67 PTP_0.4mm
Added Member To Class: ClassName=SMPS Member=Component PTP68 PTP_0.4mm
Added Member To Class: ClassName=SMPS Member=Component PTP69 PTP_0.4mm
Added Member To Class: ClassName=SMPS Member=Component PTP70 PTP_0.4mm
Added Member To Class: ClassName=SMPS Member=Component PTP71 PTP_0.4mm
Added Member To Class: ClassName=SMPS Member=Component PTP72 PTP_0.4mm
Added Member To Class: ClassName=SMPS Member=Component PTP73 PTP_0.4mm
Added Member To Class: ClassName=SMPS Member=Component PTP74 PTP_0.4mm
Added Member To Class: ClassName=SMPS Member=Component PTP75 PTP_0.4mm
Added Member To Class: ClassName=SMPS Member=Component PTP76 PTP_0.4mm
Added Member To Class: ClassName=SMPS Member=Component PTP77 PTP_0.4mm
Added Member To Class: ClassName=SMPS Member=Component PTP78 PTP_0.4mm
Added Member To Class: ClassName=SMPS Member=Component PTP79 PTP_0.4mm
Added Member To Class: ClassName=SMPS Member=Component PTP80 PTP_0.4mm
Added Member To Class: ClassName=SMPS Member=Component PTP81 PTP_0.4mm
Added Member To Class: ClassName=SMPS Member=Component PTP82 PTP_0.4mm
Added Member To Class: ClassName=SMPS Member=Component PTP83 PTP_0.4mm
Added Member To Class: ClassName=SMPS Member=Component PTP84 PTP_0.4mm
Added Member To Class: ClassName=SMPS Member=Component PTP85 PTP_0.4mm
Added Member To Class: ClassName=IMX8_INTERFACE Member=Component PTP86 PTP_0.4mm
Added Member To Class: ClassName=IMX8_INTERFACE Member=Component PTP87 PTP_0.4mm
Added Member To Class: ClassName=IMX8_INTERFACE Member=Component PTP88 PTP_0.4mm
Added Member To Class: ClassName=IMX8_INTERFACE Member=Component PTP89 PTP_0.4mm
Add Class Member: Failed to add class member : Component PTP90 PTP_0.4mm
Added Member To Class: ClassName=USB_PER1 Member=Component PTP91 PTP_0.4mm
Added Member To Class: ClassName=USB_PER2 Member=Component PTP92 PTP_0.4mm
Added Member To Class: ClassName=USB_PER2 Member=Component PTP93 PTP_0.4mm
Added Member To Class: ClassName=USB_PER2 Member=Component PTP94 PTP_0.4mm
Added Member To Class: ClassName=IO_EXPANDER Member=Component PTP95 PTP_0.4mm
Added Member To Class: ClassName=IO_EXPANDER Member=Component PTP96 PTP_0.4mm
Added Member To Class: ClassName=IO_EXPANDER Member=Component PTP97 PTP_0.4mm
Added Member To Class: ClassName=IO_EXPANDER Member=Component PTP98 PTP_0.4mm
Added Member To Class: ClassName=IO_EXPANDER Member=Component PTP99 PTP_0.4mm
Added Member To Class: ClassName=IO_EXPANDER Member=Component PTP100 PTP_0.4mm
Added Member To Class: ClassName=IO_EXPANDER Member=Component PTP101 PTP_0.4mm
Added Member To Class: ClassName=SYSTEM_INTERFACE Member=Component PTP102 PTP_0.4mm
Added Member To Class: ClassName=SYSTEM_INTERFACE Member=Component PTP103 PTP_0.4mm
Added Member To Class: ClassName=SYSTEM_INTERFACE Member=Component PTP104 PTP_0.4mm
Add Class Member: Failed to add class member : Component PTP105 PTP_0.4mm
Added Member To Class: ClassName=mPCIe_Slot Member=Component PTP106 PTP_0.4mm
Added Member To Class: ClassName=mPCIe_Slot Member=Component PTP107 PTP_0.4mm
Added Member To Class: ClassName=mPCIe_Slot Member=Component PTP108 PTP_0.4mm
Added Member To Class: ClassName=mPCIe_Slot Member=Component PTP109 PTP_0.4mm
Added Member To Class: ClassName=mPCIe_Slot Member=Component PTP110 PTP_0.4mm
Added Member To Class: ClassName=mPCIe_Slot Member=Component PTP111 PTP_0.4mm
Added Member To Class: ClassName=mPCIe_Slot Member=Component PTP112 PTP_0.4mm
Added Member To Class: ClassName=mPCIe_Slot Member=Component PTP113 PTP_0.4mm
Added Member To Class: ClassName=mPCIe_Slot Member=Component PTP114 PTP_0.4mm
Added Member To Class: ClassName=mPCIe_Slot Member=Component PTP115 PTP_0.4mm
Added Member To Class: ClassName=mPCIe_Slot Member=Component PTP116 PTP_0.4mm
Added Member To Class: ClassName=SMPS Member=Component Q1 CSD17483F4
Added Member To Class: ClassName=mPCIe_Slot Member=Component Q3 PMZ390UNE
Added Member To Class: ClassName=IMX8_IO Member=Component QZ1 XTAL_CM8V-T1A-32_768KHZ-9PF-20PPM-TA-QC
Added Member To Class: ClassName=IMX8_IO Member=Component R1 RES_0201_NA
Added Member To Class: ClassName=IMX8_IO Member=Component R2 RES_0201_100k
Added Member To Class: ClassName=IMX8_IO Member=Component R3 RES_0201_100k
Added Member To Class: ClassName=IMX8_IO Member=Component R4 RES_0201_10k
Added Member To Class: ClassName=IMX8_IO Member=Component R5 RES_0201_NA
Added Member To Class: ClassName=IMX8_IO Member=Component R6 RES_0201_4M7
Added Member To Class: ClassName=IMX8_IO Member=Component R7 RES_0201_510k
Added Member To Class: ClassName=IMX8_LPDDR4 Member=Component R8 RES_0201_NA
Added Member To Class: ClassName=IMX8_LPDDR4 Member=Component R9 RES_0201_NA
Added Member To Class: ClassName=IMX8_LPDDR4 Member=Component R10 RES_0201_NA
Added Member To Class: ClassName=IMX8_LPDDR4 Member=Component R11 RES_0201_NA
Add Class Member: Failed to add class member : Component R13 RES_0201_240R
Add Class Member: Failed to add class member : Component R14 RES_0201_240R
Add Class Member: Failed to add class member : Component R15 RES_0201_240R
Added Member To Class: ClassName=IMX8_LPDDR4 Member=Component R16 RES_0201_NA
Added Member To Class: ClassName=IMX8_LPDDR4 Member=Component R17 RES_0201_NA
Add Class Member: Failed to add class member : Component R18 RES_0201_200R
Added Member To Class: ClassName=IMX8_PHY Member=Component R19 RES_0201_8k2
Add Class Member: Failed to add class member : Component R20 RES_0201_200R
Added Member To Class: ClassName=IMX8_DISPLAY Member=Component R21 RES_0201_10k
Added Member To Class: ClassName=IMX8_DISPLAY Member=Component R22 RES_0201_10k
Added Member To Class: ClassName=IMX8_DISPLAY Member=Component R23 RES_0201_10k
Added Member To Class: ClassName=IMX8_DISPLAY Member=Component R24 RES_0201_1k5
Added Member To Class: ClassName=IMX8_DISPLAY Member=Component R25 RES_0201_1k5
Added Member To Class: ClassName=IMX8_DISPLAY Member=Component R26 RES_0201_8k2
Added Member To Class: ClassName=IMX8_eMMC Member=Component R29 RES_0201_NA
Added Member To Class: ClassName=IMX8_eMMC Member=Component R30 RES_0201_NA
Added Member To Class: ClassName=IMX8_eMMC Member=Component R31 RES_0201_0R
Added Member To Class: ClassName=IMX8_eMMC Member=Component R32 RES_0201_0R
Added Member To Class: ClassName=IMX8_eMMC Member=Component R33 RES_0201_0R
Added Member To Class: ClassName=IMX8_eMMC Member=Component R34 10k
Added Member To Class: ClassName=IMX8_eMMC Member=Component R35 RES_0201_NA
Added Member To Class: ClassName=IMX8_eMMC Member=Component R36 RES_0201_0R
Added Member To Class: ClassName=IMX8_eMMC Member=Component R37 RES_0201_0R
Added Member To Class: ClassName=IMX8_eMMC Member=Component R38 RES_0201_0R
Added Member To Class: ClassName=IMX8_eMMC Member=Component R39 RES_0201_0R
Added Member To Class: ClassName=IMX8_eMMC Member=Component R40 RES_0201_4k7
Added Member To Class: ClassName=SMPS Member=Component R57 RES_0201_52k3
Added Member To Class: ClassName=SMPS Member=Component R58 RES_0201_100k
Added Member To Class: ClassName=SMPS Member=Component R59 RES_0201_100k
Added Member To Class: ClassName=SMPS Member=Component R60 RES_0201_9k76
Added Member To Class: ClassName=SMPS Member=Component R61 RES_0201_12k4
Added Member To Class: ClassName=SMPS Member=Component R62 RES_0201_10k
Added Member To Class: ClassName=SMPS Member=Component R63 RES_0201_121k
Added Member To Class: ClassName=SMPS Member=Component R64 RES_0201_7k15
Added Member To Class: ClassName=SMPS Member=Component R65 RES_0201_42k2
Added Member To Class: ClassName=SMPS Member=Component R66 RES_0201_40k2
Added Member To Class: ClassName=SMPS Member=Component R67 RES_0201_100k
Added Member To Class: ClassName=SMPS Member=Component R68 RES_0201_100k
Added Member To Class: ClassName=SMPS Member=Component R69 RES_0201_13k3
Added Member To Class: ClassName=SMPS Member=Component R70 RES_0201_100k
Added Member To Class: ClassName=SMPS Member=Component R71 RES_0201_11k
Added Member To Class: ClassName=SMPS Member=Component R72 RES_0201_56k2
Added Member To Class: ClassName=SMPS Member=Component R73 RES_0201_7k15
Added Member To Class: ClassName=IMX8_INTERFACE Member=Component R74 RES_0201_4k7
Added Member To Class: ClassName=IMX8_INTERFACE Member=Component R75 RES_0201_4k7
Added Member To Class: ClassName=IMX8_INTERFACE Member=Component R76 RES_0201_4k7
Added Member To Class: ClassName=IMX8_INTERFACE Member=Component R77 RES_0201_4k7
Added Member To Class: ClassName=IMX8_INTERFACE Member=Component R78 RES_0201_4k7
Added Member To Class: ClassName=IMX8_INTERFACE Member=Component R79 RES_0201_4k7
Added Member To Class: ClassName=IMX8_INTERFACE Member=Component R80 RES_0201_4k7
Added Member To Class: ClassName=IMX8_INTERFACE Member=Component R81 RES_0201_4k7
Added Member To Class: ClassName=IMX8_INTERFACE Member=Component R82 RES_0201_4k7
Added Member To Class: ClassName=IMX8_INTERFACE Member=Component R83 RES_0201_4k7
Added Member To Class: ClassName=IMX8_INTERFACE Member=Component R84 RES_0201_4k7
Added Member To Class: ClassName=IMX8_INTERFACE Member=Component R85 RES_0201_4k7
Added Member To Class: ClassName=IMX8_INTERFACE Member=Component R86 RES_0201_0R
Added Member To Class: ClassName=IMX8_INTERFACE Member=Component R87 RES_0201_2k26
Added Member To Class: ClassName=IMX8_INTERFACE Member=Component R88 RES_0201_2k26
Added Member To Class: ClassName=IMX8_INTERFACE Member=Component R89 RES_0201_2k26
Added Member To Class: ClassName=IMX8_INTERFACE Member=Component R90 RES_0201_2k26
Added Member To Class: ClassName=IMX8_INTERFACE Member=Component R91 RES_0201_100k
Added Member To Class: ClassName=IMX8_INTERFACE Member=Component R92 RES_0201_100k
Added Member To Class: ClassName=IMX8_INTERFACE Member=Component R93 RES_0201_100k
Added Member To Class: ClassName=IMX8_INTERFACE Member=Component R94 RES_0201_100k
Added Member To Class: ClassName=USB_HUB Member=Component R95 RES_0201_12k
Added Member To Class: ClassName=USB_HUB Member=Component R96 RES_0201_10k
Added Member To Class: ClassName=USB_HUB Member=Component R97 RES_0201_10k
Added Member To Class: ClassName=USB_HUB Member=Component R98 RES_0201_10k
Added Member To Class: ClassName=USB_HUB Member=Component R99 RES_0201_10k
Added Member To Class: ClassName=USB_HUB Member=Component R100 FERRITE_0402_BLM15KD
Added Member To Class: ClassName=USB_HUB Member=Component R101 FERRITE_0402_BLM15KD
Added Member To Class: ClassName=USB_PER1 Member=Component R102 FERRITE_0402_BLM15KD
Added Member To Class: ClassName=USB_PER1 Member=Component R103 FERRITE_0402_BLM15KD
Added Member To Class: ClassName=USB_PER1 Member=Component R104 RES_0201_100k
Added Member To Class: ClassName=USB_PER1 Member=Component R105 RES_0201_100k
Added Member To Class: ClassName=USB_PER1 Member=Component R106 RES_0201_NA
Added Member To Class: ClassName=USB_PER1 Member=Component R107 RES_0201_10k
Added Member To Class: ClassName=USB_PER1 Member=Component R108 RES_0201_10k
Added Member To Class: ClassName=USB_PER1 Member=Component R109 RES_0201_10k
Added Member To Class: ClassName=USB_PER1 Member=Component R110 RES_0201_10k
Added Member To Class: ClassName=USB_PER2 Member=Component R111 FERRITE_0402_BLM15KD
Added Member To Class: ClassName=USB_PER2 Member=Component R112 FERRITE_0402_BLM15KD
Added Member To Class: ClassName=USB_PER2 Member=Component R113 RES_0201_100k
Added Member To Class: ClassName=USB_PER2 Member=Component R114 RES_0201_100k
Added Member To Class: ClassName=USB_PER2 Member=Component R115 RES_0201_NA
Added Member To Class: ClassName=USB_PER2 Member=Component R116 RES_0201_10k
Added Member To Class: ClassName=USB_PER2 Member=Component R117 RES_0201_10k
Added Member To Class: ClassName=USB_PER2 Member=Component R118 RES_0201_10k
Added Member To Class: ClassName=USB_PER2 Member=Component R119 RES_0201_10k
Added Member To Class: ClassName=IO_EXPANDER Member=Component R120 RES_0201_100k
Added Member To Class: ClassName=IO_EXPANDER Member=Component R121 RES_0201_10k
Added Member To Class: ClassName=IO_EXPANDER Member=Component R122 RES_0201_10k
Added Member To Class: ClassName=IO_EXPANDER Member=Component R123 RES_0201_150k
Added Member To Class: ClassName=IO_EXPANDER Member=Component R124 RES_0201_180k
Added Member To Class: ClassName=IO_EXPANDER Member=Component R125 RES_0201_100k
Added Member To Class: ClassName=IO_EXPANDER Member=Component R126 RES_0201_100k
Added Member To Class: ClassName=IO_EXPANDER Member=Component R127 RES_0201_100k
Added Member To Class: ClassName=IO_EXPANDER Member=Component R128 RES_0201_100k
Added Member To Class: ClassName=ETHERNET Member=Component R129 RES_0201_4k7
Added Member To Class: ClassName=ETHERNET Member=Component R130 RES_0201_4k7
Added Member To Class: ClassName=ETHERNET Member=Component R131 RES_0201_4k7
Added Member To Class: ClassName=ETHERNET Member=Component R132 RES_0201_2k49
Added Member To Class: ClassName=ETHERNET Member=Component R133 RES_0201_4k7
Added Member To Class: ClassName=ETHERNET Member=Component R134 RES_0201_4k7
Added Member To Class: ClassName=ETHERNET Member=Component R135 RES_0201_4k7
Added Member To Class: ClassName=ETHERNET Member=Component R136 RES_0201_2k49
Added Member To Class: ClassName=SYSTEM_INTERFACE Member=Component R137 RES_0201_0R
Add Class Member: Failed to add class member : Component R138 RES_0201_1M
Added Member To Class: ClassName=mPCIe_Slot Member=Component R139 RES_0201_10k
Added Member To Class: ClassName=mPCIe_Slot Member=Component R140 RES_0201_100k
Add Class Member: Failed to add class member : Component R141 RES_0201_0R
Added Member To Class: ClassName=mPCIe_Slot Member=Component R142 RES_0201_0R
Added Member To Class: ClassName=mPCIe_Slot Member=Component R143 RES_0201_0R
Added Member To Class: ClassName=mPCIe_Slot Member=Component R144 RES_0201_NA
Added Member To Class: ClassName=IMX8_INTERFACE Member=Component S2 219-4MST
Add Class Member: Failed to add class member : Component STP1 PCIe_miniCard
Added Member To Class: ClassName=IMX8_DISPLAY Member=Component T1 EMI_ESD_PCMF1USB3SZ
Added Member To Class: ClassName=IMX8_eMMC Member=Component T2 TVS_0201_2.5pF_5V
Added Member To Class: ClassName=SMPS Member=Component T3 TVS_SD36C-01FTG
Added Member To Class: ClassName=USB_HUB Member=Component T4 TVS_0201_10pF
Added Member To Class: ClassName=USB_PER1 Member=Component T6 TVS_0201_10pF
Added Member To Class: ClassName=USB_PER2 Member=Component T7 TVS_0201_10pF
Added Member To Class: ClassName=SYSTEM_INTERFACE Member=Component T8 EMI_ESD_ECMF4-2450A60N10
Added Member To Class: ClassName=SYSTEM_INTERFACE Member=Component T9 EMI_ESD_ECMF4-2450A60N10
Added Member To Class: ClassName=mPCIe_Slot Member=Component T10 TVS_0201_2.5pF_5V
Added Member To Class: ClassName=mPCIe_Slot Member=Component T11 EMI_Filter_DLM0NSM900HY2
Added Member To Class: ClassName=mPCIe_Slot Member=Component T12 EMI_Filter_DLM0NSM900HY2
Added Member To Class: ClassName=mPCIe_Slot Member=Component T13 TVS_0201_2.5pF_5V
Added Member To Class: ClassName=mPCIe_Slot Member=Component T14 EMI_Filter_DLM0NSM900HY2
Added Member To Class: ClassName=mPCIe_Slot Member=Component T15 EMI_Filter_DLM0NSM900HY2
Added Member To Class: ClassName=mPCIe_Slot Member=Component T16 TVS_0201_2.5pF_5V
Added Member To Class: ClassName=mPCIe_Slot Member=Component T17 TVS_0201_2.5pF_5V
Added Member To Class: ClassName=mPCIe_Slot Member=Component T18 TVS_0201_2.5pF_5V
Added Member To Class: ClassName=mPCIe_Slot Member=Component T19 TVS_0201_2.5pF_5V
Added Member To Class: ClassName=mPCIe_Slot Member=Component T20 TVS_0201_2.5pF_5V
Added Member To Class: ClassName=mPCIe_Slot Member=Component T21 TVS_0201_2.5pF_5V
Added Member To Class: ClassName=mPCIe_Slot Member=Component T22 TVS_0201_2.5pF_5V
Added Member To Class: ClassName=mPCIe_Slot Member=Component T23 TVS_0201_2.5pF_5V
Added Member To Class: ClassName=IMX8_LPDDR4 Member=Component U2 MT53E2G32D4DE-046 AAT:C
Added Member To Class: ClassName=IMX8_DISPLAY Member=Component U3 TPD12S016RKT
Add Class Member: Failed to add class member : Component U5 MT25QU256ABA1EW7-0SIT
Added Member To Class: ClassName=SMPS Member=Component U8 TPSM64406RCHR
Added Member To Class: ClassName=SMPS Member=Component U9 TPSM64406RCHR
Added Member To Class: ClassName=IMX8_INTERFACE Member=Component U10 SN74AVC1T45DCKR
Added Member To Class: ClassName=USB_HUB Member=Component U11 USB2514Bi_M2
Add Class Member: Failed to add class member : Component U12 MAX14575C
Added Member To Class: ClassName=USB_PER1 Member=Component U13 PTN36043BBXY
Add Class Member: Failed to add class member : Component U14 PTN5150AHXMP
Add Class Member: Failed to add class member : Component U15 MAX14575C
Added Member To Class: ClassName=USB_PER2 Member=Component U16 PTN36043BBXY
Add Class Member: Failed to add class member : Component U17 PTN5150AHXMP
Added Member To Class: ClassName=IO_EXPANDER Member=Component U18 PCAL6416AEVJ_VFBGA24
Added Member To Class: ClassName=IO_EXPANDER Member=Component U19 MAX14595ETA+T
Add Class Member: Failed to add class member : Component U20 PCAL6416AEVJ_VFBGA24
Added Member To Class: ClassName=ETHERNET Member=Component U21 MXL86110I-AQB
Added Member To Class: ClassName=ETHERNET Member=Component U22 MXL86110I-AQB
Added Member To Class: ClassName=SYSTEM_INTERFACE Member=Component U23 SE050E2HQ1/Z01Z3Z
Added Member To Class: ClassName=mPCIe_Slot Member=Component U24 74LVC2G17GS
Added Member To Class: ClassName=IMX8_DISPLAY Member=Component X1 Molex_uHDMI_46765-0001
Added Member To Class: ClassName=SYSTEM_INTERFACE Member=Component X2 GH-Connector_SM09B-GHS-TB
Added Member To Class: ClassName=mPCIe_Slot Member=Component X3 1775862-2_TE
Added Member To Class: ClassName=IMX8_IO Member=Component Y1 XTAL_24M_10ppm_9pF_+105C
Added Member To Class: ClassName=USB_HUB Member=Component Y2 XTAL_24M_10ppm_9pF_+105C
Added Member To Class: ClassName=ETHERNET Member=Component Y3 XTAL_25M_ECS_2016_4-SMD
Added Member To Class: ClassName=mPCIe_Slot Member=Component Y5 9FGV0241AKILF
Added Member To Class: ClassName=mPCIe_Slot Member=Component Y6 XTAL_25M_ECS_2016_4-SMD
Added Member To Class: ClassName=PCIe Member=Wire mPCIe_CLK_N
Added Member To Class: ClassName=PCIe Member=Wire mPCIe_CLK_P
Remove Class Member: Failed to remove class member
Remove Class Member: Failed to remove class member
Remove Class Member: Failed to remove class member
Added Member To Class: ClassName=85 Member=mPCIe_CLK
