Remove Pin from Net: Failed to remove Pin
Remove Pin from Net: Failed to remove Pin
Remove Pin from Net: Failed to remove Pin
Remove Pin from Net: Failed to remove Pin
Remove Pin from Net: Failed to remove Pin
Remove Pin from Net: Failed to remove Pin
Remove Pin from Net: Failed to remove Pin
Remove Pin from Net: Failed to remove Pin
Removed Pin From Net: NetName=GND Pin=C98-1
Removed Pin From Net: NetName=GND Pin=C99-2
Removed Pin From Net: NetName=GND Pin=C100-2
Removed Pin From Net: NetName=GND Pin=C101-2
Removed Pin From Net: NetName=GND Pin=C102-2
Removed Pin From Net: NetName=GND Pin=C103-2
Removed Pin From Net: NetName=GND Pin=C104-2
Removed Pin From Net: NetName=GND Pin=C105-1
Removed Pin From Net: NetName=5V0_SMPS Pin=C105-2
Removed Pin From Net: NetName=GND Pin=C106-1
Removed Pin From Net: NetName=GND Pin=C107-1
Removed Pin From Net: NetName=GND Pin=C108-2
Removed Pin From Net: NetName=GND Pin=C109-2
Removed Pin From Net: NetName=GND Pin=C110-1
Removed Pin From Net: NetName=GND Pin=C111-1
Removed Pin From Net: NetName=GND Pin=C112-2
Removed Pin From Net: NetName=GND Pin=C113-1
Removed Pin From Net: NetName=GND Pin=C114-2
Removed Pin From Net: NetName=GND Pin=C115-2
Removed Pin From Net: NetName=GND Pin=C116-2
Removed Pin From Net: NetName=GND Pin=C117-2
Removed Pin From Net: NetName=GND Pin=C118-2
Removed Pin From Net: NetName=GND Pin=C119-2
Removed Pin From Net: NetName=GND Pin=C120-2
Removed Pin From Net: NetName=GND Pin=C121-2
Removed Pin From Net: NetName=GND Pin=C122-1
Removed Pin From Net: NetName=GND Pin=C123-2
Remove Pin from Net: Failed to remove Pin
Remove Pin from Net: Failed to remove Pin
Removed Pin From Net: NetName=GND Pin=C?-1
Remove Pin from Net: Failed to remove Pin
Remove Pin from Net: Failed to remove Pin
Remove Pin from Net: Failed to remove Pin
Remove Pin from Net: Failed to remove Pin
Remove Pin from Net: Failed to remove Pin
Remove Pin from Net: Failed to remove Pin
Remove Pin from Net: Failed to remove Pin
Remove Pin from Net: Failed to remove Pin
Remove Pin from Net: Failed to remove Pin
Remove Pin from Net: Failed to remove Pin
Remove Pin from Net: Failed to remove Pin
Remove Pin from Net: Failed to remove Pin
Remove Pin from Net: Failed to remove Pin
Remove Pin from Net: Failed to remove Pin
Remove Pin from Net: Failed to remove Pin
Remove Pin from Net: Failed to remove Pin
Remove Pin from Net: Failed to remove Pin
Remove Pin from Net: Failed to remove Pin
Remove Pin from Net: Failed to remove Pin
Remove Pin from Net: Failed to remove Pin
Remove Pin from Net: Failed to remove Pin
Remove Pin from Net: Failed to remove Pin
Remove Pin from Net: Failed to remove Pin
Remove Pin from Net: Failed to remove Pin
Remove Pin from Net: Failed to remove Pin
Remove Pin from Net: Failed to remove Pin
Remove Pin from Net: Failed to remove Pin
Remove Pin from Net: Failed to remove Pin
Remove Pin from Net: Failed to remove Pin
Remove Pin from Net: Failed to remove Pin
Remove Pin from Net: Failed to remove Pin
Remove Pin from Net: Failed to remove Pin
Remove Pin from Net: Failed to remove Pin
Remove Pin from Net: Failed to remove Pin
Remove Pin from Net: Failed to remove Pin
Remove Pin from Net: Failed to remove Pin
Remove Pin from Net: Failed to remove Pin
Remove Pin from Net: Failed to remove Pin
Remove Pin from Net: Failed to remove Pin
Remove Pin from Net: Failed to remove Pin
Remove Pin from Net: Failed to remove Pin
Remove Pin from Net: Failed to remove Pin
Remove Pin from Net: Failed to remove Pin
Remove Pin from Net: Failed to remove Pin
Remove Pin from Net: Failed to remove Pin
Remove Pin from Net: Failed to remove Pin
Remove Pin from Net: Failed to remove Pin
Remove Pin from Net: Failed to remove Pin
Remove Pin from Net: Failed to remove Pin
Remove Pin from Net: Failed to remove Pin
Remove Pin from Net: Failed to remove Pin
Remove Pin from Net: Failed to remove Pin
Remove Pin from Net: Failed to remove Pin
Remove Pin from Net: Failed to remove Pin
Remove Pin from Net: Failed to remove Pin
Remove Pin from Net: Failed to remove Pin
Remove Pin from Net: Failed to remove Pin
Remove Pin from Net: Failed to remove Pin
Remove Pin from Net: Failed to remove Pin
Remove Pin from Net: Failed to remove Pin
Remove Pin from Net: Failed to remove Pin
Remove Pin from Net: Failed to remove Pin
Remove Pin from Net: Failed to remove Pin
Remove Pin from Net: Failed to remove Pin
Remove Pin from Net: Failed to remove Pin
Remove Pin from Net: Failed to remove Pin
Remove Pin from Net: Failed to remove Pin
Remove Pin from Net: Failed to remove Pin
Remove Pin from Net: Failed to remove Pin
Remove Pin from Net: Failed to remove Pin
Remove Pin from Net: Failed to remove Pin
Remove Pin from Net: Failed to remove Pin
Remove Pin from Net: Failed to remove Pin
Remove Pin from Net: Failed to remove Pin
Remove Pin from Net: Failed to remove Pin
Remove Pin from Net: Failed to remove Pin
Remove Pin from Net: Failed to remove Pin
Remove Pin from Net: Failed to remove Pin
Remove Pin from Net: Failed to remove Pin
Remove Pin from Net: Failed to remove Pin
Remove Pin from Net: Failed to remove Pin
Remove Pin from Net: Failed to remove Pin
Remove Pin from Net: Failed to remove Pin
Remove Pin from Net: Failed to remove Pin
Remove Pin from Net: Failed to remove Pin
Remove Pin from Net: Failed to remove Pin
Remove Pin from Net: Failed to remove Pin
Remove Pin from Net: Failed to remove Pin
Remove Pin from Net: Failed to remove Pin
Remove Pin from Net: Failed to remove Pin
Remove Pin from Net: Failed to remove Pin
Remove Pin from Net: Failed to remove Pin
Remove Pin from Net: Failed to remove Pin
Remove Pin from Net: Failed to remove Pin
Remove Pin from Net: Failed to remove Pin
Remove Pin from Net: Failed to remove Pin
Remove Pin from Net: Failed to remove Pin
Remove Pin from Net: Failed to remove Pin
Remove Pin from Net: Failed to remove Pin
Remove Pin from Net: Failed to remove Pin
Remove Pin from Net: Failed to remove Pin
Remove Pin from Net: Failed to remove Pin
Remove Pin from Net: Failed to remove Pin
Remove Pin from Net: Failed to remove Pin
Remove Pin from Net: Failed to remove Pin
Remove Pin from Net: Failed to remove Pin
Remove Pin from Net: Failed to remove Pin
Remove Pin from Net: Failed to remove Pin
Remove Pin from Net: Failed to remove Pin
Remove Pin from Net: Failed to remove Pin
Remove Pin from Net: Failed to remove Pin
Remove Pin from Net: Failed to remove Pin
Remove Pin from Net: Failed to remove Pin
Remove Pin from Net: Failed to remove Pin
Remove Pin from Net: Failed to remove Pin
Remove Pin from Net: Failed to remove Pin
Remove Pin from Net: Failed to remove Pin
Remove Pin from Net: Failed to remove Pin
Remove Pin from Net: Failed to remove Pin
Remove Pin from Net: Failed to remove Pin
Remove Pin from Net: Failed to remove Pin
Remove Pin from Net: Failed to remove Pin
Remove Pin from Net: Failed to remove Pin
Remove Pin from Net: Failed to remove Pin
Remove Pin from Net: Failed to remove Pin
Remove Pin from Net: Failed to remove Pin
Remove Pin from Net: Failed to remove Pin
Remove Pin from Net: Failed to remove Pin
Remove Pin from Net: Failed to remove Pin
Remove Pin from Net: Failed to remove Pin
Remove Pin from Net: Failed to remove Pin
Remove Pin from Net: Failed to remove Pin
Remove Pin from Net: Failed to remove Pin
Remove Pin from Net: Failed to remove Pin
Remove Pin from Net: Failed to remove Pin
Remove Pin from Net: Failed to remove Pin
Remove Pin from Net: Failed to remove Pin
Remove Pin from Net: Failed to remove Pin
Remove Pin from Net: Failed to remove Pin
Remove Pin from Net: Failed to remove Pin
Remove Pin from Net: Failed to remove Pin
Remove Pin from Net: Failed to remove Pin
Remove Pin from Net: Failed to remove Pin
Remove Pin from Net: Failed to remove Pin
Remove Pin from Net: Failed to remove Pin
Remove Pin from Net: Failed to remove Pin
Remove Pin from Net: Failed to remove Pin
Remove Pin from Net: Failed to remove Pin
Remove Pin from Net: Failed to remove Pin
Remove Pin from Net: Failed to remove Pin
Remove Pin from Net: Failed to remove Pin
Remove Pin from Net: Failed to remove Pin
Remove Pin from Net: Failed to remove Pin
Remove Pin from Net: Failed to remove Pin
Remove Pin from Net: Failed to remove Pin
Remove Pin from Net: Failed to remove Pin
Remove Pin from Net: Failed to remove Pin
Remove Pin from Net: Failed to remove Pin
Remove Pin from Net: Failed to remove Pin
Remove Pin from Net: Failed to remove Pin
Remove Pin from Net: Failed to remove Pin
Remove Pin from Net: Failed to remove Pin
Remove Pin from Net: Failed to remove Pin
Remove Pin from Net: Failed to remove Pin
Remove Pin from Net: Failed to remove Pin
Remove Pin from Net: Failed to remove Pin
Remove Pin from Net: Failed to remove Pin
Remove Pin from Net: Failed to remove Pin
Remove Pin from Net: Failed to remove Pin
Remove Pin from Net: Failed to remove Pin
Remove Pin from Net: Failed to remove Pin
Remove Pin from Net: Failed to remove Pin
Remove Pin from Net: Failed to remove Pin
Remove Pin from Net: Failed to remove Pin
Remove Pin from Net: Failed to remove Pin
Remove Pin from Net: Failed to remove Pin
Remove Pin from Net: Failed to remove Pin
Remove Pin from Net: Failed to remove Pin
Remove Pin from Net: Failed to remove Pin
Remove Pin from Net: Failed to remove Pin
Remove Pin from Net: Unknown Pin: Pin J?-1
Remove Pin from Net: Unknown Pin: Pin J?-1
Remove Pin from Net: Unknown Pin: Pin J?-1
Remove Pin from Net: Unknown Pin: Pin J?-1
Removed Pin From Net: NetName=VDD_3V3 Pin=J?-1
Remove Pin from Net: Unknown Pin: Pin J?-2
Removed Pin From Net: NetName=GND Pin=J?-3
Remove Pin from Net: Unknown Pin: Pin J?-3
Remove Pin from Net: Unknown Pin: Pin J?-4
Remove Pin from Net: Unknown Pin: Pin J?-5
Removed Pin From Net: NetName=GND Pin=J?-5
Remove Pin from Net: Unknown Pin: Pin J?-6
Remove Pin from Net: Unknown Pin: Pin J?-7
Removed Pin From Net: NetName=GND Pin=J?-7
Remove Pin from Net: Unknown Pin: Pin J?-8
Removed Pin From Net: NetName=GND Pin=J?-9
Remove Pin from Net: Unknown Pin: Pin J?-9
Remove Pin from Net: Unknown Pin: Pin J?-9
Remove Pin from Net: Unknown Pin: Pin J?-10
Remove Pin from Net: Unknown Pin: Pin J?-10
Removed Pin From Net: NetName=5V0_SMPS Pin=J?-11
Remove Pin from Net: Unknown Pin: Pin J?-11
Remove Pin from Net: Unknown Pin: Pin J?-11
Remove Pin from Net: Unknown Pin: Pin J?-12
Remove Pin from Net: Unknown Pin: Pin J?-12
Remove Pin from Net: Unknown Pin: Pin J?-13
Removed Pin From Net: NetName=VDD_1V8 Pin=J?-13
Remove Pin from Net: Unknown Pin: Pin J?-13
Remove Pin from Net: Unknown Pin: Pin J?-14
Removed Pin From Net: NetName=GND Pin=J?-15
Remove Pin from Net: Unknown Pin: Pin J?-15
Remove Pin from Net: Unknown Pin: Pin J?-16
Removed Pin From Net: NetName=GND Pin=J?-17
Remove Pin from Net: Unknown Pin: Pin J?-17
Remove Pin from Net: Unknown Pin: Pin J?-18
Removed Pin From Net: NetName=GND Pin=J?-19
Remove Pin from Net: Unknown Pin: Pin J?-19
Remove Pin from Net: Unknown Pin: Pin J?-20
Remove Pin from Net: Unknown Pin: Pin J?-21
Removed Pin From Net: NetName=GND Pin=J?-21
Remove Pin from Net: Unknown Pin: Pin J?-22
Removed Pin From Net: NetName=GND Pin=J?-23
Remove Pin from Net: Unknown Pin: Pin J?-23
Remove Pin from Net: Unknown Pin: Pin J?-24
Remove Pin from Net: Unknown Pin: Pin J?-25
Removed Pin From Net: NetName=I2C1_SCL Pin=J?-25
Remove Pin from Net: Unknown Pin: Pin J?-26
Remove Pin from Net: Unknown Pin: Pin J?-27
Removed Pin From Net: NetName=I2C1_SDA Pin=J?-27
Removed Pin From Net: NetName=GND Pin=J?-28
Remove Pin from Net: Unknown Pin: Pin J?-28
Removed Pin From Net: NetName=I2C2_SCL Pin=J?-29
Remove Pin from Net: Unknown Pin: Pin J?-29
Remove Pin from Net: Unknown Pin: Pin J?-30
Removed Pin From Net: NetName=GND Pin=J?-30
Removed Pin From Net: NetName=I2C2_SDA Pin=J?-31
Remove Pin from Net: Unknown Pin: Pin J?-31
Remove Pin from Net: Unknown Pin: Pin J?-32
Removed Pin From Net: NetName=I2C3_SCL Pin=J?-33
Remove Pin from Net: Unknown Pin: Pin J?-33
Removed Pin From Net: NetName=ECSPI2_MOSI Pin=J?-34
Remove Pin from Net: Unknown Pin: Pin J?-34
Removed Pin From Net: NetName=I2C3_SDA Pin=J?-35
Remove Pin from Net: Unknown Pin: Pin J?-35
Removed Pin From Net: NetName=ECSPI2_MISO Pin=J?-36
Remove Pin from Net: Unknown Pin: Pin J?-36
Removed Pin From Net: NetName=I2C4_SCL Pin=J?-37
Remove Pin from Net: Unknown Pin: Pin J?-37
Removed Pin From Net: NetName=ECSPI2_SCLK Pin=J?-38
Remove Pin from Net: Unknown Pin: Pin J?-38
Removed Pin From Net: NetName=I2C4_SDA Pin=J?-39
Remove Pin from Net: Unknown Pin: Pin J?-39
Remove Pin from Net: Unknown Pin: Pin J?-40
Removed Pin From Net: NetName=GND Pin=J?-40
Remove Pin from Net: Failed to remove Pin
Removed Pin From Net: NetName=GND Pin=J?-A1
Remove Pin from Net: Failed to remove Pin
Remove Pin from Net: Failed to remove Pin
Removed Pin From Net: NetName=USB1_D_P Pin=J?-A6
Removed Pin From Net: NetName=USB1_D_N Pin=J?-A7
Remove Pin from Net: Failed to remove Pin
Remove Pin from Net: Failed to remove Pin
Removed Pin From Net: NetName=GND Pin=J?-A12
Remove Pin from Net: Failed to remove Pin
Remove Pin from Net: Failed to remove Pin
Remove Pin from Net: Failed to remove Pin
Remove Pin from Net: Failed to remove Pin
Removed Pin From Net: NetName=GND Pin=J?-B1
Removed Pin From Net: NetName=USB1_D_P Pin=J?-B6
Removed Pin From Net: NetName=USB1_D_N Pin=J?-B7
Remove Pin from Net: Failed to remove Pin
Removed Pin From Net: NetName=GND Pin=J?-B12
Remove Pin from Net: Failed to remove Pin
Remove Pin from Net: Failed to remove Pin
Removed Pin From Net: NetName=5V0_SMPS Pin=L9-2
Remove Pin from Net: Failed to remove Pin
Remove Pin from Net: Failed to remove Pin
Remove Pin from Net: Failed to remove Pin
Remove Pin from Net: Failed to remove Pin
Remove Pin from Net: Failed to remove Pin
Remove Pin from Net: Failed to remove Pin
Remove Pin from Net: Failed to remove Pin
Remove Pin from Net: Failed to remove Pin
Remove Pin from Net: Failed to remove Pin
Remove Pin from Net: Failed to remove Pin
Remove Pin from Net: Failed to remove Pin
Remove Pin from Net: Failed to remove Pin
Remove Pin from Net: Failed to remove Pin
Remove Pin from Net: Failed to remove Pin
Remove Pin from Net: Failed to remove Pin
Remove Pin from Net: Failed to remove Pin
Removed Pin From Net: NetName=5V0_SMPS Pin=PTP26-1
Remove Pin from Net: Failed to remove Pin
Remove Pin from Net: Failed to remove Pin
Remove Pin from Net: Failed to remove Pin
Remove Pin from Net: Failed to remove Pin
Remove Pin from Net: Failed to remove Pin
Remove Pin from Net: Failed to remove Pin
Remove Pin from Net: Failed to remove Pin
Remove Pin from Net: Failed to remove Pin
Remove Pin from Net: Failed to remove Pin
Remove Pin from Net: Failed to remove Pin
Remove Pin from Net: Failed to remove Pin
Remove Pin from Net: Failed to remove Pin
Remove Pin from Net: Failed to remove Pin
Removed Pin From Net: NetName=GND Pin=R13-2
Removed Pin From Net: NetName=GND Pin=R16-2
Removed Pin From Net: NetName=GND Pin=R17-1
Remove Pin from Net: Failed to remove Pin
Remove Pin from Net: Failed to remove Pin
Remove Pin from Net: Failed to remove Pin
Remove Pin from Net: Failed to remove Pin
Remove Pin from Net: Failed to remove Pin
Remove Pin from Net: Failed to remove Pin
Remove Pin from Net: Failed to remove Pin
Remove Pin from Net: Failed to remove Pin
Remove Pin from Net: Failed to remove Pin
Remove Pin from Net: Failed to remove Pin
Remove Pin from Net: Failed to remove Pin
Remove Pin from Net: Failed to remove Pin
Remove Pin from Net: Failed to remove Pin
Remove Pin from Net: Failed to remove Pin
Remove Pin from Net: Failed to remove Pin
Remove Pin from Net: Failed to remove Pin
Remove Pin from Net: Failed to remove Pin
Remove Pin from Net: Failed to remove Pin
Remove Pin from Net: Failed to remove Pin
Remove Pin from Net: Failed to remove Pin
Remove Pin from Net: Failed to remove Pin
Remove Pin from Net: Failed to remove Pin
Remove Pin from Net: Failed to remove Pin
Remove Pin from Net: Failed to remove Pin
Remove Pin from Net: Failed to remove Pin
Remove Pin from Net: Failed to remove Pin
Remove Pin from Net: Failed to remove Pin
Remove Pin from Net: Failed to remove Pin
Remove Pin from Net: Failed to remove Pin
Remove Pin from Net: Failed to remove Pin
Remove Pin from Net: Failed to remove Pin
Remove Pin from Net: Failed to remove Pin
Remove Pin from Net: Failed to remove Pin
Remove Pin from Net: Failed to remove Pin
Removed Pin From Net: NetName=NVCC_DRAM_1V1 Pin=R?-1
Remove Pin from Net: Failed to remove Pin
Remove Pin from Net: Failed to remove Pin
Remove Pin from Net: Failed to remove Pin
Remove Pin from Net: Failed to remove Pin
Remove Pin from Net: Failed to remove Pin
Remove Pin from Net: Failed to remove Pin
Remove Pin from Net: Failed to remove Pin
Remove Pin from Net: Failed to remove Pin
Remove Pin from Net: Failed to remove Pin
Remove Pin from Net: Failed to remove Pin
Remove Pin from Net: Failed to remove Pin
Remove Pin from Net: Failed to remove Pin
Remove Pin from Net: Failed to remove Pin
Remove Pin from Net: Failed to remove Pin
Remove Pin from Net: Failed to remove Pin
Remove Pin from Net: Failed to remove Pin
Remove Pin from Net: Failed to remove Pin
Remove Pin from Net: Failed to remove Pin
Remove Pin from Net: Failed to remove Pin
Remove Pin from Net: Failed to remove Pin
Remove Pin from Net: Failed to remove Pin
Remove Pin from Net: Failed to remove Pin
Remove Pin from Net: Failed to remove Pin
Remove Pin from Net: Failed to remove Pin
Remove Pin from Net: Failed to remove Pin
Remove Pin from Net: Failed to remove Pin
Remove Pin from Net: Failed to remove Pin
Remove Pin from Net: Failed to remove Pin
Remove Pin from Net: Failed to remove Pin
Remove Pin from Net: Failed to remove Pin
Removed Pin From Net: NetName=VDD_3V3 Pin=R?-2
Remove Pin from Net: Failed to remove Pin
Remove Pin from Net: Failed to remove Pin
Remove Pin from Net: Failed to remove Pin
Remove Pin from Net: Failed to remove Pin
Remove Pin from Net: Failed to remove Pin
Remove Pin from Net: Failed to remove Pin
Remove Pin from Net: Failed to remove Pin
Remove Pin from Net: Failed to remove Pin
Remove Pin from Net: Failed to remove Pin
Remove Pin from Net: Failed to remove Pin
Remove Pin from Net: Failed to remove Pin
Remove Pin from Net: Failed to remove Pin
Remove Pin from Net: Failed to remove Pin
Remove Pin from Net: Failed to remove Pin
Remove Pin from Net: Failed to remove Pin
Remove Pin from Net: Failed to remove Pin
Remove Pin from Net: Failed to remove Pin
Remove Pin from Net: Failed to remove Pin
Remove Pin from Net: Failed to remove Pin
Remove Pin from Net: Failed to remove Pin
Remove Pin from Net: Failed to remove Pin
Remove Pin from Net: Failed to remove Pin
Remove Pin from Net: Failed to remove Pin
Remove Pin from Net: Failed to remove Pin
Remove Pin from Net: Failed to remove Pin
Remove Pin from Net: Failed to remove Pin
Remove Pin from Net: Failed to remove Pin
Remove Pin from Net: Failed to remove Pin
Remove Pin from Net: Unknown Pin: Pin T?-3
Remove Pin from Net: Unknown Pin: Pin T?-3
Remove Pin from Net: Unknown Pin: Pin T?-8
Remove Pin from Net: Unknown Pin: Pin T?-8
Remove Pin from Net: Unknown Pin: Pin T?-B1
Removed Pin From Net: NetName=GND Pin=U4-6
Removed Pin From Net: NetName=GND Pin=U4-13
Removed Pin From Net: NetName=GND Pin=U4-26
Removed Pin From Net: NetName=GND Pin=U4-28
Remove Pin from Net: Unknown Pin: Pin U?-1
Remove Pin from Net: Unknown Pin: Pin U?-1
Remove Pin from Net: Unknown Pin: Pin U?-1
Remove Pin from Net: Unknown Pin: Pin U?-2
Remove Pin from Net: Unknown Pin: Pin U?-2
Remove Pin from Net: Unknown Pin: Pin U?-2
Remove Pin from Net: Unknown Pin: Pin U?-3
Remove Pin from Net: Unknown Pin: Pin U?-3
Remove Pin from Net: Unknown Pin: Pin U?-3
Remove Pin from Net: Unknown Pin: Pin U?-5
Remove Pin from Net: Unknown Pin: Pin U?-5
Remove Pin from Net: Unknown Pin: Pin U?-5
Remove Pin from Net: Unknown Pin: Pin U?-6
Remove Pin from Net: Unknown Pin: Pin U?-6
Remove Pin from Net: Unknown Pin: Pin U?-6
Remove Pin from Net: Unknown Pin: Pin U?-6
Remove Pin from Net: Unknown Pin: Pin U?-7
Remove Pin from Net: Unknown Pin: Pin U?-8
Remove Pin from Net: Unknown Pin: Pin U?-9
Remove Pin from Net: Unknown Pin: Pin U?-10
Remove Pin from Net: Unknown Pin: Pin U?-13
Remove Pin from Net: Unknown Pin: Pin U?-13
Remove Pin from Net: Unknown Pin: Pin U?-13
Remove Pin from Net: Unknown Pin: Pin U?-13
Remove Pin from Net: Unknown Pin: Pin U?-14
Remove Pin from Net: Unknown Pin: Pin U?-14
Remove Pin from Net: Unknown Pin: Pin U?-14
Remove Pin from Net: Unknown Pin: Pin U?-14
Remove Pin from Net: Unknown Pin: Pin U?-15
Remove Pin from Net: Unknown Pin: Pin U?-15
Remove Pin from Net: Unknown Pin: Pin U?-15
Remove Pin from Net: Unknown Pin: Pin U?-15
Remove Pin from Net: Unknown Pin: Pin U?-16
Remove Pin from Net: Unknown Pin: Pin U?-16
Remove Pin from Net: Unknown Pin: Pin U?-17
Remove Pin from Net: Unknown Pin: Pin U?-17
Remove Pin from Net: Unknown Pin: Pin U?-17
Remove Pin from Net: Unknown Pin: Pin U?-17
Remove Pin from Net: Unknown Pin: Pin U?-17
Remove Pin from Net: Unknown Pin: Pin U?-18
Remove Pin from Net: Unknown Pin: Pin U?-18
Remove Pin from Net: Unknown Pin: Pin U?-18
Remove Pin from Net: Unknown Pin: Pin U?-18
Remove Pin from Net: Unknown Pin: Pin U?-19
Remove Pin from Net: Unknown Pin: Pin U?-19
Remove Pin from Net: Unknown Pin: Pin U?-19
Remove Pin from Net: Unknown Pin: Pin U?-19
Remove Pin from Net: Unknown Pin: Pin U?-19
Remove Pin from Net: Unknown Pin: Pin U?-20
Remove Pin from Net: Unknown Pin: Pin U?-20
Remove Pin from Net: Unknown Pin: Pin U?-21
Remove Pin from Net: Unknown Pin: Pin U?-21
Remove Pin from Net: Unknown Pin: Pin U?-22
Remove Pin from Net: Unknown Pin: Pin U?-22
Remove Pin from Net: Unknown Pin: Pin U?-23
Remove Pin from Net: Unknown Pin: Pin U?-23
Remove Pin from Net: Unknown Pin: Pin U?-24
Remove Pin from Net: Unknown Pin: Pin U?-24
Remove Pin from Net: Unknown Pin: Pin U?-25
Remove Pin from Net: Unknown Pin: Pin U?-26
Remove Pin from Net: Unknown Pin: Pin U?-26
Remove Pin from Net: Unknown Pin: Pin U?-26
Remove Pin from Net: Unknown Pin: Pin U?-26
Remove Pin from Net: Unknown Pin: Pin U?-27
Remove Pin from Net: Unknown Pin: Pin U?-28
Remove Pin from Net: Unknown Pin: Pin U?-28
Remove Pin from Net: Unknown Pin: Pin U?-30
Remove Pin from Net: Unknown Pin: Pin U?-31
Remove Pin from Net: Unknown Pin: Pin U?-37
Remove Pin from Net: Unknown Pin: Pin U?-41
Remove Pin from Net: Unknown Pin: Pin U?-41
Remove Pin from Net: Failed to remove Pin
Remove Pin from Net: Failed to remove Pin
Remove Pin from Net: Failed to remove Pin
Remove Pin from Net: Failed to remove Pin
Remove Pin from Net: Failed to remove Pin
Remove Pin from Net: Failed to remove Pin
Remove Pin from Net: Failed to remove Pin
Remove Pin from Net: Failed to remove Pin
Remove Pin from Net: Failed to remove Pin
Remove Pin from Net: Unknown Pin: Pin U?-AA9
Remove Pin from Net: Failed to remove Pin
Remove Pin from Net: Failed to remove Pin
Remove Pin from Net: Failed to remove Pin
Remove Pin from Net: Failed to remove Pin
Remove Pin from Net: Failed to remove Pin
Remove Pin from Net: Failed to remove Pin
Remove Pin from Net: Failed to remove Pin
Remove Pin from Net: Failed to remove Pin
Remove Pin from Net: Failed to remove Pin
Remove Pin from Net: Failed to remove Pin
Remove Pin from Net: Failed to remove Pin
Remove Pin from Net: Failed to remove Pin
Remove Pin from Net: Failed to remove Pin
Remove Pin from Net: Failed to remove Pin
Remove Pin from Net: Failed to remove Pin
Remove Pin from Net: Failed to remove Pin
Remove Pin from Net: Failed to remove Pin
Remove Pin from Net: Failed to remove Pin
Remove Pin from Net: Failed to remove Pin
Remove Pin from Net: Failed to remove Pin
Remove Pin from Net: Failed to remove Pin
Remove Pin from Net: Failed to remove Pin
Remove Pin from Net: Failed to remove Pin
Remove Pin from Net: Failed to remove Pin
Remove Pin from Net: Failed to remove Pin
Remove Pin from Net: Failed to remove Pin
Remove Pin from Net: Failed to remove Pin
Remove Pin from Net: Failed to remove Pin
Remove Pin from Net: Failed to remove Pin
Remove Pin from Net: Unknown Pin: Pin U?-C3
Remove Pin from Net: Failed to remove Pin
Remove Pin from Net: Unknown Pin: Pin U?-C9
Remove Pin from Net: Failed to remove Pin
Remove Pin from Net: Unknown Pin: Pin U?-C11
Remove Pin from Net: Unknown Pin: Pin U?-D3
Remove Pin from Net: Failed to remove Pin
Remove Pin from Net: Failed to remove Pin
Removed Pin From Net: NetName=GND Pin=U?-E2
Remove Pin from Net: Failed to remove Pin
Remove Pin from Net: Failed to remove Pin
Remove Pin from Net: Failed to remove Pin
Remove Pin from Net: Failed to remove Pin
Remove Pin from Net: Unknown Pin: Pin U?-E9
Remove Pin from Net: Failed to remove Pin
Remove Pin from Net: Unknown Pin: Pin U?-E11
Remove Pin from Net: Failed to remove Pin
Remove Pin from Net: Unknown Pin: Pin U?-F4
Remove Pin from Net: Unknown Pin: Pin U?-F9
Remove Pin from Net: Unknown Pin: Pin U?-F11
Remove Pin from Net: Failed to remove Pin
Remove Pin from Net: Failed to remove Pin
Remove Pin from Net: Unknown Pin: Pin U?-H3
Remove Pin from Net: Unknown Pin: Pin U?-H4
Remove Pin from Net: Unknown Pin: Pin U?-H9
Remove Pin from Net: Failed to remove Pin
Remove Pin from Net: Unknown Pin: Pin U?-H11
Remove Pin from Net: Failed to remove Pin
Remove Pin from Net: Failed to remove Pin
Remove Pin from Net: Failed to remove Pin
Remove Pin from Net: Failed to remove Pin
Remove Pin from Net: Unknown Pin: Pin U?-J9
Remove Pin from Net: Failed to remove Pin
Remove Pin from Net: Failed to remove Pin
Remove Pin from Net: Unknown Pin: Pin U?-P4
Remove Pin from Net: Unknown Pin: Pin U?-P5
Remove Pin from Net: Unknown Pin: Pin U?-P8
Remove Pin from Net: Unknown Pin: Pin U?-P9
Remove Pin from Net: Failed to remove Pin
Remove Pin from Net: Failed to remove Pin
Remove Pin from Net: Failed to remove Pin
Remove Pin from Net: Failed to remove Pin
Remove Pin from Net: Failed to remove Pin
Remove Pin from Net: Failed to remove Pin
Remove Pin from Net: Failed to remove Pin
Remove Pin from Net: Failed to remove Pin
Remove Pin from Net: Failed to remove Pin
Remove Pin from Net: Failed to remove Pin
Remove Pin from Net: Failed to remove Pin
Remove Pin from Net: Failed to remove Pin
Remove Pin from Net: Failed to remove Pin
Remove Pin from Net: Failed to remove Pin
Remove Pin from Net: Unknown Pin: Pin U?-V3
Remove Pin from Net: Unknown Pin: Pin U?-V4
Remove Pin from Net: Unknown Pin: Pin U?-V9
Remove Pin from Net: Unknown Pin: Pin U?-V10
Remove Pin from Net: Failed to remove Pin
Remove Pin from Net: Failed to remove Pin
Remove Pin from Net: Failed to remove Pin
Remove Pin from Net: Failed to remove Pin
Remove Pin from Net: Unknown Pin: Pin U?-Y3
Remove Pin from Net: Unknown Pin: Pin U?-Y4
Remove Pin from Net: Unknown Pin: Pin U?-Y9
Remove Pin from Net: Failed to remove Pin
Remove Pin from Net: Failed to remove Pin
Remove Pin from Net: Failed to remove Pin
Remove Pin from Net: Failed to remove Pin
Remove Pin from Net: Failed to remove Pin
Remove Pin from Net: Failed to remove Pin
Remove Pin from Net: Failed to remove Pin
Remove Pin from Net: Failed to remove Pin
Remove Pin from Net: Failed to remove Pin
Remove Pin from Net: Failed to remove Pin
Remove Pin from Net: Failed to remove Pin
Remove Pin from Net: Failed to remove Pin
Remove Pin from Net: Failed to remove Pin
Remove Pin from Net: Failed to remove Pin
Remove Pin from Net: Failed to remove Pin
Remove Pin from Net: Failed to remove Pin
Remove Pin from Net: Failed to remove Pin
Remove Pin from Net: Failed to remove Pin
Remove Pin from Net: Failed to remove Pin
Remove Pin from Net: Failed to remove Pin
Remove Pin from Net: Failed to remove Pin
Remove Pin from Net: Unknown Pin: Pin X?-26
Remove Pin from Net: Unknown Pin: Pin X?-27
Remove Pin from Net: Unknown Pin: Pin X?-29
Remove Pin from Net: Unknown Pin: Pin X?-34
Remove Pin from Net: Unknown Pin: Pin X?-35
Remove Pin from Net: Unknown Pin: Pin X?-37
Remove Pin from Net: Unknown Pin: Pin X?-40
Remove Pin from Net: Unknown Pin: Pin X?-43
Remove Pin from Net: Unknown Pin: Pin X?-50
Remove Pin from Net: Unknown Pin: Pin X?-MP1
Remove Pin from Net: Unknown Pin: Pin X?-MP1
Remove Pin from Net: Unknown Pin: Pin X?-MP2
Remove Pin from Net: Unknown Pin: Pin X?-MP2
Remove Pin from Net: Failed to remove Pin
Remove Pin from Net: Failed to remove Pin
Remove Pin from Net: Failed to remove Pin
Remove Pin from Net: Failed to remove Pin
Remove Pin from Net: Failed to remove Pin
Remove Pin from Net: Failed to remove Pin
Remove Pin from Net: Failed to remove Pin
Remove Pin from Net: Failed to remove Pin
Remove Pin from Net: Unknown Pin: Pin Y?-5
Remove Pin from Net: Unknown Pin: Pin Y?-6
Remove Pin from Net: Unknown Pin: Pin Y?-8
Remove Pin from Net: Unknown Pin: Pin Y?-9
Remove Pin from Net: Unknown Pin: Pin Y?-10
Remove Pin from Net: Unknown Pin: Pin Y?-15
Remove Pin from Net: Unknown Pin: Pin Y?-21
Remove Pin from Net: Unknown Pin: Pin Y?-23
Remove Pin from Net: Unknown Pin: Pin Y?-24
Remove Pin from Net: Unknown Pin: Pin Y?-25
Removed Member From Class: ClassName=SMPS Member=C98
Removed Member From Class: ClassName=SMPS Member=C99
Removed Member From Class: ClassName=SMPS Member=C100
Removed Member From Class: ClassName=SMPS Member=C101
Removed Member From Class: ClassName=SMPS Member=C102
Removed Member From Class: ClassName=SMPS Member=C103
Removed Member From Class: ClassName=SMPS Member=C104
Removed Member From Class: ClassName=SMPS Member=C105
Removed Member From Class: ClassName=SMPS Member=C106
Removed Member From Class: ClassName=SMPS Member=C107
Removed Member From Class: ClassName=SMPS Member=C108
Removed Member From Class: ClassName=SMPS Member=C109
Removed Member From Class: ClassName=SMPS Member=C110
Removed Member From Class: ClassName=SMPS Member=C111
Removed Member From Class: ClassName=SMPS Member=C112
Removed Member From Class: ClassName=SMPS Member=C113
Removed Member From Class: ClassName=SMPS Member=C114
Removed Member From Class: ClassName=SMPS Member=C115
Removed Member From Class: ClassName=SMPS Member=C116
Removed Member From Class: ClassName=SMPS Member=C117
Removed Member From Class: ClassName=SMPS Member=C118
Removed Member From Class: ClassName=SMPS Member=C119
Removed Member From Class: ClassName=SMPS Member=C120
Removed Member From Class: ClassName=SMPS Member=C121
Removed Member From Class: ClassName=SMPS Member=C122
Removed Member From Class: ClassName=SMPS Member=C123
Removed Member From Class: ClassName=IMX8_DISPLAY Member=C?
Removed Member From Class: ClassName=IMX8_eMMC Member=C?
Removed Member From Class: ClassName=IMX8_INTERFACE Member=C?
Removed Member From Class: ClassName=IMX8_IO Member=C?
Removed Member From Class: ClassName=IMX8_PHY Member=C?
Removed Member From Class: ClassName=USB_PER1 Member=C?
Removed Member From Class: ClassName=USB_PER1 Member=D?
Removed Member From Class: ClassName=IMX8_eMMC Member=J?
Removed Member From Class: ClassName=SMPS Member=J?
Removed Member From Class: ClassName=IMX8_PMIC Member=L7
Removed Member From Class: ClassName=SMPS Member=L8
Removed Member From Class: ClassName=SMPS Member=L9
Removed Member From Class: ClassName=SMPS Member=L10
Removed Member From Class: ClassName=SMPS Member=L11
Removed Member From Class: ClassName=SMPS Member=L12
Removed Member From Class: ClassName=IMX8_DISPLAY Member=L?
Removed Member From Class: ClassName=SMPS Member=L?
Removed Member From Class: ClassName=USB_PER1 Member=L?
Removed Member From Class: ClassName=SMPS Member=PTP24
Removed Member From Class: ClassName=SMPS Member=PTP25
Removed Member From Class: ClassName=SMPS Member=PTP26
Removed Member From Class: ClassName=SMPS Member=PTP27
Removed Member From Class: ClassName=SMPS Member=PTP28
Removed Member From Class: ClassName=SMPS Member=PTP29
Removed Member From Class: ClassName=SMPS Member=PTP30
Removed Member From Class: ClassName=SMPS Member=PTP31
Removed Member From Class: ClassName=SMPS Member=PTP32
Removed Member From Class: ClassName=SMPS Member=PTP33
Removed Member From Class: ClassName=SMPS Member=PTP34
Removed Member From Class: ClassName=SMPS Member=PTP35
Removed Member From Class: ClassName=SMPS Member=PTP36
Removed Member From Class: ClassName=IMX8_DISPLAY Member=PTP?
Removed Member From Class: ClassName=IMX8_eMMC Member=PTP?
Removed Member From Class: ClassName=IMX8_INTERFACE Member=PTP?
Removed Member From Class: ClassName=IMX8_IO Member=PTP?
Removed Member From Class: ClassName=IMX8_PHY Member=PTP?
Removed Member From Class: ClassName=SMPS Member=PTP?
Removed Member From Class: ClassName=USB_PER1 Member=PTP?
Removed Member From Class: ClassName=SMPS Member=Q?
Removed Member From Class: ClassName=IMX8_IO Member=QZ?
Removed Member From Class: ClassName=SMPS Member=R18
Removed Member From Class: ClassName=IMX8_DISPLAY Member=R?
Removed Member From Class: ClassName=IMX8_eMMC Member=R?
Removed Member From Class: ClassName=IMX8_INTERFACE Member=R?
Removed Member From Class: ClassName=IMX8_IO Member=R?
Removed Member From Class: ClassName=IMX8_PHY Member=R?
Removed Member From Class: ClassName=SMPS Member=R?
Removed Member From Class: ClassName=USB_PER1 Member=R?
Removed Member From Class: ClassName=IMX8_INTERFACE Member=S?
Removed Member From Class: ClassName=IMX8_DISPLAY Member=T?
Removed Member From Class: ClassName=IMX8_eMMC Member=T?
Removed Member From Class: ClassName=SMPS Member=T?
Removed Member From Class: ClassName=USB_PER1 Member=T?
Removed Member From Class: ClassName=SMPS Member=U4
Removed Member From Class: ClassName=IMX8_DISPLAY Member=U?
Removed Member From Class: ClassName=IMX8_eMMC Member=U?
Removed Member From Class: ClassName=IMX8_INTERFACE Member=U?
Removed Member From Class: ClassName=IMX8_PHY Member=U?
Removed Member From Class: ClassName=SMPS Member=U?
Removed Member From Class: ClassName=USB_PER1 Member=U?
Removed Member From Class: ClassName=IMX8_DISPLAY Member=X?
Removed Member From Class: ClassName=IMX8_IO Member=Y?
Removed Member From Class: ClassName=PCIe Member=*mPCIe_CON_CLK_N
Removed Member From Class: ClassName=PCIe Member=*mPCIe_CON_CLK_P
Removed Member From Class: ClassName=PCIe Member=*mPCIe_RX_N
Removed Member From Class: ClassName=PCIe Member=*mPCIe_RX_P
Removed Member From Class: ClassName=PCIe Member=*mPCIe_TX_N
Removed Member From Class: ClassName=PCIe Member=*mPCIe_TX_P
Removed Member From Class: ClassName=USB Member=*PER1_TX1_N
Removed Member From Class: ClassName=USB Member=*PER1_TX1_P
Removed Member From Class: ClassName=USB Member=*PER1_TX2_N
Removed Member From Class: ClassName=USB Member=*PER1_TX2_P
Removed Member From Class: ClassName=USB Member=*PER2_TX1_N
Removed Member From Class: ClassName=USB Member=*PER2_TX1_P
Removed Member From Class: ClassName=USB Member=*PER2_TX2_N
Removed Member From Class: ClassName=USB Member=*PER2_TX2_P
Removed Member From Class: ClassName=USB Member=*USB_mPCIe_N
Removed Member From Class: ClassName=USB Member=*USB_mPCIe_P
Removed Member From Class: ClassName=SEC Member=I2C2_SCL
Removed Member From Class: ClassName=SEC Member=I2C2_SDA
Removed Member From Class: ClassName=PCIe Member=mPCIe_CON_CLK_N
Removed Member From Class: ClassName=PCIe Member=mPCIe_CON_CLK_P
Removed Member From Class: ClassName=PCIe Member=mPCIe_RX_N
Removed Member From Class: ClassName=PCIe Member=mPCIe_RX_P
Removed Member From Class: ClassName=PCIe Member=mPCIe_TX_N
Removed Member From Class: ClassName=PCIe Member=mPCIe_TX_P
Removed Member From Class: ClassName=USB Member=PER1_RX1_N
Removed Member From Class: ClassName=USB Member=PER1_RX1_P
Removed Member From Class: ClassName=USB Member=PER1_RX2_N
Removed Member From Class: ClassName=USB Member=PER1_RX2_P
Removed Member From Class: ClassName=USB Member=PER1_TX1_N
Removed Member From Class: ClassName=USB Member=PER1_TX1_P
Removed Member From Class: ClassName=USB Member=PER1_TX2_N
Removed Member From Class: ClassName=USB Member=PER1_TX2_P
Removed Member From Class: ClassName=USB Member=PER2_RX1_N
Removed Member From Class: ClassName=USB Member=PER2_RX1_P
Removed Member From Class: ClassName=USB Member=PER2_RX2_N
Removed Member From Class: ClassName=USB Member=PER2_RX2_P
Removed Member From Class: ClassName=USB Member=PER2_TX1_N
Removed Member From Class: ClassName=USB Member=PER2_TX1_P
Removed Member From Class: ClassName=USB Member=PER2_TX2_N
Removed Member From Class: ClassName=USB Member=PER2_TX2_P
Removed Member From Class: ClassName=USB Member=USB2_D_N
Removed Member From Class: ClassName=USB Member=USB2_D_P
Removed Member From Class: ClassName=USB Member=USB2_HUB_UP_N
Removed Member From Class: ClassName=USB Member=USB2_HUB_UP_P
Removed Member From Class: ClassName=USB Member=USB_hub2_N
Removed Member From Class: ClassName=USB Member=USB_hub2_P
Removed Member From Class: ClassName=USB Member=USB_hub3_N
Removed Member From Class: ClassName=USB Member=USB_hub3_P
Removed Member From Class: ClassName=USB Member=USB_mPCIe_N
Removed Member From Class: ClassName=USB Member=USB_mPCIe_P
Change Component Footprint: Designator=U? Old Footprint=BGA200C65P12X22_1000X1450X114 New Footprint=BGA200C65P12X22_1000X1450X114
Change Component Footprint: Designator=C? Old Footprint=CAP_0201_UN1Q New Footprint=CAP_0201_UN1Q
Change Component Footprint: Designator=C? Old Footprint=CAP_0201_UN1Q New Footprint=CAP_0201_UN1Q
Change Component Footprint: Designator=C? Old Footprint=CAP_0201_UN1Q New Footprint=CAP_0201_UN1Q
Change Component Footprint: Designator=C? Old Footprint=CAP_0201_UN1Q New Footprint=CAP_0201_UN1Q
Change Component Footprint: Designator=C? Old Footprint=CAP_0201_UN1Q New Footprint=CAP_0201_UN1Q
Change Component Footprint: Designator=C? Old Footprint=CAP_0201_UN1Q New Footprint=CAP_0201_UN1Q
Change Component Footprint: Designator=C? Old Footprint=CAP_0201_UN1Q New Footprint=CAP_0201_UN1Q
Change Component Footprint: Designator=C? Old Footprint=CAP_0201_UN1Q New Footprint=CAP_0201_UN1Q
Change Component Footprint: Designator=C? Old Footprint=CAP_0201_UN1Q New Footprint=CAP_0201_UN1Q
Change Component Footprint: Designator=C? Old Footprint=CAP_0201_UN1Q New Footprint=CAP_0201_UN1Q
Change Component Footprint: Designator=C? Old Footprint=CAP_0201_UN1Q New Footprint=CAP_0201_UN1Q
Change Component Footprint: Designator=C? Old Footprint=CAP_0201_UN1Q New Footprint=CAP_0201_UN1Q
Change Component Footprint: Designator=C? Old Footprint=CAP_0201_UN1Q New Footprint=CAP_0201_UN1Q
Change Component Footprint: Designator=C? Old Footprint=CAP_0201_UN1Q New Footprint=CAP_0201_UN1Q
Change Component Footprint: Designator=C? Old Footprint=CAP_0201_UN1Q New Footprint=CAP_0201_UN1Q
Change Component Footprint: Designator=C? Old Footprint=CAP_0201_UN1Q New Footprint=CAP_0201_UN1Q
Change Component Footprint: Designator=C? Old Footprint=CAP_0201_UN1Q New Footprint=CAP_0201_UN1Q
Change Component Footprint: Designator=C? Old Footprint=CAP_0201_UN1Q New Footprint=CAP_0201_UN1Q
Change Component Footprint: Designator=C? Old Footprint=CAP_0201_UN1Q New Footprint=CAP_0201_UN1Q
Change Component Footprint: Designator=C? Old Footprint=CAP_0201_UN1Q New Footprint=CAP_0201_UN1Q
Change Component Footprint: Designator=C? Old Footprint=CAP_0201_UN1Q New Footprint=CAP_0201_UN1Q
Change Component Footprint: Designator=C? Old Footprint=CAP_0201_UN1Q New Footprint=CAP_0201_UN1Q
Change Component Footprint: Designator=C? Old Footprint=CAP_0201_UN1Q New Footprint=CAP_0201_UN1Q
Change Component Footprint: Designator=C? Old Footprint=CAP_0201_UN1Q New Footprint=CAP_0201_UN1Q
Change Component Footprint: Designator=C? Old Footprint=CAP_0402_H09W07_UN1Q New Footprint=CAP_0402_H09W07_UN1Q
Change Component Footprint: Designator=C? Old Footprint=CAP_0402_H09W07_UN1Q New Footprint=CAP_0402_H09W07_UN1Q
Change Component Footprint: Designator=C? Old Footprint=CAP_0402_H09W07_UN1Q New Footprint=CAP_0402_H09W07_UN1Q
Change Component Footprint: Designator=C? Old Footprint=CAP_0402_H09W07_UN1Q New Footprint=CAP_0402_H09W07_UN1Q
Change Component Footprint: Designator=C? Old Footprint=CAP_0402_H09W07_UN1Q New Footprint=CAP_0402_H09W07_UN1Q
Change Component Footprint: Designator=C? Old Footprint=CAP_0402_H09W07_UN1Q New Footprint=CAP_0402_H09W07_UN1Q
Change Component Footprint: Designator=QZ? Old Footprint=CM8V32768TA020125_MC New Footprint=CM8V32768TA020125_MC
Change Component Footprint: Designator=PTP? Old Footprint=PTP_0.4mm New Footprint=PTP_0.4mm
Change Component Footprint: Designator=PTP? Old Footprint=PTP_0.4mm New Footprint=PTP_0.4mm
Change Component Footprint: Designator=PTP? Old Footprint=PTP_0.4mm New Footprint=PTP_0.4mm
Change Component Footprint: Designator=PTP? Old Footprint=PTP_0.4mm New Footprint=PTP_0.4mm
Change Component Footprint: Designator=PTP? Old Footprint=PTP_0.4mm New Footprint=PTP_0.4mm
Change Component Footprint: Designator=PTP? Old Footprint=PTP_0.4mm New Footprint=PTP_0.4mm
Change Component Footprint: Designator=PTP? Old Footprint=PTP_0.4mm New Footprint=PTP_0.4mm
Change Component Footprint: Designator=PTP? Old Footprint=PTP_0.4mm New Footprint=PTP_0.4mm
Change Component Footprint: Designator=PTP? Old Footprint=PTP_0.4mm New Footprint=PTP_0.4mm
Change Component Footprint: Designator=PTP? Old Footprint=PTP_0.4mm New Footprint=PTP_0.4mm
Change Component Footprint: Designator=PTP? Old Footprint=PTP_0.4mm New Footprint=PTP_0.4mm
Change Component Footprint: Designator=R? Old Footprint=RES_0201_UN1Q New Footprint=RES_0201_UN1Q
Change Component Footprint: Designator=R? Old Footprint=RES_0201_UN1Q New Footprint=RES_0201_UN1Q
Change Component Footprint: Designator=R? Old Footprint=RES_0201_UN1Q New Footprint=RES_0201_UN1Q
Change Component Footprint: Designator=R? Old Footprint=RES_0201_UN1Q New Footprint=RES_0201_UN1Q
Change Component Footprint: Designator=R? Old Footprint=RES_0201_UN1Q New Footprint=RES_0201_UN1Q
Change Component Footprint: Designator=R? Old Footprint=RES_0201_UN1Q New Footprint=RES_0201_UN1Q
Change Component Footprint: Designator=R? Old Footprint=RES_0201_UN1Q New Footprint=RES_0201_UN1Q
Change Component Footprint: Designator=R? Old Footprint=RES_0201_UN1Q New Footprint=RES_0201_UN1Q
Change Component Footprint: Designator=R? Old Footprint=RES_0201_UN1Q New Footprint=RES_0201_UN1Q
Change Component Footprint: Designator=R? Old Footprint=RES_0201_UN1Q New Footprint=RES_0201_UN1Q
Change Component Footprint: Designator=R? Old Footprint=RES_0201_UN1Q New Footprint=RES_0201_UN1Q
Change Component Footprint: Designator=R? Old Footprint=RES_0201_UN1Q New Footprint=RES_0201_UN1Q
Change Component Footprint: Designator=R? Old Footprint=RES_0201_UN1Q New Footprint=RES_0201_UN1Q
Change Component Footprint: Designator=R? Old Footprint=RES_0201_UN1Q New Footprint=RES_0201_UN1Q
Change Component Footprint: Designator=R? Old Footprint=RES_0201_UN1Q New Footprint=RES_0201_UN1Q
Change Component Footprint: Designator=R? Old Footprint=RES_0201_UN1Q New Footprint=RES_0201_UN1Q
Change Component Footprint: Designator=R? Old Footprint=RES_0201_UN1Q New Footprint=RES_0201_UN1Q
Change Component Footprint: Designator=R? Old Footprint=RES_0201_UN1Q New Footprint=RES_0201_UN1Q
Change Component Footprint: Designator=R? Old Footprint=RES_0201_UN1Q New Footprint=RES_0201_UN1Q
Change Component Footprint: Designator=R? Old Footprint=RES_0201_UN1Q New Footprint=RES_0201_UN1Q
Change Component Footprint: Designator=R? Old Footprint=RES_0201_UN1Q New Footprint=RES_0201_UN1Q
Change Component Footprint: Designator=R? Old Footprint=RES_0201_UN1Q New Footprint=RES_0201_UN1Q
Change Component Footprint: Designator=R? Old Footprint=RES_0201_UN1Q New Footprint=RES_0201_UN1Q
Change Component Footprint: Designator=R? Old Footprint=RES_0201_UN1Q New Footprint=RES_0201_UN1Q
Change Component Footprint: Designator=R? Old Footprint=RES_0201_UN1Q New Footprint=RES_0201_UN1Q
Change Component Footprint: Designator=R? Old Footprint=RES_0201_UN1Q New Footprint=RES_0201_UN1Q
Change Component Footprint: Designator=R? Old Footprint=RES_0201_UN1Q New Footprint=RES_0201_UN1Q
Change Component Footprint: Designator=R? Old Footprint=RES_0201_UN1Q New Footprint=RES_0201_UN1Q
Change Component Footprint: Designator=R? Old Footprint=RES_0201_UN1Q New Footprint=RES_0201_UN1Q
Change Component Footprint: Designator=J? Old Footprint=SULLINS_NPTC202KFMS-RC New Footprint=HIROSE_DF40C-100DP-0.4V(51)
Change Component Footprint: Designator=J? Old Footprint=SULLINS_NPTC202KFMS-RC New Footprint=HIROSE_DF40C-100DP-0.4V(51)
Change Component Footprint: Designator=J? Old Footprint=TP_1mm_UN1Q New Footprint=HIROSE_DF40C-100DP-0.4V(51)
Change Component Footprint: Designator=Y? Old Footprint=XTAL_3225_EPSON New Footprint=XTAL_3225_EPSON
Change Component Comment : Designator=J? Old Comment=NPTC202KFMS-RC New Comment=DF40C-100DP-0.4V(51)
Change Component Comment : Designator=J? Old Comment=NPTC202KFMS-RC New Comment=DF40C-100DP-0.4V(51)
Change Component Comment : Designator=R18 Old Comment=RES_0201_7k15 New Comment=RES_0201_200R
Change Component Comment : Designator=R13 Old Comment=RES_0201_9k76 New Comment=RES_0201_240R
Change Component Comment : Designator=R14 Old Comment=RES_0201_31k6 New Comment=RES_0201_240R
Change Component Comment : Designator=R15 Old Comment=RES_0201_100k New Comment=RES_0201_240R
Change Component Comment : Designator=J? Old Comment=Testpoint, Surface, 1.0mm New Comment=DF40C-100DP-0.4V(51)
Change Component Designator: OldDesignator=C1 NewDesignator=C5
Change Component Designator: OldDesignator=C2 NewDesignator=C6
Change Component Designator: OldDesignator=C3 NewDesignator=C7
Change Component Designator: OldDesignator=C4 NewDesignator=C8
Change Component Designator: OldDesignator=C5 NewDesignator=C9
Change Component Designator: OldDesignator=C6 NewDesignator=C10
Change Component Designator: OldDesignator=C7 NewDesignator=C11
Change Component Designator: OldDesignator=C8 NewDesignator=C12
Change Component Designator: OldDesignator=C9 NewDesignator=C13
Change Component Designator: OldDesignator=C10 NewDesignator=C14
Change Component Designator: OldDesignator=C11 NewDesignator=C15
Change Component Designator: OldDesignator=C12 NewDesignator=C16
Change Component Designator: OldDesignator=C13 NewDesignator=C17
Change Component Designator: OldDesignator=C14 NewDesignator=C18
Change Component Designator: OldDesignator=C15 NewDesignator=C19
Change Component Designator: OldDesignator=C16 NewDesignator=C20
Change Component Designator: OldDesignator=C17 NewDesignator=C21
Change Component Designator: OldDesignator=C18 NewDesignator=C22
Change Component Designator: OldDesignator=C19 NewDesignator=C23
Change Component Designator: OldDesignator=C20 NewDesignator=C24
Change Component Designator: OldDesignator=C21 NewDesignator=C25
Change Component Designator: OldDesignator=C22 NewDesignator=C26
Change Component Designator: OldDesignator=C23 NewDesignator=C27
Change Component Designator: OldDesignator=C24 NewDesignator=C28
Change Component Designator: OldDesignator=C25 NewDesignator=C29
Change Component Designator: OldDesignator=C26 NewDesignator=C30
Change Component Designator: OldDesignator=C27 NewDesignator=C31
Change Component Designator: OldDesignator=C28 NewDesignator=C32
Change Component Designator: OldDesignator=C29 NewDesignator=C33
Change Component Designator: OldDesignator=C30 NewDesignator=C34
Change Component Designator: OldDesignator=C31 NewDesignator=C35
Change Component Designator: OldDesignator=C32 NewDesignator=C36
Change Component Designator: OldDesignator=C33 NewDesignator=C37
Change Component Designator: OldDesignator=C34 NewDesignator=C38
Change Component Designator: OldDesignator=C35 NewDesignator=C39
Change Component Designator: OldDesignator=C36 NewDesignator=C40
Change Component Designator: OldDesignator=C37 NewDesignator=C41
Change Component Designator: OldDesignator=C38 NewDesignator=C42
Change Component Designator: OldDesignator=C39 NewDesignator=C43
Change Component Designator: OldDesignator=C40 NewDesignator=C44
Change Component Designator: OldDesignator=C41 NewDesignator=C45
Change Component Designator: OldDesignator=C42 NewDesignator=C46
Change Component Designator: OldDesignator=C43 NewDesignator=C47
Change Component Designator: OldDesignator=C44 NewDesignator=C48
Change Component Designator: OldDesignator=C45 NewDesignator=C49
Change Component Designator: OldDesignator=C46 NewDesignator=C50
Change Component Designator: OldDesignator=C47 NewDesignator=C51
Change Component Designator: OldDesignator=C48 NewDesignator=C52
Change Component Designator: OldDesignator=C49 NewDesignator=C53
Change Component Designator: OldDesignator=C50 NewDesignator=C54
Change Component Designator: OldDesignator=C51 NewDesignator=C55
Change Component Designator: OldDesignator=C52 NewDesignator=C56
Change Component Designator: OldDesignator=C53 NewDesignator=C57
Change Component Designator: OldDesignator=C54 NewDesignator=C58
Change Component Designator: OldDesignator=C55 NewDesignator=C59
Change Component Designator: OldDesignator=C56 NewDesignator=C60
Change Component Designator: OldDesignator=C57 NewDesignator=C95
Change Component Designator: OldDesignator=C58 NewDesignator=C96
Change Component Designator: OldDesignator=C59 NewDesignator=C97
Change Component Designator: OldDesignator=C60 NewDesignator=C98
Change Component Designator: OldDesignator=C61 NewDesignator=C99
Change Component Designator: OldDesignator=C62 NewDesignator=C100
Change Component Designator: OldDesignator=C63 NewDesignator=C101
Change Component Designator: OldDesignator=C64 NewDesignator=C102
Change Component Designator: OldDesignator=C65 NewDesignator=C103
Change Component Designator: OldDesignator=C66 NewDesignator=C104
Change Component Designator: OldDesignator=C67 NewDesignator=C110
Change Component Designator: OldDesignator=C68 NewDesignator=C112
Change Component Designator: OldDesignator=C69 NewDesignator=C114
Change Component Designator: OldDesignator=C70 NewDesignator=C111
Change Component Designator: OldDesignator=C71 NewDesignator=C113
Change Component Designator: OldDesignator=C72 NewDesignator=C115
Change Component Designator: OldDesignator=C73 NewDesignator=C118
Change Component Designator: OldDesignator=C74 NewDesignator=C119
Change Component Designator: OldDesignator=C75 NewDesignator=C116
Change Component Designator: OldDesignator=C76 NewDesignator=C123
Change Component Designator: OldDesignator=C77 NewDesignator=C117
Change Component Designator: OldDesignator=C78 NewDesignator=C121
Change Component Designator: OldDesignator=C79 NewDesignator=C127
Change Component Designator: OldDesignator=C80 NewDesignator=C128
Change Component Designator: OldDesignator=C81 NewDesignator=C120
Change Component Designator: OldDesignator=C82 NewDesignator=C122
Change Component Designator: OldDesignator=C83 NewDesignator=C131
Change Component Designator: OldDesignator=C84 NewDesignator=C124
Change Component Designator: OldDesignator=C85 NewDesignator=C125
Change Component Designator: OldDesignator=C86 NewDesignator=C135
Change Component Designator: OldDesignator=C87 NewDesignator=C137
Change Component Designator: OldDesignator=C88 NewDesignator=C126
Change Component Designator: OldDesignator=C89 NewDesignator=C129
Change Component Designator: OldDesignator=C90 NewDesignator=C130
Change Component Designator: OldDesignator=C91 NewDesignator=C134
Change Component Designator: OldDesignator=C92 NewDesignator=C132
Change Component Designator: OldDesignator=C93 NewDesignator=C133
Change Component Designator: OldDesignator=C94 NewDesignator=C136
Change Component Designator: OldDesignator=C95 NewDesignator=C138
Change Component Designator: OldDesignator=C96 NewDesignator=C139
Change Component Designator: OldDesignator=C97 NewDesignator=C140
Change Component Designator: OldDesignator=C? NewDesignator=C1
Change Component Designator: OldDesignator=C? NewDesignator=C2
Change Component Designator: OldDesignator=C? NewDesignator=C3
Change Component Designator: OldDesignator=C? NewDesignator=C4
Change Component Designator: OldDesignator=C? NewDesignator=C61
Change Component Designator: OldDesignator=C? NewDesignator=C62
Change Component Designator: OldDesignator=C? NewDesignator=C63
Change Component Designator: OldDesignator=C? NewDesignator=C64
Change Component Designator: OldDesignator=C? NewDesignator=C65
Change Component Designator: OldDesignator=C? NewDesignator=C66
Change Component Designator: OldDesignator=C? NewDesignator=C67
Change Component Designator: OldDesignator=C? NewDesignator=C68
Change Component Designator: OldDesignator=C? NewDesignator=C69
Change Component Designator: OldDesignator=C? NewDesignator=C70
Change Component Designator: OldDesignator=C? NewDesignator=C71
Change Component Designator: OldDesignator=C? NewDesignator=C72
Change Component Designator: OldDesignator=C? NewDesignator=C73
Change Component Designator: OldDesignator=C? NewDesignator=C74
Change Component Designator: OldDesignator=C? NewDesignator=C75
Change Component Designator: OldDesignator=C? NewDesignator=C76
Change Component Designator: OldDesignator=C? NewDesignator=C77
Change Component Designator: OldDesignator=C? NewDesignator=C78
Change Component Designator: OldDesignator=C? NewDesignator=C79
Change Component Designator: OldDesignator=C? NewDesignator=C80
Change Component Designator: OldDesignator=C? NewDesignator=C81
Change Component Designator: OldDesignator=C? NewDesignator=C82
Change Component Designator: OldDesignator=C? NewDesignator=C94
Change Component Designator: OldDesignator=C? NewDesignator=C105
Change Component Designator: OldDesignator=C? NewDesignator=C108
Change Component Designator: OldDesignator=C? NewDesignator=C109
Change Component Designator: OldDesignator=J1 NewDesignator=J2
Change Component Designator: OldDesignator=J2 NewDesignator=J3
Change Component Designator: OldDesignator=L1 NewDesignator=L3
Change Component Designator: OldDesignator=L2 NewDesignator=L4
Change Component Designator: OldDesignator=L3 NewDesignator=L5
Change Component Designator: OldDesignator=L4 NewDesignator=L6
Change Component Designator: OldDesignator=L5 NewDesignator=L7
Change Component Designator: OldDesignator=L6 NewDesignator=L8
Change Component Designator: OldDesignator=L7 NewDesignator=L2
Change Component Designator: OldDesignator=PTP1 NewDesignator=PTP20
Change Component Designator: OldDesignator=PTP2 NewDesignator=PTP21
Change Component Designator: OldDesignator=PTP3 NewDesignator=PTP25
Change Component Designator: OldDesignator=PTP4 NewDesignator=PTP26
Change Component Designator: OldDesignator=PTP5 NewDesignator=PTP29
Change Component Designator: OldDesignator=PTP6 NewDesignator=PTP30
Change Component Designator: OldDesignator=PTP7 NewDesignator=PTP31
Change Component Designator: OldDesignator=PTP8 NewDesignator=PTP32
Change Component Designator: OldDesignator=PTP9 NewDesignator=PTP34
Change Component Designator: OldDesignator=PTP10 NewDesignator=PTP33
Change Component Designator: OldDesignator=PTP11 NewDesignator=PTP35
Change Component Designator: OldDesignator=PTP12 NewDesignator=PTP36
Change Component Designator: OldDesignator=PTP13 NewDesignator=PTP37
Change Component Designator: OldDesignator=PTP14 NewDesignator=PTP38
Change Component Designator: OldDesignator=PTP15 NewDesignator=PTP39
Change Component Designator: OldDesignator=PTP16 NewDesignator=PTP40
Change Component Designator: OldDesignator=PTP17 NewDesignator=PTP41
Change Component Designator: OldDesignator=PTP18 NewDesignator=PTP42
Change Component Designator: OldDesignator=PTP19 NewDesignator=PTP43
Change Component Designator: OldDesignator=PTP22 NewDesignator=PTP27
Change Component Designator: OldDesignator=PTP23 NewDesignator=PTP28
Change Component Designator: OldDesignator=PTP? NewDesignator=PTP1
Change Component Designator: OldDesignator=PTP? NewDesignator=PTP2
Change Component Designator: OldDesignator=PTP? NewDesignator=PTP3
Change Component Designator: OldDesignator=PTP? NewDesignator=PTP4
Change Component Designator: OldDesignator=PTP? NewDesignator=PTP5
Change Component Designator: OldDesignator=PTP? NewDesignator=PTP6
Change Component Designator: OldDesignator=PTP? NewDesignator=PTP7
Change Component Designator: OldDesignator=PTP? NewDesignator=PTP8
Change Component Designator: OldDesignator=PTP? NewDesignator=PTP9
Change Component Designator: OldDesignator=PTP? NewDesignator=PTP10
Change Component Designator: OldDesignator=PTP? NewDesignator=PTP11
Change Component Designator: OldDesignator=QZ1 NewDesignator=QZ2
Change Component Designator: OldDesignator=QZ? NewDesignator=QZ1
Change Component Designator: OldDesignator=R1 NewDesignator=R27
Change Component Designator: OldDesignator=R2 NewDesignator=R28
Change Component Designator: OldDesignator=R3 NewDesignator=R41
Change Component Designator: OldDesignator=R4 NewDesignator=R42
Change Component Designator: OldDesignator=R5 NewDesignator=R43
Change Component Designator: OldDesignator=R6 NewDesignator=R44
Change Component Designator: OldDesignator=R7 NewDesignator=R45
Change Component Designator: OldDesignator=R8 NewDesignator=R46
Change Component Designator: OldDesignator=R9 NewDesignator=R47
Change Component Designator: OldDesignator=R? NewDesignator=R1
Change Component Designator: OldDesignator=R? NewDesignator=R2
Change Component Designator: OldDesignator=R? NewDesignator=R3
Change Component Designator: OldDesignator=R? NewDesignator=R4
Change Component Designator: OldDesignator=R? NewDesignator=R5
Change Component Designator: OldDesignator=R? NewDesignator=R6
Change Component Designator: OldDesignator=R? NewDesignator=R7
Change Component Designator: OldDesignator=R? NewDesignator=R8
Change Component Designator: OldDesignator=R? NewDesignator=R9
Change Component Designator: OldDesignator=R? NewDesignator=R10
Change Component Designator: OldDesignator=R? NewDesignator=R11
Change Component Designator: OldDesignator=R? NewDesignator=R12
Change Component Designator: OldDesignator=R? NewDesignator=R16
Change Component Designator: OldDesignator=R? NewDesignator=R17
Change Component Designator: OldDesignator=R? NewDesignator=R19
Change Component Designator: OldDesignator=R? NewDesignator=R26
Change Component Designator: OldDesignator=R? NewDesignator=R29
Change Component Designator: OldDesignator=R? NewDesignator=R34
Change Component Designator: OldDesignator=R? NewDesignator=R74
Change Component Designator: OldDesignator=R? NewDesignator=R75
Change Component Designator: OldDesignator=R? NewDesignator=R76
Change Component Designator: OldDesignator=R? NewDesignator=R77
Change Component Designator: OldDesignator=R? NewDesignator=R78
Change Component Designator: OldDesignator=R? NewDesignator=R79
Change Component Designator: OldDesignator=R? NewDesignator=R80
Change Component Designator: OldDesignator=R? NewDesignator=R81
Change Component Designator: OldDesignator=R? NewDesignator=R82
Change Component Designator: OldDesignator=R? NewDesignator=R83
Change Component Designator: OldDesignator=R? NewDesignator=R84
Change Component Designator: OldDesignator=R? NewDesignator=R85
Change Component Designator: OldDesignator=U2 NewDesignator=U4
Change Component Designator: OldDesignator=U3 NewDesignator=U6
Change Component Designator: OldDesignator=U? NewDesignator=U2
Change Component Designator: OldDesignator=Y? NewDesignator=Y1
Change Component Kind : Designator=J? Old Kind=Standard (No BOM) New Kind=Standard
Change Managed Component Library Link : Designator=R18 Old VaultGUID= New VaultGUID=d5855b9c-c201-422b-b1ab-853b76d6c840 Old ItemGUID= New ItemGUID=795F5471-8866-4521-A42D-1271569714D9 Old RevisionGUID= New RevisionGUID=cd0e958e-3a09-4633-8e22-dd3175d2a4a5
Change component parameters: Designator = "J?" ("J?"); Footprint = "TP_1mm_UN1Q"; UniqueID = "\UIWMJCBU" ("\UIWMJCBU")
Change component parameters (AddParameter): Name = "Check_prices"; Value = "https://www.snapeda.com/parts/DF40C-100DP-0.4V(51)/Hirose/view-part/?ref=eda"; VariantName = "[No Variations]"
Change component parameters (AddParameter): Name = "MF"; Value = "Hirose Electric"; VariantName = "[No Variations]"
Change component parameters (AddParameter): Name = "MP"; Value = "DF40C-100DP-0.4V(51)"; VariantName = "[No Variations]"
Change component parameters (AddParameter): Name = "Package"; Value = "None"; VariantName = "[No Variations]"
Change component parameters (AddParameter): Name = "SnapEDA_Link"; Value = "https://www.snapeda.com/parts/DF40C-100DP-0.4V(51)/Hirose/view-part/?ref=snap"; VariantName = "[No Variations]"
Change component parameters (AddParameter): Name = "Value"; Value = ""; VariantName = "[No Variations]"
Change component parameters: Designator = "J?" ("J?"); Footprint = "SULLINS_NPTC202KFMS-RC"; UniqueID = "\WTICASPF" ("\WTICASPF")
Change component parameters (AddParameter): Name = "Check_prices"; Value = "https://www.snapeda.com/parts/DF40C-100DP-0.4V(51)/Hirose/view-part/?ref=eda"; VariantName = "[No Variations]"
Change component parameters (AddParameter): Name = "MF"; Value = "Hirose Electric"; VariantName = "[No Variations]"
Change component parameters (AddParameter): Name = "MP"; Value = "DF40C-100DP-0.4V(51)"; VariantName = "[No Variations]"
Change component parameters (AddParameter): Name = "Package"; Value = "None"; VariantName = "[No Variations]"
Change component parameters (AddParameter): Name = "SnapEDA_Link"; Value = "https://www.snapeda.com/parts/DF40C-100DP-0.4V(51)/Hirose/view-part/?ref=snap"; VariantName = "[No Variations]"
Change component parameters (AddParameter): Name = "Value"; Value = ""; VariantName = "[No Variations]"
Change component parameters: Designator = "J?" ("J?"); Footprint = "SULLINS_NPTC202KFMS-RC"; UniqueID = "\NISSUQGI" ("\NISSUQGI")
Change component parameters (AddParameter): Name = "Check_prices"; Value = "https://www.snapeda.com/parts/DF40C-100DP-0.4V(51)/Hirose/view-part/?ref=eda"; VariantName = "[No Variations]"
Change component parameters (AddParameter): Name = "MF"; Value = "Hirose Electric"; VariantName = "[No Variations]"
Change component parameters (AddParameter): Name = "MP"; Value = "DF40C-100DP-0.4V(51)"; VariantName = "[No Variations]"
Change component parameters (AddParameter): Name = "Package"; Value = "None"; VariantName = "[No Variations]"
Change component parameters (AddParameter): Name = "SnapEDA_Link"; Value = "https://www.snapeda.com/parts/DF40C-100DP-0.4V(51)/Hirose/view-part/?ref=snap"; VariantName = "[No Variations]"
Change component parameters (AddParameter): Name = "Value"; Value = ""; VariantName = "[No Variations]"
Change component parameters: Designator = "R13" ("R13"); Footprint = "RES_0201_UN1Q"; UniqueID = "\MHDIHHUI" ("\MHDIHHUI")
Change component parameters (AddParameter): Name = "Alternative component"; Value = "Allowed"; VariantName = "[No Variations]"
Change component parameters (AddParameter): Name = "ClassName"; Value = "SMALL"; VariantName = "[No Variations]"
Change component parameters (AddParameter): Name = "Component Type"; Value = "Resistor"; VariantName = "[No Variations]"
Change component parameters (AddParameter): Name = "ComponentLink1Description"; Value = "1_Datasheet"; VariantName = "[No Variations]"
Change component parameters (AddParameter): Name = "ComponentLink1URL"; Value = ""; VariantName = "[No Variations]"
Change component parameters (AddParameter): Name = "ComponentLink2Description"; Value = "2_Product page"; VariantName = "[No Variations]"
Change component parameters (AddParameter): Name = "ComponentLink2URL"; Value = ""; VariantName = "[No Variations]"
Change component parameters (AddParameter): Name = "ComponentLink3Description"; Value = "3_X-information"; VariantName = "[No Variations]"
Change component parameters (AddParameter): Name = "ComponentLink3URL"; Value = ""; VariantName = "[No Variations]"
Change component parameters (AddParameter): Name = "ComponentLink4Description"; Value = "4_X-information"; VariantName = "[No Variations]"
Change component parameters (AddParameter): Name = "ComponentLink4URL"; Value = ""; VariantName = "[No Variations]"
Change component parameters (AddParameter): Name = "Creation date"; Value = "20190101"; VariantName = "[No Variations]"
Change component parameters (AddParameter): Name = "Dimensions WxLxH"; Value = ""; VariantName = "[No Variations]"
Change component parameters (AddParameter): Name = "ECCN"; Value = ""; VariantName = "[No Variations]"
Change component parameters (AddParameter): Name = "HasBeenBuilt"; Value = "TBD"; VariantName = "[No Variations]"
Change component parameters (AddParameter): Name = "Manufacturer"; Value = "Panasonic Electronic Components"; VariantName = "[No Variations]"
Change component parameters (AddParameter): Name = "Operating temperature range"; Value = ""; VariantName = "[No Variations]"
Change component parameters (AddParameter): Name = "Package"; Value = "0201"; VariantName = "[No Variations]"
Change component parameters (AddParameter): Name = "Part Number"; Value = "ERJ-1GEJ241C"; VariantName = "[No Variations]"
Change component parameters (AddParameter): Name = "Power Rating"; Value = "1/20W"; VariantName = "[No Variations]"
Change component parameters (AddParameter): Name = "Remark"; Value = ""; VariantName = "[No Variations]"
Change component parameters (AddParameter): Name = "RoHS"; Value = ""; VariantName = "[No Variations]"
Change component parameters (AddParameter): Name = "Sort order"; Value = "322"; VariantName = "[No Variations]"
Change component parameters (AddParameter): Name = "Source"; Value = "RLC_UN1Q.SchLib"; VariantName = "[No Variations]"
Change component parameters (AddParameter): Name = "System"; Value = "RLC"; VariantName = "[No Variations]"
Change component parameters (AddParameter): Name = "Temperature characteristics"; Value = ""; VariantName = "[No Variations]"
Change component parameters (AddParameter): Name = "Tolerance"; Value = "1%"; VariantName = "[No Variations]"
Change component parameters (AddParameter): Name = "Value"; Value = "240R"; VariantName = "[No Variations]"
Change component parameters (AddParameter): Name = "Voltage"; Value = ""; VariantName = "[No Variations]"
Change component parameters: Designator = "R14" ("R14"); Footprint = "RES_0201_UN1Q"; UniqueID = "\YVKFRFKQ" ("\YVKFRFKQ")
Change component parameters (AddParameter): Name = "Alternative component"; Value = "Allowed"; VariantName = "[No Variations]"
Change component parameters (AddParameter): Name = "ClassName"; Value = "SMALL"; VariantName = "[No Variations]"
Change component parameters (AddParameter): Name = "Component Type"; Value = "Resistor"; VariantName = "[No Variations]"
Change component parameters (AddParameter): Name = "ComponentLink1Description"; Value = "1_Datasheet"; VariantName = "[No Variations]"
Change component parameters (AddParameter): Name = "ComponentLink1URL"; Value = ""; VariantName = "[No Variations]"
Change component parameters (AddParameter): Name = "ComponentLink2Description"; Value = "2_Product page"; VariantName = "[No Variations]"
Change component parameters (AddParameter): Name = "ComponentLink2URL"; Value = ""; VariantName = "[No Variations]"
Change component parameters (AddParameter): Name = "ComponentLink3Description"; Value = "3_X-information"; VariantName = "[No Variations]"
Change component parameters (AddParameter): Name = "ComponentLink3URL"; Value = ""; VariantName = "[No Variations]"
Change component parameters (AddParameter): Name = "ComponentLink4Description"; Value = "4_X-information"; VariantName = "[No Variations]"
Change component parameters (AddParameter): Name = "ComponentLink4URL"; Value = ""; VariantName = "[No Variations]"
Change component parameters (AddParameter): Name = "Creation date"; Value = "20190101"; VariantName = "[No Variations]"
Change component parameters (AddParameter): Name = "Dimensions WxLxH"; Value = ""; VariantName = "[No Variations]"
Change component parameters (AddParameter): Name = "ECCN"; Value = ""; VariantName = "[No Variations]"
Change component parameters (AddParameter): Name = "HasBeenBuilt"; Value = "TBD"; VariantName = "[No Variations]"
Change component parameters (AddParameter): Name = "Manufacturer"; Value = "Panasonic Electronic Components"; VariantName = "[No Variations]"
Change component parameters (AddParameter): Name = "Operating temperature range"; Value = ""; VariantName = "[No Variations]"
Change component parameters (AddParameter): Name = "Package"; Value = "0201"; VariantName = "[No Variations]"
Change component parameters (AddParameter): Name = "Part Number"; Value = "ERJ-1GEJ241C"; VariantName = "[No Variations]"
Change component parameters (AddParameter): Name = "Power Rating"; Value = "1/20W"; VariantName = "[No Variations]"
Change component parameters (AddParameter): Name = "Remark"; Value = ""; VariantName = "[No Variations]"
Change component parameters (AddParameter): Name = "RoHS"; Value = ""; VariantName = "[No Variations]"
Change component parameters (AddParameter): Name = "Sort order"; Value = "322"; VariantName = "[No Variations]"
Change component parameters (AddParameter): Name = "Source"; Value = "RLC_UN1Q.SchLib"; VariantName = "[No Variations]"
Change component parameters (AddParameter): Name = "System"; Value = "RLC"; VariantName = "[No Variations]"
Change component parameters (AddParameter): Name = "Temperature characteristics"; Value = ""; VariantName = "[No Variations]"
Change component parameters (AddParameter): Name = "Tolerance"; Value = "1%"; VariantName = "[No Variations]"
Change component parameters (AddParameter): Name = "Value"; Value = "240R"; VariantName = "[No Variations]"
Change component parameters (AddParameter): Name = "Voltage"; Value = ""; VariantName = "[No Variations]"
Change component parameters: Designator = "R15" ("R15"); Footprint = "RES_0201_UN1Q"; UniqueID = "\GVTIBJUO" ("\GVTIBJUO")
Change component parameters (AddParameter): Name = "Alternative component"; Value = "Allowed"; VariantName = "[No Variations]"
Change component parameters (AddParameter): Name = "ClassName"; Value = "SMALL"; VariantName = "[No Variations]"
Change component parameters (AddParameter): Name = "Component Type"; Value = "Resistor"; VariantName = "[No Variations]"
Change component parameters (AddParameter): Name = "ComponentLink1Description"; Value = "1_Datasheet"; VariantName = "[No Variations]"
Change component parameters (AddParameter): Name = "ComponentLink1URL"; Value = ""; VariantName = "[No Variations]"
Change component parameters (AddParameter): Name = "ComponentLink2Description"; Value = "2_Product page"; VariantName = "[No Variations]"
Change component parameters (AddParameter): Name = "ComponentLink2URL"; Value = ""; VariantName = "[No Variations]"
Change component parameters (AddParameter): Name = "ComponentLink3Description"; Value = "3_X-information"; VariantName = "[No Variations]"
Change component parameters (AddParameter): Name = "ComponentLink3URL"; Value = ""; VariantName = "[No Variations]"
Change component parameters (AddParameter): Name = "ComponentLink4Description"; Value = "4_X-information"; VariantName = "[No Variations]"
Change component parameters (AddParameter): Name = "ComponentLink4URL"; Value = ""; VariantName = "[No Variations]"
Change component parameters (AddParameter): Name = "Creation date"; Value = "20190101"; VariantName = "[No Variations]"
Change component parameters (AddParameter): Name = "Dimensions WxLxH"; Value = ""; VariantName = "[No Variations]"
Change component parameters (AddParameter): Name = "ECCN"; Value = ""; VariantName = "[No Variations]"
Change component parameters (AddParameter): Name = "HasBeenBuilt"; Value = "TBD"; VariantName = "[No Variations]"
Change component parameters (AddParameter): Name = "Manufacturer"; Value = "Panasonic Electronic Components"; VariantName = "[No Variations]"
Change component parameters (AddParameter): Name = "Operating temperature range"; Value = ""; VariantName = "[No Variations]"
Change component parameters (AddParameter): Name = "Package"; Value = "0201"; VariantName = "[No Variations]"
Change component parameters (AddParameter): Name = "Part Number"; Value = "ERJ-1GEJ241C"; VariantName = "[No Variations]"
Change component parameters (AddParameter): Name = "Power Rating"; Value = "1/20W"; VariantName = "[No Variations]"
Change component parameters (AddParameter): Name = "Remark"; Value = ""; VariantName = "[No Variations]"
Change component parameters (AddParameter): Name = "RoHS"; Value = ""; VariantName = "[No Variations]"
Change component parameters (AddParameter): Name = "Sort order"; Value = "322"; VariantName = "[No Variations]"
Change component parameters (AddParameter): Name = "Source"; Value = "RLC_UN1Q.SchLib"; VariantName = "[No Variations]"
Change component parameters (AddParameter): Name = "System"; Value = "RLC"; VariantName = "[No Variations]"
Change component parameters (AddParameter): Name = "Temperature characteristics"; Value = ""; VariantName = "[No Variations]"
Change component parameters (AddParameter): Name = "Tolerance"; Value = "1%"; VariantName = "[No Variations]"
Change component parameters (AddParameter): Name = "Value"; Value = "240R"; VariantName = "[No Variations]"
Change component parameters (AddParameter): Name = "Voltage"; Value = ""; VariantName = "[No Variations]"
Change component parameters: Designator = "R18" ("R18"); Footprint = "RES_0201_UN1Q"; UniqueID = "\KUIWNQYN" ("\KUIWNQYN")
Change component parameters (AddParameter): Name = "Alternative component"; Value = "Allowed"; VariantName = "[No Variations]"
Change component parameters (AddParameter): Name = "ClassName"; Value = "SMALL"; VariantName = "[No Variations]"
Change component parameters (AddParameter): Name = "ComponentLink1Description"; Value = "1_Datasheet"; VariantName = "[No Variations]"
Change component parameters (AddParameter): Name = "ComponentLink1URL"; Value = ""; VariantName = "[No Variations]"
Change component parameters (AddParameter): Name = "ComponentLink2Description"; Value = "2_Product page"; VariantName = "[No Variations]"
Change component parameters (AddParameter): Name = "ComponentLink2URL"; Value = ""; VariantName = "[No Variations]"
Change component parameters (AddParameter): Name = "ComponentLink3Description"; Value = "3_X-information"; VariantName = "[No Variations]"
Change component parameters (AddParameter): Name = "ComponentLink3URL"; Value = ""; VariantName = "[No Variations]"
Change component parameters (AddParameter): Name = "ComponentLink4Description"; Value = "4_X-information"; VariantName = "[No Variations]"
Change component parameters (AddParameter): Name = "ComponentLink4URL"; Value = ""; VariantName = "[No Variations]"
Change component parameters (AddParameter): Name = "Creation date"; Value = "20190101"; VariantName = "[No Variations]"
Change component parameters (AddParameter): Name = "Dimensions WxLxH"; Value = ""; VariantName = "[No Variations]"
Change component parameters (AddParameter): Name = "ECCN"; Value = ""; VariantName = "[No Variations]"
Change component parameters (AddParameter): Name = "HasBeenBuilt"; Value = "TBD"; VariantName = "[No Variations]"
Change component parameters (AddParameter): Name = "Manufacturer"; Value = "Vishay Dale"; VariantName = "[No Variations]"
Change component parameters (AddParameter): Name = "Operating temperature range"; Value = ""; VariantName = "[No Variations]"
Change component parameters (AddParameter): Name = "Package"; Value = "0201"; VariantName = "[No Variations]"
Change component parameters (AddParameter): Name = "Part Number"; Value = "CRCW0201200RFNED"; VariantName = "[No Variations]"
Change component parameters (AddParameter): Name = "Power Rating"; Value = "1/20W"; VariantName = "[No Variations]"
Change component parameters (AddParameter): Name = "Remark"; Value = ""; VariantName = "[No Variations]"
Change component parameters (AddParameter): Name = "RoHS"; Value = ""; VariantName = "[No Variations]"
Change component parameters (AddParameter): Name = "Sort order"; Value = "322"; VariantName = "[No Variations]"
Change component parameters (AddParameter): Name = "Source"; Value = "RLC_UN1Q.SchLib"; VariantName = "[No Variations]"
Change component parameters (AddParameter): Name = "System"; Value = "RLC"; VariantName = "[No Variations]"
Change component parameters (AddParameter): Name = "Temperature characteristics"; Value = ""; VariantName = "[No Variations]"
Change component parameters (AddParameter): Name = "Tolerance"; Value = "1%"; VariantName = "[No Variations]"
Change component parameters (AddParameter): Name = "Value"; Value = "200R"; VariantName = "[No Variations]"
Change component parameters (AddParameter): Name = "Voltage"; Value = ""; VariantName = "[No Variations]"
Add component: Footprint Not Found CAP_0201_UN1Q
Add component: Footprint Not Found CAP_0201_UN1Q
Add component: Footprint Not Found CAP_0201_UN1Q
Add component: Footprint Not Found CAP_0201_UN1Q
Add component: Footprint Not Found PTP_0.4mm
Add component: Footprint Not Found PTP_0.4mm
Add component: Footprint Not Found PTP_0.4mm
Add component: Footprint Not Found PTP_0.4mm
Add component: Footprint Not Found RES_0201_UN1Q
Add component: Footprint Not Found W-PDFN-8MLP8_W7_MRN
Add Pin To Net: Unknown Pin: Pin C83-1
Add Pin To Net: Unknown Pin: Pin C84-1
Add Pin To Net: Unknown Pin: Pin C85-1
Add Pin To Net: Unknown Pin: Pin C86-1
Added Pin To Net: NetName=\mPCIe_RST Pin=J?-1
Added Pin To Net: NetName=CSI1_CKN Pin=J?-1
Added Pin To Net: NetName=I2C1_SCL Pin=J?-2
Added Pin To Net: NetName=LVDS0_TX0_N Pin=J?-2
Added Pin To Net: NetName=SAI1_MCLK Pin=J?-2
Added Pin To Net: NetName=CSI1_CKP Pin=J?-3
Added Pin To Net: NetName=LVDS0_TX0_P Pin=J?-4
Added Pin To Net: NetName=\USB_HUB_RST Pin=J?-5
Added Pin To Net: NetName=CSI1_DN0 Pin=J?-5
Added Pin To Net: NetName=I2C1_SDA Pin=J?-6
Added Pin To Net: NetName=LVDS0_TX1_N Pin=J?-6
Added Pin To Net: NetName=SAI1_TXD6 Pin=J?-6
Added Pin To Net: NetName=CSI1_DP0 Pin=J?-7
Added Pin To Net: NetName=ECSPI1_MOSI Pin=J?-7
Added Pin To Net: NetName=LVDS0_TX1_P Pin=J?-8
Added Pin To Net: NetName=SAI1_TXD7 Pin=J?-8
Added Pin To Net: NetName=CSI1_DN1 Pin=J?-9
Added Pin To Net: NetName=ECSPI1_MISO Pin=J?-9
Added Pin To Net: NetName=I2C2_SCL Pin=J?-10
Added Pin To Net: NetName=LVDS0_TX2_N Pin=J?-10
Added Pin To Net: NetName=SAI1_RXFS Pin=J?-10
Added Pin To Net: NetName=CSI1_DP1 Pin=J?-11
Added Pin To Net: NetName=LVDS0_TX2_P Pin=J?-12
Added Pin To Net: NetName=SAI1_RXC Pin=J?-12
Added Pin To Net: NetName=CSI1_DN2 Pin=J?-13
Added Pin To Net: NetName=USB1_VBUS_3V3 Pin=J?-13
Added Pin To Net: NetName=I2C2_SDA Pin=J?-14
Added Pin To Net: NetName=LVDS0_CLK_N Pin=J?-14
Added Pin To Net: NetName=CSI1_DP2 Pin=J?-15
Added Pin To Net: NetName=USB1_D_N Pin=J?-15
Added Pin To Net: NetName=LVDS0_CLK_P Pin=J?-16
Added Pin To Net: NetName=SAI2_MCLK Pin=J?-16
Added Pin To Net: NetName=CSI1_DN3 Pin=J?-17
Added Pin To Net: NetName=I2C3_SCL Pin=J?-18
Added Pin To Net: NetName=LVDS0_TX3_N Pin=J?-18
Added Pin To Net: NetName=CSI1_DP3 Pin=J?-19
Added Pin To Net: NetName=USB1_D_P Pin=J?-19
Added Pin To Net: NetName=LVDS0_TX3_P Pin=J?-20
Added Pin To Net: NetName=SAI2_TXFS Pin=J?-20
Added Pin To Net: NetName=I2C3_SDA Pin=J?-22
Added Pin To Net: NetName=CSI2_CKN Pin=J?-23
Added Pin To Net: NetName=USB1_TX_N Pin=J?-23
Added Pin To Net: NetName=LVDS1_TX0_N Pin=J?-24
Added Pin To Net: NetName=SAI2_TXC Pin=J?-24
Added Pin To Net: NetName=CSI2_CKP Pin=J?-25
Added Pin To Net: NetName=I2C4_SCL Pin=J?-26
Added Pin To Net: NetName=LVDS1_TX0_P Pin=J?-26
Added Pin To Net: NetName=CSI2_DN0 Pin=J?-27
Added Pin To Net: NetName=USB1_TX_P Pin=J?-27
Added Pin To Net: NetName=LVDS1_TX1_N Pin=J?-28
Added Pin To Net: NetName=SAI2_TXD Pin=J?-28
Added Pin To Net: NetName=CSI2_DP0 Pin=J?-29
Added Pin To Net: NetName=I2C4_SDA Pin=J?-30
Added Pin To Net: NetName=LVDS1_TX1_P Pin=J?-30
Added Pin To Net: NetName=CSI2_DN1 Pin=J?-31
Added Pin To Net: NetName=USB1_RX_N Pin=J?-31
Added Pin To Net: NetName=LVDS1_TX2_N Pin=J?-32
Added Pin To Net: NetName=CSI2_DP1 Pin=J?-33
Added Pin To Net: NetName=ECSPI2_MOSI Pin=J?-34
Added Pin To Net: NetName=LVDS1_TX2_P Pin=J?-34
Added Pin To Net: NetName=CSI2_DN2 Pin=J?-35
Added Pin To Net: NetName=USB1_RX_P Pin=J?-35
Added Pin To Net: NetName=ECSPI2_MISO Pin=J?-36
Added Pin To Net: NetName=LVDS1_CLK_N Pin=J?-36
Added Pin To Net: NetName=CSI2_DP2 Pin=J?-37
Added Pin To Net: NetName=ENET2_MDC Pin=J?-37
Added Pin To Net: NetName=LVDS1_CLK_P Pin=J?-38
Added Pin To Net: NetName=CSI2_DN3 Pin=J?-39
Added Pin To Net: NetName=ENET2_MDIO Pin=J?-39
Added Pin To Net: NetName=ECSPI2_SCLK Pin=J?-40
Added Pin To Net: NetName=LVDS1_TX3_N Pin=J?-40
Added Pin To Net: NetName=SAI2_RXD Pin=J?-40
Added Pin To Net: NetName=CSI2_DP3 Pin=J?-41
Added Pin To Net: NetName=ENET2_TX_CTL Pin=J?-41
Added Pin To Net: NetName=USB2_VBUS_3V3 Pin=J?-41
Added Pin To Net: NetName=LVDS1_TX3_P Pin=J?-42
Added Pin To Net: NetName=ENET2_TXC Pin=J?-43
Added Pin To Net: NetName=USB2_TX_N Pin=J?-43
Added Pin To Net: NetName=ENET2_TD0 Pin=J?-45
Added Pin To Net: NetName=DSI_CKN Pin=J?-46
Added Pin To Net: NetName=SAI3_MCLK Pin=J?-46
Added Pin To Net: NetName=ENET2_TD1 Pin=J?-47
Added Pin To Net: NetName=USB2_TX_P Pin=J?-47
Added Pin To Net: NetName=DSI_CKP Pin=J?-48
Added Pin To Net: NetName=ENET2_TD2 Pin=J?-49
Added Pin To Net: NetName=DSI_DN0 Pin=J?-50
Added Pin To Net: NetName=SAI3_TXFS Pin=J?-50
Added Pin To Net: NetName=ENET2_TD3 Pin=J?-51
Added Pin To Net: NetName=USB2_RX_N Pin=J?-51
Added Pin To Net: NetName=DSI_DP0 Pin=J?-52
Added Pin To Net: NetName=ENET2_RX_CTL Pin=J?-53
Added Pin To Net: NetName=DSI_DN1 Pin=J?-54
Added Pin To Net: NetName=SAI3_TXC Pin=J?-54
Added Pin To Net: NetName=ENET2_RXC Pin=J?-55
Added Pin To Net: NetName=USB2_RX_P Pin=J?-55
Added Pin To Net: NetName=DSI_DP1 Pin=J?-56
Added Pin To Net: NetName=ENET2_RD0 Pin=J?-57
Added Pin To Net: NetName=DSI_DN2 Pin=J?-58
Added Pin To Net: NetName=SAI3_TXD Pin=J?-58
Added Pin To Net: NetName=ENET2_RD1 Pin=J?-59
Added Pin To Net: NetName=PCIE_CLK_N Pin=J?-59
Added Pin To Net: NetName=DSI_DP2 Pin=J?-60
Added Pin To Net: NetName=ENET2_RD2 Pin=J?-61
Added Pin To Net: NetName=DSI_DN3 Pin=J?-62
Added Pin To Net: NetName=SAI3_RXFS Pin=J?-62
Added Pin To Net: NetName=ENET2_RD3 Pin=J?-63
Added Pin To Net: NetName=PCIE_CLK_P Pin=J?-63
Added Pin To Net: NetName=DSI_DP3 Pin=J?-64
Added Pin To Net: NetName=SAI3_RXC Pin=J?-66
Added Pin To Net: NetName=PCIE_TX_N Pin=J?-67
Added Pin To Net: NetName=GPIO1_IO00 Pin=J?-68
Added Pin To Net: NetName=SAI3_RXD Pin=J?-70
Added Pin To Net: NetName=I2C5_SCL Pin=J?-71
Added Pin To Net: NetName=PCIE_TX_P Pin=J?-71
Added Pin To Net: NetName=GPIO1_IO05 Pin=J?-72
Added Pin To Net: NetName=HDMI_DDC_SCL Pin=J?-72
Added Pin To Net: NetName=SPDIF_RX Pin=J?-73
Added Pin To Net: NetName=GPIO1_IO06 Pin=J?-74
Added Pin To Net: NetName=HDMI_DDC_SDA Pin=J?-74
Added Pin To Net: NetName=I2C5_SDA Pin=J?-75
Added Pin To Net: NetName=PCIE_RX_N Pin=J?-75
Added Pin To Net: NetName=GPIO1_IO07 Pin=J?-76
Added Pin To Net: NetName=HDMI_HPD Pin=J?-76
Added Pin To Net: NetName=SAI5_MCLK Pin=J?-76
Added Pin To Net: NetName=GPIO1_IO08 Pin=J?-78
Added Pin To Net: NetName=HDMI_CEC Pin=J?-78
Added Pin To Net: NetName=PCIE_RX_P Pin=J?-79
Added Pin To Net: NetName=GPIO1_IO09 Pin=J?-80
Added Pin To Net: NetName=HDMI_TXC_N Pin=J?-80
Added Pin To Net: NetName=I2C6_SCL Pin=J?-80
Added Pin To Net: NetName=GPIO1_IO10 Pin=J?-82
Added Pin To Net: NetName=HDMI_TXC_P Pin=J?-82
Added Pin To Net: NetName=GPIO1_IO11 Pin=J?-84
Added Pin To Net: NetName=HDMI_TX0_N Pin=J?-84
Added Pin To Net: NetName=I2C6_SDA Pin=J?-84
Added Pin To Net: NetName=UART1_RXD Pin=J?-85
Added Pin To Net: NetName=GPIO1_IO12 Pin=J?-86
Added Pin To Net: NetName=HDMI_TX0_P Pin=J?-86
Added Pin To Net: NetName=UART1_TXD Pin=J?-87
Added Pin To Net: NetName=GPIO1_IO13 Pin=J?-88
Added Pin To Net: NetName=HDMI_TX1_N Pin=J?-88
Added Pin To Net: NetName=SAI5_RXD0 Pin=J?-88
Added Pin To Net: NetName=UART2_RXD Pin=J?-89
Added Pin To Net: NetName=GPIO1_IO14 Pin=J?-90
Added Pin To Net: NetName=HDMI_TX1_P Pin=J?-90
Added Pin To Net: NetName=UART2_TXD Pin=J?-91
Added Pin To Net: NetName=GPIO1_IO15 Pin=J?-92
Added Pin To Net: NetName=HDMI_TX2_N Pin=J?-92
Added Pin To Net: NetName=SAI5_RXD1 Pin=J?-92
Added Pin To Net: NetName=UART3_RXD Pin=J?-93
Added Pin To Net: NetName=BOOT_MODE0 Pin=J?-94
Added Pin To Net: NetName=HDMI_TX2_P Pin=J?-94
Added Pin To Net: NetName=UART3_TXD Pin=J?-95
Added Pin To Net: NetName=BOOT_MODE1 Pin=J?-96
Added Pin To Net: NetName=EARC_AUX Pin=J?-96
Added Pin To Net: NetName=SAI5_RXD2 Pin=J?-96
Added Pin To Net: NetName=UART4_RXD Pin=J?-97
Added Pin To Net: NetName=BOOT_MODE2 Pin=J?-98
Added Pin To Net: NetName=EARC_N_HPD Pin=J?-98
Added Pin To Net: NetName=UART4_TXD Pin=J?-99
Added Pin To Net: NetName=BOOT_MODE3 Pin=J?-100
Added Pin To Net: NetName=EARC_P_UTIL Pin=J?-100
Added Pin To Net: NetName=SAI5_RXD3 Pin=J?-100
Add Pin To Net: Unknown Pin: Pin PTP44-1
Add Pin To Net: Unknown Pin: Pin PTP45-1
Added Pin To Net: NetName=NVCC_DRAM_1V1 Pin=R13-1
Added Pin To Net: NetName=DRAM_ZQ0 Pin=R13-2
Added Pin To Net: NetName=GND Pin=R14-1
Added Pin To Net: NetName=NVCC_DRAM_1V1 Pin=R15-1
Added Pin To Net: NetName=DRAM_ZQ1 Pin=R15-2
Add Pin To Net: Unknown Pin: Pin R20-1
Added Pin To Net: NetName=I2C6_SCL Pin=R84-2
Added Pin To Net: NetName=SAI1_TXD6 Pin=U1-AC12
Added Pin To Net: NetName=I2C6_SCL Pin=U1-AC14
Added Pin To Net: NetName=SAI3_TXFS Pin=U1-AC16
Added Pin To Net: NetName=I2C5_SDA Pin=U1-AC18
Added Pin To Net: NetName=I2C6_SDA Pin=U1-AD14
Added Pin To Net: NetName=SAI5_RXD1 Pin=U1-AD16
Added Pin To Net: NetName=SPDIF_RX Pin=U1-AD18
Added Pin To Net: NetName=SAI1_MCLK Pin=U1-AE12
Added Pin To Net: NetName=SAI5_RXD3 Pin=U1-AE14
Added Pin To Net: NetName=SAI5_RXD0 Pin=U1-AE16
Added Pin To Net: NetName=I2C5_SCL Pin=U1-AE18
Added Pin To Net: NetName=\USB_HUB_RST Pin=U1-AE20
Added Pin To Net: NetName=SAI5_MCLK Pin=U1-AF14
Added Pin To Net: NetName=SAI5_RXD2 Pin=U1-AF16
Added Pin To Net: NetName=SAI3_RXD Pin=U1-AF18
Added Pin To Net: NetName=\mPCIe_RST Pin=U1-AF20
Added Pin To Net: NetName=SAI1_RXC Pin=U1-AH8
Added Pin To Net: NetName=SAI2_TXC Pin=U1-AH15
Added Pin To Net: NetName=SAI2_TXD Pin=U1-AH16
Added Pin To Net: NetName=SAI3_TXD Pin=U1-AH18
Added Pin To Net: NetName=SAI3_TXC Pin=U1-AH19
Added Pin To Net: NetName=SAI1_RXFS Pin=U1-AJ9
Added Pin To Net: NetName=SAI1_TXD7 Pin=U1-AJ13
Added Pin To Net: NetName=SAI2_RXD Pin=U1-AJ14
Added Pin To Net: NetName=SAI2_MCLK Pin=U1-AJ15
Added Pin To Net: NetName=SAI2_TXFS Pin=U1-AJ17
Added Pin To Net: NetName=SAI3_RXC Pin=U1-AJ18
Added Pin To Net: NetName=SAI3_RXFS Pin=U1-AJ19
Added Pin To Net: NetName=SAI3_MCLK Pin=U1-AJ20
Added Pin To Net: NetName=DRAM_ZQ0 Pin=U2-A5
Added Pin To Net: NetName=DRAM_ZQ1 Pin=U2-A8
Added Pin To Net: NetName=DRAM_DATA8_A Pin=U2-AA2
Added Pin To Net: NetName=DRAM_DATA15_A Pin=U2-AA4
Added Pin To Net: NetName=DRAM_DATA7_A Pin=U2-AA9
Added Pin To Net: NetName=DRAM_DATA0_A Pin=U2-AA11
Added Pin To Net: NetName=DRAM_DATA0_B Pin=U2-B2
Added Pin To Net: NetName=DRAM_DATA7_B Pin=U2-B4
Added Pin To Net: NetName=DRAM_DATA15_B Pin=U2-B9
Added Pin To Net: NetName=DRAM_DATA8_B Pin=U2-B11
Added Pin To Net: NetName=DRAM_DATA1_B Pin=U2-C2
Added Pin To Net: NetName=DRAM_DMI0_B Pin=U2-C3
Added Pin To Net: NetName=DRAM_DATA6_B Pin=U2-C4
Added Pin To Net: NetName=DRAM_DATA14_B Pin=U2-C9
Added Pin To Net: NetName=DRAM_DMI1_B Pin=U2-C10
Added Pin To Net: NetName=DRAM_DATA9_B Pin=U2-C11
Added Pin To Net: NetName=DRAM_SDQS0_B_P Pin=U2-D3
Added Pin To Net: NetName=DRAM_SDQS1_B_P Pin=U2-D10
Added Pin To Net: NetName=DRAM_DATA3_B Pin=U2-E2
Added Pin To Net: NetName=DRAM_SDQS0_B_N Pin=U2-E3
Added Pin To Net: NetName=DRAM_DATA4_B Pin=U2-E4
Added Pin To Net: NetName=DRAM_DATA13_B Pin=U2-E9
Added Pin To Net: NetName=DRAM_SDQS1_B_N Pin=U2-E10
Added Pin To Net: NetName=DRAM_DATA10_B Pin=U2-E11
Added Pin To Net: NetName=DRAM_DATA2_B Pin=U2-F2
Added Pin To Net: NetName=DRAM_DATA5_B Pin=U2-F4
Added Pin To Net: NetName=DRAM_DATA12_B Pin=U2-F9
Added Pin To Net: NetName=DRAM_DATA11_B Pin=U2-F11
Added Pin To Net: NetName=NVCC_DRAM_1V1 Pin=U2-G2
Added Pin To Net: NetName=DRAM_CA0_B Pin=U2-H2
Added Pin To Net: NetName=DRAM_nCS1_B Pin=U2-H3
Added Pin To Net: NetName=DRAM_nCS0_B Pin=U2-H4
Added Pin To Net: NetName=DRAM_CA2_B Pin=U2-H9
Added Pin To Net: NetName=DRAM_CA3_B Pin=U2-H10
Added Pin To Net: NetName=DRAM_CA4_B Pin=U2-H11
Added Pin To Net: NetName=DRAM_CA1_B Pin=U2-J2
Added Pin To Net: NetName=DRAM_CKE0_B Pin=U2-J4
Added Pin To Net: NetName=DRAM_CKE1_B Pin=U2-J5
Added Pin To Net: NetName=DRAM_CK_B_P Pin=U2-J8
Added Pin To Net: NetName=DRAM_CK_B_N Pin=U2-J9
Added Pin To Net: NetName=DRAM_CA5_B Pin=U2-J11
Added Pin To Net: NetName=DRAM_CA1_A Pin=U2-P2
Added Pin To Net: NetName=DRAM_CKE0_A Pin=U2-P4
Added Pin To Net: NetName=DRAM_CKE1_A Pin=U2-P5
Added Pin To Net: NetName=DRAM_CK_A_P Pin=U2-P8
Added Pin To Net: NetName=DRAM_CK_A_N Pin=U2-P9
Added Pin To Net: NetName=DRAM_CA5_A Pin=U2-P11
Added Pin To Net: NetName=DRAM_CA0_A Pin=U2-R2
Added Pin To Net: NetName=DRAM_nCS1_A Pin=U2-R3
Added Pin To Net: NetName=DRAM_nCS0_A Pin=U2-R4
Added Pin To Net: NetName=DRAM_CA2_A Pin=U2-R9
Added Pin To Net: NetName=DRAM_CA3_A Pin=U2-R10
Added Pin To Net: NetName=DRAM_CA4_A Pin=U2-R11
Added Pin To Net: NetName=NVCC_DRAM_1V1 Pin=U2-T2
Added Pin To Net: NetName=DRAM_nRESET Pin=U2-T11
Added Pin To Net: NetName=DRAM_DATA12_A Pin=U2-U2
Added Pin To Net: NetName=DRAM_DATA13_A Pin=U2-U4
Added Pin To Net: NetName=DRAM_DATA4_A Pin=U2-U9
Added Pin To Net: NetName=DRAM_DATA3_A Pin=U2-U11
Added Pin To Net: NetName=DRAM_DATA11_A Pin=U2-V2
Added Pin To Net: NetName=DRAM_SDQS1_A_N Pin=U2-V3
Added Pin To Net: NetName=DRAM_DATA10_A Pin=U2-V4
Added Pin To Net: NetName=DRAM_DATA2_A Pin=U2-V9
Added Pin To Net: NetName=DRAM_SDQS0_A_N Pin=U2-V10
Added Pin To Net: NetName=DRAM_DATA5_A Pin=U2-V11
Added Pin To Net: NetName=DRAM_SDQS1_A_P Pin=U2-W3
Added Pin To Net: NetName=DRAM_SDQS0_A_P Pin=U2-W10
Added Pin To Net: NetName=DRAM_DATA9_A Pin=U2-Y2
Added Pin To Net: NetName=DRAM_DMI1_A Pin=U2-Y3
Added Pin To Net: NetName=DRAM_DATA14_A Pin=U2-Y4
Added Pin To Net: NetName=DRAM_DATA6_A Pin=U2-Y9
Added Pin To Net: NetName=DRAM_DMI0_A Pin=U2-Y10
Added Pin To Net: NetName=DRAM_DATA1_A Pin=U2-Y11
Add Pin To Net: Unknown Pin: Pin U5-1
Add Pin To Net: Unknown Pin: Pin U5-2
Add Pin To Net: Unknown Pin: Pin U5-3
Add Pin To Net: Unknown Pin: Pin U5-4
Add Pin To Net: Unknown Pin: Pin U5-5
Add Pin To Net: Unknown Pin: Pin U5-6
Add Pin To Net: Unknown Pin: Pin U5-7
Add Pin To Net: Unknown Pin: Pin U5-8
Add Pin To Net: Unknown Pin: Pin U5-9
Change Net Name : Old Net Name=NetC72_1 New Net Name=NetC115_1
Change Net Name : Old Net Name=NetC78_2 New Net Name=NetC121_2
Change Net Name : Old Net Name=NetL1_1 New Net Name=NetL3_1
Change Net Name : Old Net Name=NetL2_1 New Net Name=NetL4_1
Change Net Name : Old Net Name=NetL3_1 New Net Name=NetL5_1
Change Net Name : Old Net Name=NetL4_1 New Net Name=NetL6_1
Change Net Name : Old Net Name=NetL5_1 New Net Name=NetL7_1
Change Net Name : Old Net Name=NetL6_1 New Net Name=NetL8_1
Change Net Name : Old Net Name=NetPTP8_1 New Net Name=NetPTP32_1
Change Net Name : Old Net Name=NetR3_1 New Net Name=NetR41_1
Change Net Name : Old Net Name=NetR?_1 New Net Name=NetR26_1
Added Pin To Net: NetName=GPIO1_IO01 Pin=J?-70
Added Pin To Net: NetName=GPIO1_IO01 Pin=U1-E8
Added Net: Name=GPIO1_IO01
Added Pin To Net: NetName=NetC83_2 Pin=U1-B10
Added Net: Name=NetC83_2
Added Pin To Net: NetName=NetC84_2 Pin=U1-A10
Added Net: Name=NetC84_2
Added Pin To Net: NetName=NetC85_2 Pin=U1-B13
Added Net: Name=NetC85_2
Added Pin To Net: NetName=NetC86_2 Pin=U1-A13
Added Net: Name=NetC86_2
Added Pin To Net: NetName=NetC94_2 Pin=C94-2
Added Pin To Net: NetName=NetC94_2 Pin=U1-F18
Added Net: Name=NetC94_2
Added Pin To Net: NetName=NetPTP9_1 Pin=PTP9-1
Added Pin To Net: NetName=NetPTP9_1 Pin=R14-2
Added Pin To Net: NetName=NetPTP9_1 Pin=U1-R1
Added Net: Name=NetPTP9_1
Added Pin To Net: NetName=NetPTP10_1 Pin=PTP10-1
Added Pin To Net: NetName=NetPTP10_1 Pin=U1-P2
Added Net: Name=NetPTP10_1
Added Pin To Net: NetName=NetPTP12_1 Pin=R18-2
Added Pin To Net: NetName=NetPTP12_1 Pin=U1-F10
Added Net: Name=NetPTP12_1
Added Pin To Net: NetName=NetPTP13_1 Pin=U1-F12
Added Net: Name=NetPTP13_1
Added Pin To Net: NetName=SAI1_RXD0 Pin=J?-29
Added Pin To Net: NetName=SAI1_RXD0 Pin=U1-AC10
Added Net: Name=SAI1_RXD0
Added Pin To Net: NetName=SAI1_RXD1 Pin=J?-31
Added Pin To Net: NetName=SAI1_RXD1 Pin=U1-AF10
Added Net: Name=SAI1_RXD1
Added Pin To Net: NetName=SAI1_RXD2 Pin=J?-1
Added Pin To Net: NetName=SAI1_RXD2 Pin=U1-AH9
Added Net: Name=SAI1_RXD2
Added Pin To Net: NetName=SAI1_RXD3 Pin=J?-3
Added Pin To Net: NetName=SAI1_RXD3 Pin=U1-AJ8
Added Net: Name=SAI1_RXD3
Added Pin To Net: NetName=SAI1_RXD4 Pin=J?-21
Added Pin To Net: NetName=SAI1_RXD4 Pin=U1-AD10
Added Net: Name=SAI1_RXD4
Added Pin To Net: NetName=SAI1_RXD5 Pin=J?-23
Added Pin To Net: NetName=SAI1_RXD5 Pin=U1-AE10
Added Net: Name=SAI1_RXD5
Added Pin To Net: NetName=SAI1_RXD6 Pin=J?-25
Added Pin To Net: NetName=SAI1_RXD6 Pin=U1-AH10
Added Net: Name=SAI1_RXD6
Added Pin To Net: NetName=SAI1_RXD7 Pin=J?-27
Added Pin To Net: NetName=SAI1_RXD7 Pin=U1-AH12
Added Net: Name=SAI1_RXD7
Added Pin To Net: NetName=SAI1_TXC Pin=J?-19
Added Pin To Net: NetName=SAI1_TXC Pin=U1-AJ12
Added Net: Name=SAI1_TXC
Added Pin To Net: NetName=SAI1_TXD0 Pin=J?-9
Added Pin To Net: NetName=SAI1_TXD0 Pin=U1-AJ11
Added Net: Name=SAI1_TXD0
Added Pin To Net: NetName=SAI1_TXD1 Pin=J?-11
Added Pin To Net: NetName=SAI1_TXD1 Pin=U1-AJ10
Added Net: Name=SAI1_TXD1
Added Pin To Net: NetName=SAI1_TXD2 Pin=J?-13
Added Pin To Net: NetName=SAI1_TXD2 Pin=U1-AH11
Added Net: Name=SAI1_TXD2
Added Pin To Net: NetName=SAI1_TXD3 Pin=J?-15
Added Pin To Net: NetName=SAI1_TXD3 Pin=U1-AD12
Added Net: Name=SAI1_TXD3
Added Pin To Net: NetName=SAI1_TXD4 Pin=J?-5
Added Pin To Net: NetName=SAI1_TXD4 Pin=U1-AH13
Added Net: Name=SAI1_TXD4
Added Pin To Net: NetName=SAI1_TXD5 Pin=J?-7
Added Pin To Net: NetName=SAI1_TXD5 Pin=U1-AH14
Added Net: Name=SAI1_TXD5
Added Pin To Net: NetName=SAI1_TXFS Pin=J?-17
Added Pin To Net: NetName=SAI1_TXFS Pin=U1-AF12
Added Net: Name=SAI1_TXFS
Added Pin To Net: NetName=SAI2_RXC Pin=J?-36
Added Pin To Net: NetName=SAI2_RXC Pin=J?-65
Added Pin To Net: NetName=SAI2_RXC Pin=U1-AJ16
Added Net: Name=SAI2_RXC
Added Pin To Net: NetName=SAI2_RXFS Pin=J?-32
Added Pin To Net: NetName=SAI2_RXFS Pin=J?-67
Added Pin To Net: NetName=SAI2_RXFS Pin=U1-AH17
Added Net: Name=SAI2_RXFS
Change Class Name : Old Net Name=SMPS New Net Name=IMX8_LPDDR4
Change Class Name : Old Net Name=USB_PER1 New Net Name=Interconnect
Added Member To Class: ClassName=IMX8_IO Member=Component C1 CAP_0201_12pF_RF_MATCHING
Added Member To Class: ClassName=IMX8_IO Member=Component C2 CAP_0201_12pF_RF_MATCHING
Added Member To Class: ClassName=IMX8_IO Member=Component C3 CAP_0201_12pF_RF_MATCHING
Added Member To Class: ClassName=IMX8_IO Member=Component C4 CAP_0201_12pF_RF_MATCHING
Added Member To Class: ClassName=IMX8_LPDDR4 Member=Component C61 CAP_0402_10u_X6S
Added Member To Class: ClassName=IMX8_LPDDR4 Member=Component C62 CAP_0402_10u_X6S
Added Member To Class: ClassName=IMX8_LPDDR4 Member=Component C64 CAP_0201_1uF_X6S
Added Member To Class: ClassName=IMX8_LPDDR4 Member=Component C65 CAP_0201_1uF_X6S
Added Member To Class: ClassName=IMX8_LPDDR4 Member=Component C66 CAP_0201_1uF_X6S
Added Member To Class: ClassName=IMX8_LPDDR4 Member=Component C67 CAP_0402_10u_X6S
Added Member To Class: ClassName=IMX8_LPDDR4 Member=Component C68 CAP_0402_10u_X6S
Added Member To Class: ClassName=IMX8_LPDDR4 Member=Component C69 CAP_0201_1uF_X6S
Added Member To Class: ClassName=IMX8_LPDDR4 Member=Component C70 CAP_0201_1uF_X6S
Added Member To Class: ClassName=IMX8_LPDDR4 Member=Component C71 CAP_0201_1uF_X6S
Added Member To Class: ClassName=IMX8_LPDDR4 Member=Component C72 CAP_0201_1uF_X6S
Added Member To Class: ClassName=IMX8_LPDDR4 Member=Component C73 CAP_0201_1uF_X6S
Added Member To Class: ClassName=IMX8_LPDDR4 Member=Component C74 CAP_0201_1uF_X6S
Added Member To Class: ClassName=IMX8_LPDDR4 Member=Component C75 CAP_0402_10u_X6S
Added Member To Class: ClassName=IMX8_LPDDR4 Member=Component C76 CAP_0201_1uF_X6S
Added Member To Class: ClassName=IMX8_LPDDR4 Member=Component C77 CAP_0201_1uF_X6S
Added Member To Class: ClassName=IMX8_LPDDR4 Member=Component C78 CAP_0201_1uF_X6S
Added Member To Class: ClassName=IMX8_LPDDR4 Member=Component C79 CAP_0201_1uF_X6S
Added Member To Class: ClassName=IMX8_LPDDR4 Member=Component C80 CAP_0201_1uF_X6S
Added Member To Class: ClassName=IMX8_LPDDR4 Member=Component C81 CAP_0201_1uF_X6S
Added Member To Class: ClassName=IMX8_LPDDR4 Member=Component C82 CAP_0201_1uF_X6S
Add Class Member: Failed to add class member : Component C83 CAP_0201_220n_10V_X6S
Add Class Member: Failed to add class member : Component C84 CAP_0201_220n_10V_X6S
Add Class Member: Failed to add class member : Component C85 CAP_0201_220n_10V_X6S
Add Class Member: Failed to add class member : Component C86 CAP_0201_220n_10V_X6S
Added Member To Class: ClassName=IMX8_DISPLAY Member=Component C94 CAP_0201_2n2
Added Member To Class: ClassName=IMX8_eMMC Member=Component C105 CAP_0201_18p_RF_MATCHING
Added Member To Class: ClassName=IMX8_eMMC Member=Component C108 CAP_0402_10u_X6S
Added Member To Class: ClassName=IMX8_eMMC Member=Component C109 CAP_0201_220n_10V_X6S
Added Member To Class: ClassName=Interconnect Member=Component J? DF40C-100DP-0.4V(51)
Added Member To Class: ClassName=Interconnect Member=Component J? DF40C-100DP-0.4V(51)
Added Member To Class: ClassName=IMX8_PMIC Member=Component L8 IND_VLS2520_0u47
Added Member To Class: ClassName=IMX8_IO Member=Component PTP1 PTP_0.4mm
Added Member To Class: ClassName=IMX8_IO Member=Component PTP2 PTP_0.4mm
Added Member To Class: ClassName=IMX8_IO Member=Component PTP3 PTP_0.4mm
Added Member To Class: ClassName=IMX8_IO Member=Component PTP4 PTP_0.4mm
Added Member To Class: ClassName=IMX8_IO Member=Component PTP5 PTP_0.4mm
Added Member To Class: ClassName=IMX8_LPDDR4 Member=Component PTP6 PTP_0.4mm
Added Member To Class: ClassName=IMX8_LPDDR4 Member=Component PTP7 PTP_0.4mm
Added Member To Class: ClassName=IMX8_LPDDR4 Member=Component PTP8 PTP_0.4mm
Added Member To Class: ClassName=IMX8_LPDDR4 Member=Component PTP9 PTP_0.4mm
Added Member To Class: ClassName=IMX8_LPDDR4 Member=Component PTP10 PTP_0.4mm
Added Member To Class: ClassName=IMX8_LPDDR4 Member=Component PTP11 PTP_0.4mm
Add Class Member: Failed to add class member : Component PTP12 PTP_0.4mm
Add Class Member: Failed to add class member : Component PTP13 PTP_0.4mm
Add Class Member: Failed to add class member : Component PTP44 PTP_0.4mm
Add Class Member: Failed to add class member : Component PTP45 PTP_0.4mm
Added Member To Class: ClassName=IMX8_IO Member=Component QZ1 XTAL_CM8V-T1A-32_768KHZ-9PF-20PPM-TA-QC
Added Member To Class: ClassName=IMX8_IO Member=Component R1 RES_0201_NA
Added Member To Class: ClassName=IMX8_IO Member=Component R2 RES_0201_100k
Added Member To Class: ClassName=IMX8_IO Member=Component R3 RES_0201_100k
Added Member To Class: ClassName=IMX8_IO Member=Component R4 RES_0201_10k
Added Member To Class: ClassName=IMX8_IO Member=Component R5 RES_0201_NA
Added Member To Class: ClassName=IMX8_IO Member=Component R6 RES_0201_4M7
Added Member To Class: ClassName=IMX8_IO Member=Component R7 RES_0201_510k
Added Member To Class: ClassName=IMX8_LPDDR4 Member=Component R8 RES_0201_NA
Added Member To Class: ClassName=IMX8_LPDDR4 Member=Component R9 RES_0201_NA
Added Member To Class: ClassName=IMX8_PHY Member=Component R18 RES_0201_200R
Added Member To Class: ClassName=IMX8_PHY Member=Component R19 RES_0201_8k2
Add Class Member: Failed to add class member : Component R20 RES_0201_200R
Added Member To Class: ClassName=IMX8_DISPLAY Member=Component R26 RES_0201_8k2
Added Member To Class: ClassName=IMX8_eMMC Member=Component R29 RES_0201_NA
Added Member To Class: ClassName=IMX8_eMMC Member=Component R34 10k
Added Member To Class: ClassName=IMX8_INTERFACE Member=Component R74 RES_0201_4k7
Added Member To Class: ClassName=IMX8_INTERFACE Member=Component R75 RES_0201_4k7
Added Member To Class: ClassName=IMX8_INTERFACE Member=Component R76 RES_0201_4k7
Added Member To Class: ClassName=IMX8_INTERFACE Member=Component R77 RES_0201_4k7
Added Member To Class: ClassName=IMX8_INTERFACE Member=Component R78 RES_0201_4k7
Added Member To Class: ClassName=IMX8_INTERFACE Member=Component R79 RES_0201_4k7
Added Member To Class: ClassName=IMX8_INTERFACE Member=Component R80 RES_0201_4k7
Added Member To Class: ClassName=IMX8_INTERFACE Member=Component R81 RES_0201_4k7
Added Member To Class: ClassName=IMX8_INTERFACE Member=Component R82 RES_0201_4k7
Added Member To Class: ClassName=IMX8_INTERFACE Member=Component R83 RES_0201_4k7
Added Member To Class: ClassName=IMX8_INTERFACE Member=Component R84 RES_0201_4k7
Added Member To Class: ClassName=IMX8_INTERFACE Member=Component R85 RES_0201_4k7
Added Member To Class: ClassName=IMX8_LPDDR4 Member=Component U1 MIMX8ML8CVNKZAB
Added Member To Class: ClassName=IMX8_LPDDR4 Member=Component U2 MT53E2G32D4DE-046 AAT:C
Add Class Member: Failed to add class member : Component U5 MT25QU256ABA1EW7-0SIT
Added Member To Class: ClassName=IMX8_IO Member=Component Y1 XTAL_24M_10ppm_9pF_+105C
Added Rule: Name=Schematic Matched Net Lengths_8
Remove Class Member: Failed to remove class member
Remove Class Member: Failed to remove class member
Remove Class Member: Failed to remove class member
Remove Class Member: Failed to remove class member
Remove Class Member: Failed to remove class member
Remove Class Member: Failed to remove class member
Remove Class Member: Failed to remove class member
Remove Class Member: Failed to remove class member
Remove Class Member: Failed to remove class member
Remove Class Member: Failed to remove class member
Remove Class Member: Failed to remove class member
Remove Class Member: Failed to remove class member
Remove Class Member: Failed to remove class member
Remove Class Member: Failed to remove class member
Remove Class Member: Failed to remove class member
Remove Class Member: Failed to remove class member
Remove Class Member: Failed to remove class member
Remove Class Member: Failed to remove class member
Remove Class Member: Failed to remove class member
Remove Class Member: Failed to remove class member
Remove Class Member: Failed to remove class member
Remove Class Member: Failed to remove class member
Remove Class Member: Failed to remove class member
Remove Class Member: Failed to remove class member
Remove Class Member: Failed to remove class member
Remove Class Member: Failed to remove class member
Remove Class Member: Failed to remove class member
Remove Class Member: Failed to remove class member
Remove Class Member: Failed to remove class member
Remove Class Member: Failed to remove class member
Remove Class Member: Failed to remove class member
Remove Class Member: Failed to remove class member
Remove Class Member: Failed to remove class member
Remove Class Member: Failed to remove class member
Remove Class Member: Failed to remove class member
Remove Class Member: Failed to remove class member
Remove Class Member: Failed to remove class member
Remove Class Member: Failed to remove class member
Remove Class Member: Failed to remove class member
Remove Class Member: Failed to remove class member
Remove Class Member: Failed to remove class member
Remove Class Member: Failed to remove class member
Remove Class Member: Failed to remove class member
Remove Class Member: Failed to remove class member
