Removed Pin From Net: NetName=\mPCIe_RST Pin=J?-1
Removed Pin From Net: NetName=CSI1_CKN Pin=J?-1
Removed Pin From Net: NetName=SAI1_RXD2 Pin=J?-1
Removed Pin From Net: NetName=I2C1_SCL Pin=J?-2
Removed Pin From Net: NetName=LVDS0_TX0_N Pin=J?-2
Removed Pin From Net: NetName=SAI1_MCLK Pin=J?-2
Removed Pin From Net: NetName=CSI1_CKP Pin=J?-3
Removed Pin From Net: NetName=SAI1_RXD3 Pin=J?-3
Removed Pin From Net: NetName=LVDS0_TX0_P Pin=J?-4
Removed Pin From Net: NetName=\USB_HUB_RST Pin=J?-5
Removed Pin From Net: NetName=CSI1_DN0 Pin=J?-5
Removed Pin From Net: NetName=SAI1_TXD4 Pin=J?-5
Removed Pin From Net: NetName=I2C1_SDA Pin=J?-6
Removed Pin From Net: NetName=LVDS0_TX1_N Pin=J?-6
Removed Pin From Net: NetName=SAI1_TXD6 Pin=J?-6
Removed Pin From Net: NetName=CSI1_DP0 Pin=J?-7
Removed Pin From Net: NetName=ECSPI1_MOSI Pin=J?-7
Removed Pin From Net: NetName=SAI1_TXD5 Pin=J?-7
Removed Pin From Net: NetName=LVDS0_TX1_P Pin=J?-8
Removed Pin From Net: NetName=SAI1_TXD7 Pin=J?-8
Removed Pin From Net: NetName=CSI1_DN1 Pin=J?-9
Removed Pin From Net: NetName=ECSPI1_MISO Pin=J?-9
Removed Pin From Net: NetName=SAI1_TXD0 Pin=J?-9
Removed Pin From Net: NetName=I2C2_SCL Pin=J?-10
Removed Pin From Net: NetName=LVDS0_TX2_N Pin=J?-10
Removed Pin From Net: NetName=SAI1_RXFS Pin=J?-10
Removed Pin From Net: NetName=CSI1_DP1 Pin=J?-11
Removed Pin From Net: NetName=SAI1_TXD1 Pin=J?-11
Removed Pin From Net: NetName=LVDS0_TX2_P Pin=J?-12
Removed Pin From Net: NetName=SAI1_RXC Pin=J?-12
Removed Pin From Net: NetName=CSI1_DN2 Pin=J?-13
Removed Pin From Net: NetName=SAI1_TXD2 Pin=J?-13
Removed Pin From Net: NetName=USB1_VBUS_3V3 Pin=J?-13
Removed Pin From Net: NetName=I2C2_SDA Pin=J?-14
Removed Pin From Net: NetName=LVDS0_CLK_N Pin=J?-14
Removed Pin From Net: NetName=CSI1_DP2 Pin=J?-15
Removed Pin From Net: NetName=SAI1_TXD3 Pin=J?-15
Removed Pin From Net: NetName=USB1_D_N Pin=J?-15
Removed Pin From Net: NetName=LVDS0_CLK_P Pin=J?-16
Removed Pin From Net: NetName=SAI2_MCLK Pin=J?-16
Removed Pin From Net: NetName=CSI1_DN3 Pin=J?-17
Removed Pin From Net: NetName=SAI1_TXFS Pin=J?-17
Removed Pin From Net: NetName=I2C3_SCL Pin=J?-18
Removed Pin From Net: NetName=LVDS0_TX3_N Pin=J?-18
Removed Pin From Net: NetName=CSI1_DP3 Pin=J?-19
Removed Pin From Net: NetName=SAI1_TXC Pin=J?-19
Removed Pin From Net: NetName=USB1_D_P Pin=J?-19
Removed Pin From Net: NetName=LVDS0_TX3_P Pin=J?-20
Removed Pin From Net: NetName=SAI2_TXFS Pin=J?-20
Removed Pin From Net: NetName=SAI1_RXD4 Pin=J?-21
Removed Pin From Net: NetName=I2C3_SDA Pin=J?-22
Removed Pin From Net: NetName=CSI2_CKN Pin=J?-23
Removed Pin From Net: NetName=SAI1_RXD5 Pin=J?-23
Removed Pin From Net: NetName=USB1_TX_N Pin=J?-23
Removed Pin From Net: NetName=LVDS1_TX0_N Pin=J?-24
Removed Pin From Net: NetName=SAI2_TXC Pin=J?-24
Removed Pin From Net: NetName=CSI2_CKP Pin=J?-25
Removed Pin From Net: NetName=SAI1_RXD6 Pin=J?-25
Removed Pin From Net: NetName=I2C4_SCL Pin=J?-26
Removed Pin From Net: NetName=LVDS1_TX0_P Pin=J?-26
Removed Pin From Net: NetName=CSI2_DN0 Pin=J?-27
Removed Pin From Net: NetName=SAI1_RXD7 Pin=J?-27
Removed Pin From Net: NetName=USB1_TX_P Pin=J?-27
Removed Pin From Net: NetName=LVDS1_TX1_N Pin=J?-28
Removed Pin From Net: NetName=SAI2_TXD Pin=J?-28
Removed Pin From Net: NetName=CSI2_DP0 Pin=J?-29
Removed Pin From Net: NetName=SAI1_RXD0 Pin=J?-29
Removed Pin From Net: NetName=I2C4_SDA Pin=J?-30
Removed Pin From Net: NetName=LVDS1_TX1_P Pin=J?-30
Removed Pin From Net: NetName=CSI2_DN1 Pin=J?-31
Removed Pin From Net: NetName=SAI1_RXD1 Pin=J?-31
Removed Pin From Net: NetName=USB1_RX_N Pin=J?-31
Removed Pin From Net: NetName=LVDS1_TX2_N Pin=J?-32
Removed Pin From Net: NetName=SAI2_RXFS Pin=J?-32
Removed Pin From Net: NetName=CSI2_DP1 Pin=J?-33
Removed Pin From Net: NetName=ECSPI2_MOSI Pin=J?-34
Removed Pin From Net: NetName=LVDS1_TX2_P Pin=J?-34
Removed Pin From Net: NetName=CSI2_DN2 Pin=J?-35
Removed Pin From Net: NetName=USB1_RX_P Pin=J?-35
Removed Pin From Net: NetName=ECSPI2_MISO Pin=J?-36
Removed Pin From Net: NetName=LVDS1_CLK_N Pin=J?-36
Removed Pin From Net: NetName=SAI2_RXC Pin=J?-36
Removed Pin From Net: NetName=CSI2_DP2 Pin=J?-37
Removed Pin From Net: NetName=ENET2_MDC Pin=J?-37
Removed Pin From Net: NetName=LVDS1_CLK_P Pin=J?-38
Removed Pin From Net: NetName=CSI2_DN3 Pin=J?-39
Removed Pin From Net: NetName=ENET2_MDIO Pin=J?-39
Removed Pin From Net: NetName=ECSPI2_SCLK Pin=J?-40
Removed Pin From Net: NetName=LVDS1_TX3_N Pin=J?-40
Removed Pin From Net: NetName=SAI2_RXD Pin=J?-40
Removed Pin From Net: NetName=CSI2_DP3 Pin=J?-41
Removed Pin From Net: NetName=ENET2_TX_CTL Pin=J?-41
Removed Pin From Net: NetName=USB2_VBUS_3V3 Pin=J?-41
Removed Pin From Net: NetName=LVDS1_TX3_P Pin=J?-42
Removed Pin From Net: NetName=ENET2_TXC Pin=J?-43
Removed Pin From Net: NetName=USB2_TX_N Pin=J?-43
Removed Pin From Net: NetName=ENET2_TD0 Pin=J?-45
Removed Pin From Net: NetName=DSI_CKN Pin=J?-46
Removed Pin From Net: NetName=SAI3_MCLK Pin=J?-46
Removed Pin From Net: NetName=ENET2_TD1 Pin=J?-47
Removed Pin From Net: NetName=USB2_TX_P Pin=J?-47
Removed Pin From Net: NetName=DSI_CKP Pin=J?-48
Removed Pin From Net: NetName=ENET2_TD2 Pin=J?-49
Removed Pin From Net: NetName=DSI_DN0 Pin=J?-50
Removed Pin From Net: NetName=SAI3_TXFS Pin=J?-50
Removed Pin From Net: NetName=ENET2_TD3 Pin=J?-51
Removed Pin From Net: NetName=USB2_RX_N Pin=J?-51
Removed Pin From Net: NetName=DSI_DP0 Pin=J?-52
Removed Pin From Net: NetName=ENET2_RX_CTL Pin=J?-53
Removed Pin From Net: NetName=DSI_DN1 Pin=J?-54
Removed Pin From Net: NetName=SAI3_TXC Pin=J?-54
Removed Pin From Net: NetName=ENET2_RXC Pin=J?-55
Removed Pin From Net: NetName=USB2_RX_P Pin=J?-55
Removed Pin From Net: NetName=DSI_DP1 Pin=J?-56
Removed Pin From Net: NetName=ENET2_RD0 Pin=J?-57
Removed Pin From Net: NetName=DSI_DN2 Pin=J?-58
Removed Pin From Net: NetName=SAI3_TXD Pin=J?-58
Removed Pin From Net: NetName=ENET2_RD1 Pin=J?-59
Removed Pin From Net: NetName=PCIE_CLK_N Pin=J?-59
Removed Pin From Net: NetName=DSI_DP2 Pin=J?-60
Removed Pin From Net: NetName=ENET2_RD2 Pin=J?-61
Removed Pin From Net: NetName=DSI_DN3 Pin=J?-62
Removed Pin From Net: NetName=SAI3_RXFS Pin=J?-62
Removed Pin From Net: NetName=ENET2_RD3 Pin=J?-63
Removed Pin From Net: NetName=PCIE_CLK_P Pin=J?-63
Removed Pin From Net: NetName=DSI_DP3 Pin=J?-64
Removed Pin From Net: NetName=SAI2_RXC Pin=J?-65
Removed Pin From Net: NetName=SAI3_RXC Pin=J?-66
Removed Pin From Net: NetName=PCIE_TX_N Pin=J?-67
Removed Pin From Net: NetName=SAI2_RXFS Pin=J?-67
Removed Pin From Net: NetName=GPIO1_IO00 Pin=J?-68
Removed Pin From Net: NetName=GPIO1_IO01 Pin=J?-70
Removed Pin From Net: NetName=SAI3_RXD Pin=J?-70
Removed Pin From Net: NetName=I2C5_SCL Pin=J?-71
Removed Pin From Net: NetName=PCIE_TX_P Pin=J?-71
Removed Pin From Net: NetName=GPIO1_IO05 Pin=J?-72
Removed Pin From Net: NetName=HDMI_DDC_SCL Pin=J?-72
Removed Pin From Net: NetName=SPDIF_RX Pin=J?-73
Removed Pin From Net: NetName=GPIO1_IO06 Pin=J?-74
Removed Pin From Net: NetName=HDMI_DDC_SDA Pin=J?-74
Removed Pin From Net: NetName=I2C5_SDA Pin=J?-75
Removed Pin From Net: NetName=PCIE_RX_N Pin=J?-75
Removed Pin From Net: NetName=GPIO1_IO07 Pin=J?-76
Removed Pin From Net: NetName=HDMI_HPD Pin=J?-76
Removed Pin From Net: NetName=SAI5_MCLK Pin=J?-76
Removed Pin From Net: NetName=GPIO1_IO08 Pin=J?-78
Removed Pin From Net: NetName=HDMI_CEC Pin=J?-78
Removed Pin From Net: NetName=PCIE_RX_P Pin=J?-79
Removed Pin From Net: NetName=GPIO1_IO09 Pin=J?-80
Removed Pin From Net: NetName=HDMI_TXC_N Pin=J?-80
Removed Pin From Net: NetName=I2C6_SCL Pin=J?-80
Removed Pin From Net: NetName=GPIO1_IO10 Pin=J?-82
Removed Pin From Net: NetName=HDMI_TXC_P Pin=J?-82
Removed Pin From Net: NetName=GPIO1_IO11 Pin=J?-84
Removed Pin From Net: NetName=HDMI_TX0_N Pin=J?-84
Removed Pin From Net: NetName=I2C6_SDA Pin=J?-84
Removed Pin From Net: NetName=UART1_RXD Pin=J?-85
Removed Pin From Net: NetName=GPIO1_IO12 Pin=J?-86
Removed Pin From Net: NetName=HDMI_TX0_P Pin=J?-86
Removed Pin From Net: NetName=UART1_TXD Pin=J?-87
Removed Pin From Net: NetName=GPIO1_IO13 Pin=J?-88
Removed Pin From Net: NetName=HDMI_TX1_N Pin=J?-88
Removed Pin From Net: NetName=SAI5_RXD0 Pin=J?-88
Removed Pin From Net: NetName=UART2_RXD Pin=J?-89
Removed Pin From Net: NetName=GPIO1_IO14 Pin=J?-90
Removed Pin From Net: NetName=HDMI_TX1_P Pin=J?-90
Removed Pin From Net: NetName=UART2_TXD Pin=J?-91
Removed Pin From Net: NetName=GPIO1_IO15 Pin=J?-92
Removed Pin From Net: NetName=HDMI_TX2_N Pin=J?-92
Removed Pin From Net: NetName=SAI5_RXD1 Pin=J?-92
Removed Pin From Net: NetName=UART3_RXD Pin=J?-93
Removed Pin From Net: NetName=BOOT_MODE0 Pin=J?-94
Removed Pin From Net: NetName=HDMI_TX2_P Pin=J?-94
Removed Pin From Net: NetName=UART3_TXD Pin=J?-95
Removed Pin From Net: NetName=BOOT_MODE1 Pin=J?-96
Removed Pin From Net: NetName=EARC_AUX Pin=J?-96
Removed Pin From Net: NetName=SAI5_RXD2 Pin=J?-96
Removed Pin From Net: NetName=UART4_RXD Pin=J?-97
Removed Pin From Net: NetName=BOOT_MODE2 Pin=J?-98
Removed Pin From Net: NetName=EARC_N_HPD Pin=J?-98
Removed Pin From Net: NetName=UART4_TXD Pin=J?-99
Removed Pin From Net: NetName=BOOT_MODE3 Pin=J?-100
Removed Pin From Net: NetName=EARC_P_UTIL Pin=J?-100
Removed Pin From Net: NetName=SAI5_RXD3 Pin=J?-100
Removed Member From Class: ClassName=IMX8_IO Member=C5
Removed Member From Class: ClassName=IMX8_IO Member=C7
Removed Member From Class: ClassName=IMX8_IO Member=C8
Removed Member From Class: ClassName=IMX8_IO Member=C14
Removed Member From Class: ClassName=IMX8_LPDDR4 Member=C127
Removed Member From Class: ClassName=IMX8_LPDDR4 Member=C128
Removed Member From Class: ClassName=IMX8_DISPLAY Member=C136
Removed Member From Class: ClassName=IMX8_eMMC Member=C138
Removed Member From Class: ClassName=IMX8_PWR Member=C138
Removed Member From Class: ClassName=IMX8_eMMC Member=C139
Removed Member From Class: ClassName=IMX8_PWR Member=C139
Removed Member From Class: ClassName=IMX8_eMMC Member=C140
Removed Member From Class: ClassName=IMX8_PWR Member=C140
Removed Member From Class: ClassName=IMX8_IO Member=PTP20
Removed Member From Class: ClassName=IMX8_IO Member=PTP21
Removed Member From Class: ClassName=IMX8_IO Member=QZ2
Removed Member From Class: ClassName=IMX8_IO Member=R27
Removed Member From Class: ClassName=IMX8_IO Member=R28
Removed Member From Class: ClassName=IMX8_IO Member=R41
Removed Member From Class: ClassName=IMX8_IO Member=R42
Removed Member From Class: ClassName=IMX8_IO Member=R43
Removed Member From Class: ClassName=IMX8_IO Member=R44
Removed Member From Class: ClassName=IMX8_IO Member=R45
Removed Member From Class: ClassName=IMX8_LPDDR4 Member=R46
Removed Member From Class: ClassName=IMX8_LPDDR4 Member=R47
Change Component Designator: OldDesignator=C94 NewDesignator=C87
Change Component Designator: OldDesignator=C95 NewDesignator=C88
Change Component Designator: OldDesignator=C96 NewDesignator=C89
Change Component Designator: OldDesignator=C97 NewDesignator=C90
Change Component Designator: OldDesignator=C98 NewDesignator=C91
Change Component Designator: OldDesignator=C99 NewDesignator=C92
Change Component Designator: OldDesignator=C100 NewDesignator=C93
Change Component Designator: OldDesignator=C101 NewDesignator=C94
Change Component Designator: OldDesignator=C102 NewDesignator=C95
Change Component Designator: OldDesignator=C103 NewDesignator=C96
Change Component Designator: OldDesignator=C104 NewDesignator=C97
Change Component Designator: OldDesignator=C105 NewDesignator=C98
Change Component Designator: OldDesignator=C108 NewDesignator=C99
Change Component Designator: OldDesignator=C109 NewDesignator=C100
Change Component Designator: OldDesignator=C110 NewDesignator=C101
Change Component Designator: OldDesignator=C111 NewDesignator=C102
Change Component Designator: OldDesignator=C112 NewDesignator=C103
Change Component Designator: OldDesignator=C113 NewDesignator=C104
Change Component Designator: OldDesignator=C114 NewDesignator=C105
Change Component Designator: OldDesignator=C115 NewDesignator=C106
Change Component Designator: OldDesignator=C116 NewDesignator=C107
Change Component Designator: OldDesignator=C117 NewDesignator=C108
Change Component Designator: OldDesignator=C118 NewDesignator=C109
Change Component Designator: OldDesignator=C119 NewDesignator=C110
Change Component Designator: OldDesignator=C120 NewDesignator=C111
Change Component Designator: OldDesignator=C121 NewDesignator=C112
Change Component Designator: OldDesignator=C122 NewDesignator=C113
Change Component Designator: OldDesignator=C123 NewDesignator=C114
Change Component Designator: OldDesignator=C124 NewDesignator=C115
Change Component Designator: OldDesignator=C125 NewDesignator=C116
Change Component Designator: OldDesignator=C126 NewDesignator=C117
Change Component Designator: OldDesignator=C127 NewDesignator=C118
Change Component Designator: OldDesignator=C128 NewDesignator=C119
Change Component Designator: OldDesignator=C129 NewDesignator=C120
Change Component Designator: OldDesignator=C130 NewDesignator=C121
Change Component Designator: OldDesignator=C131 NewDesignator=C122
Change Component Designator: OldDesignator=C132 NewDesignator=C123
Change Component Designator: OldDesignator=C133 NewDesignator=C124
Change Component Designator: OldDesignator=C134 NewDesignator=C125
Change Component Designator: OldDesignator=C135 NewDesignator=C126
Change Component Designator: OldDesignator=C136 NewDesignator=C127
Change Component Designator: OldDesignator=C137 NewDesignator=C128
Change Component Designator: OldDesignator=C138 NewDesignator=C129
Change Component Designator: OldDesignator=C139 NewDesignator=C130
Change Component Designator: OldDesignator=C140 NewDesignator=C131
Change Component Designator: OldDesignator=J2 NewDesignator=J1
Change Component Designator: OldDesignator=J3 NewDesignator=J2
Change Component Designator: OldDesignator=J? NewDesignator=J3
Change Component Designator: OldDesignator=J? NewDesignator=J4
Change Component Designator: OldDesignator=J? NewDesignator=J6
Change Component Designator: OldDesignator=L2 NewDesignator=L1
Change Component Designator: OldDesignator=L3 NewDesignator=L2
Change Component Designator: OldDesignator=L4 NewDesignator=L3
Change Component Designator: OldDesignator=L5 NewDesignator=L4
Change Component Designator: OldDesignator=L6 NewDesignator=L5
Change Component Designator: OldDesignator=L7 NewDesignator=L6
Change Component Designator: OldDesignator=L8 NewDesignator=L7
Change Component Designator: OldDesignator=PTP20 NewDesignator=PTP14
Change Component Designator: OldDesignator=PTP21 NewDesignator=PTP15
Change Component Designator: OldDesignator=PTP25 NewDesignator=PTP16
Change Component Designator: OldDesignator=PTP26 NewDesignator=PTP17
Change Component Designator: OldDesignator=PTP27 NewDesignator=PTP18
Change Component Designator: OldDesignator=PTP28 NewDesignator=PTP19
Change Component Designator: OldDesignator=PTP29 NewDesignator=PTP20
Change Component Designator: OldDesignator=PTP30 NewDesignator=PTP21
Change Component Designator: OldDesignator=PTP31 NewDesignator=PTP22
Change Component Designator: OldDesignator=PTP32 NewDesignator=PTP23
Change Component Designator: OldDesignator=PTP33 NewDesignator=PTP24
Change Component Designator: OldDesignator=PTP34 NewDesignator=PTP25
Change Component Designator: OldDesignator=PTP35 NewDesignator=PTP26
Change Component Designator: OldDesignator=PTP36 NewDesignator=PTP27
Change Component Designator: OldDesignator=PTP37 NewDesignator=PTP28
Change Component Designator: OldDesignator=PTP38 NewDesignator=PTP29
Change Component Designator: OldDesignator=PTP39 NewDesignator=PTP30
Change Component Designator: OldDesignator=PTP40 NewDesignator=PTP31
Change Component Designator: OldDesignator=PTP41 NewDesignator=PTP32
Change Component Designator: OldDesignator=PTP42 NewDesignator=PTP33
Change Component Designator: OldDesignator=PTP43 NewDesignator=PTP34
Change Component Designator: OldDesignator=R26 NewDesignator=R21
Change Component Designator: OldDesignator=R27 NewDesignator=R22
Change Component Designator: OldDesignator=R28 NewDesignator=R23
Change Component Designator: OldDesignator=R29 NewDesignator=R24
Change Component Designator: OldDesignator=R34 NewDesignator=R25
Change Component Designator: OldDesignator=R41 NewDesignator=R26
Change Component Designator: OldDesignator=R42 NewDesignator=R27
Change Component Designator: OldDesignator=R43 NewDesignator=R28
Change Component Designator: OldDesignator=R44 NewDesignator=R29
Change Component Designator: OldDesignator=R45 NewDesignator=R30
Change Component Designator: OldDesignator=R46 NewDesignator=R31
Change Component Designator: OldDesignator=R47 NewDesignator=R32
Change Component Designator: OldDesignator=R74 NewDesignator=R33
Change Component Designator: OldDesignator=R75 NewDesignator=R34
Change Component Designator: OldDesignator=R76 NewDesignator=R35
Change Component Designator: OldDesignator=R77 NewDesignator=R36
Change Component Designator: OldDesignator=R78 NewDesignator=R37
Change Component Designator: OldDesignator=R79 NewDesignator=R38
Change Component Designator: OldDesignator=R80 NewDesignator=R39
Change Component Designator: OldDesignator=R81 NewDesignator=R40
Change Component Designator: OldDesignator=R82 NewDesignator=R41
Change Component Designator: OldDesignator=R83 NewDesignator=R42
Change Component Designator: OldDesignator=R84 NewDesignator=R44
Change Component Designator: OldDesignator=R85 NewDesignator=R43
Change Component Designator: OldDesignator=U4 NewDesignator=U3
Change Component Designator: OldDesignator=U6 NewDesignator=U5
Change component parameters: Designator = "C5" ("C5"); Footprint = "CAP_0201_UN1Q"; UniqueID = "\JZVIXRCW" ("\JZVIXRCW")
Change component parameters (AddParameter): Name = "Alternative component"; Value = "Allowed"; VariantName = "[No Variations]"
Change component parameters (AddParameter): Name = "ClassName"; Value = "SMALL"; VariantName = "[No Variations]"
Change component parameters (AddParameter): Name = "Component Type"; Value = "Capacitor"; VariantName = "[No Variations]"
Change component parameters (AddParameter): Name = "ComponentLink1Description"; Value = "1_Datasheet"; VariantName = "[No Variations]"
Change component parameters (AddParameter): Name = "ComponentLink1URL"; Value = ""; VariantName = "[No Variations]"
Change component parameters (AddParameter): Name = "ComponentLink2Description"; Value = "2_Product page"; VariantName = "[No Variations]"
Change component parameters (AddParameter): Name = "ComponentLink2URL"; Value = ""; VariantName = "[No Variations]"
Change component parameters (AddParameter): Name = "ComponentLink3Description"; Value = "3_X-information"; VariantName = "[No Variations]"
Change component parameters (AddParameter): Name = "ComponentLink3URL"; Value = ""; VariantName = "[No Variations]"
Change component parameters (AddParameter): Name = "ComponentLink4Description"; Value = "4_X-information"; VariantName = "[No Variations]"
Change component parameters (AddParameter): Name = "ComponentLink4URL"; Value = ""; VariantName = "[No Variations]"
Change component parameters (AddParameter): Name = "ComponentLink5Description"; Value = ""; VariantName = "[No Variations]"
Change component parameters (AddParameter): Name = "ComponentLink5URL"; Value = ""; VariantName = "[No Variations]"
Change component parameters (AddParameter): Name = "Creation date"; Value = "20190101"; VariantName = "[No Variations]"
Change component parameters (AddParameter): Name = "Dimensions WxLxH"; Value = ""; VariantName = "[No Variations]"
Change component parameters (AddParameter): Name = "ECCN"; Value = ""; VariantName = "[No Variations]"
Change component parameters (AddParameter): Name = "HasBeenBuilt"; Value = "False"; VariantName = "[No Variations]"
Change component parameters (AddParameter): Name = "Manufacturer"; Value = "KYOCERA AVX"; VariantName = "[No Variations]"
Change component parameters (AddParameter): Name = "Manufacturer Part Number"; Value = "KGM03CS61A105MH"; VariantName = "[No Variations]"
Change component parameters (AddParameter): Name = "Operating temperature range"; Value = "-55C to +105C"; VariantName = "[No Variations]"
Change component parameters (AddParameter): Name = "Package"; Value = "0201"; VariantName = "[No Variations]"
Change component parameters (AddParameter): Name = "Part Number"; Value = "KGM03CS61A105MH"; VariantName = "[No Variations]"
Change component parameters (AddParameter): Name = "Remark"; Value = ""; VariantName = "[No Variations]"
Change component parameters (AddParameter): Name = "RoHS"; Value = ""; VariantName = "[No Variations]"
Change component parameters (AddParameter): Name = "Sort order"; Value = "302"; VariantName = "[No Variations]"
Change component parameters (AddParameter): Name = "Source"; Value = "RLC_UN1Q.SchLib"; VariantName = "[No Variations]"
Change component parameters (AddParameter): Name = "System"; Value = "RLC"; VariantName = "[No Variations]"
Change component parameters (AddParameter): Name = "Temperature characteristics"; Value = "X6S"; VariantName = "[No Variations]"
Change component parameters (AddParameter): Name = "Tolerance"; Value = "+/-20%"; VariantName = "[No Variations]"
Change component parameters (AddParameter): Name = "Value"; Value = "1uF"; VariantName = "[No Variations]"
Change component parameters (AddParameter): Name = "Voltage"; Value = "10V"; VariantName = "[No Variations]"
Change component parameters: Designator = "C6" ("C6"); Footprint = "CAP_0201_UN1Q"; UniqueID = "\RVLHLEKL" ("\RVLHLEKL")
Change component parameters (AddParameter): Name = "Alternative component"; Value = "Allowed"; VariantName = "[No Variations]"
Change component parameters (AddParameter): Name = "ClassName"; Value = "SMALL"; VariantName = "[No Variations]"
Change component parameters (AddParameter): Name = "Component Type"; Value = "Capacitor"; VariantName = "[No Variations]"
Change component parameters (AddParameter): Name = "ComponentLink1Description"; Value = "1_Datasheet"; VariantName = "[No Variations]"
Change component parameters (AddParameter): Name = "ComponentLink1URL"; Value = ""; VariantName = "[No Variations]"
Change component parameters (AddParameter): Name = "ComponentLink2Description"; Value = "2_Product page"; VariantName = "[No Variations]"
Change component parameters (AddParameter): Name = "ComponentLink2URL"; Value = ""; VariantName = "[No Variations]"
Change component parameters (AddParameter): Name = "ComponentLink3Description"; Value = "3_X-information"; VariantName = "[No Variations]"
Change component parameters (AddParameter): Name = "ComponentLink3URL"; Value = ""; VariantName = "[No Variations]"
Change component parameters (AddParameter): Name = "ComponentLink4Description"; Value = "4_X-information"; VariantName = "[No Variations]"
Change component parameters (AddParameter): Name = "ComponentLink4URL"; Value = ""; VariantName = "[No Variations]"
Change component parameters (AddParameter): Name = "ComponentLink5Description"; Value = ""; VariantName = "[No Variations]"
Change component parameters (AddParameter): Name = "ComponentLink5URL"; Value = ""; VariantName = "[No Variations]"
Change component parameters (AddParameter): Name = "Creation date"; Value = "20190101"; VariantName = "[No Variations]"
Change component parameters (AddParameter): Name = "Dimensions WxLxH"; Value = ""; VariantName = "[No Variations]"
Change component parameters (AddParameter): Name = "ECCN"; Value = ""; VariantName = "[No Variations]"
Change component parameters (AddParameter): Name = "HasBeenBuilt"; Value = "False"; VariantName = "[No Variations]"
Change component parameters (AddParameter): Name = "Manufacturer"; Value = "KYOCERA AVX"; VariantName = "[No Variations]"
Change component parameters (AddParameter): Name = "Manufacturer Part Number"; Value = "KGM03CS61A105MH"; VariantName = "[No Variations]"
Change component parameters (AddParameter): Name = "Operating temperature range"; Value = "-55C to +105C"; VariantName = "[No Variations]"
Change component parameters (AddParameter): Name = "Package"; Value = "0201"; VariantName = "[No Variations]"
Change component parameters (AddParameter): Name = "Part Number"; Value = "KGM03CS61A105MH"; VariantName = "[No Variations]"
Change component parameters (AddParameter): Name = "Remark"; Value = ""; VariantName = "[No Variations]"
Change component parameters (AddParameter): Name = "RoHS"; Value = ""; VariantName = "[No Variations]"
Change component parameters (AddParameter): Name = "Sort order"; Value = "302"; VariantName = "[No Variations]"
Change component parameters (AddParameter): Name = "Source"; Value = "RLC_UN1Q.SchLib"; VariantName = "[No Variations]"
Change component parameters (AddParameter): Name = "System"; Value = "RLC"; VariantName = "[No Variations]"
Change component parameters (AddParameter): Name = "Temperature characteristics"; Value = "X6S"; VariantName = "[No Variations]"
Change component parameters (AddParameter): Name = "Tolerance"; Value = "+/-20%"; VariantName = "[No Variations]"
Change component parameters (AddParameter): Name = "Value"; Value = "1uF"; VariantName = "[No Variations]"
Change component parameters (AddParameter): Name = "Voltage"; Value = "10V"; VariantName = "[No Variations]"
Change component parameters: Designator = "C7" ("C7"); Footprint = "CAP_0201_UN1Q"; UniqueID = "\WTCEDGHL" ("\WTCEDGHL")
Change component parameters (AddParameter): Name = "Alternative component"; Value = "Allowed"; VariantName = "[No Variations]"
Change component parameters (AddParameter): Name = "ClassName"; Value = "SMALL"; VariantName = "[No Variations]"
Change component parameters (AddParameter): Name = "Component Type"; Value = "Capacitor"; VariantName = "[No Variations]"
Change component parameters (AddParameter): Name = "ComponentLink1Description"; Value = "1_Datasheet"; VariantName = "[No Variations]"
Change component parameters (AddParameter): Name = "ComponentLink1URL"; Value = ""; VariantName = "[No Variations]"
Change component parameters (AddParameter): Name = "ComponentLink2Description"; Value = "2_Product page"; VariantName = "[No Variations]"
Change component parameters (AddParameter): Name = "ComponentLink2URL"; Value = ""; VariantName = "[No Variations]"
Change component parameters (AddParameter): Name = "ComponentLink3Description"; Value = "3_X-information"; VariantName = "[No Variations]"
Change component parameters (AddParameter): Name = "ComponentLink3URL"; Value = ""; VariantName = "[No Variations]"
Change component parameters (AddParameter): Name = "ComponentLink4Description"; Value = "4_X-information"; VariantName = "[No Variations]"
Change component parameters (AddParameter): Name = "ComponentLink4URL"; Value = ""; VariantName = "[No Variations]"
Change component parameters (AddParameter): Name = "ComponentLink5Description"; Value = ""; VariantName = "[No Variations]"
Change component parameters (AddParameter): Name = "ComponentLink5URL"; Value = ""; VariantName = "[No Variations]"
Change component parameters (AddParameter): Name = "Creation date"; Value = "20190101"; VariantName = "[No Variations]"
Change component parameters (AddParameter): Name = "Dimensions WxLxH"; Value = ""; VariantName = "[No Variations]"
Change component parameters (AddParameter): Name = "ECCN"; Value = ""; VariantName = "[No Variations]"
Change component parameters (AddParameter): Name = "HasBeenBuilt"; Value = "False"; VariantName = "[No Variations]"
Change component parameters (AddParameter): Name = "Manufacturer"; Value = "KYOCERA AVX"; VariantName = "[No Variations]"
Change component parameters (AddParameter): Name = "Manufacturer Part Number"; Value = "KGM03CS61A105MH"; VariantName = "[No Variations]"
Change component parameters (AddParameter): Name = "Operating temperature range"; Value = "-55C to +105C"; VariantName = "[No Variations]"
Change component parameters (AddParameter): Name = "Package"; Value = "0201"; VariantName = "[No Variations]"
Change component parameters (AddParameter): Name = "Part Number"; Value = "KGM03CS61A105MH"; VariantName = "[No Variations]"
Change component parameters (AddParameter): Name = "Remark"; Value = ""; VariantName = "[No Variations]"
Change component parameters (AddParameter): Name = "RoHS"; Value = ""; VariantName = "[No Variations]"
Change component parameters (AddParameter): Name = "Sort order"; Value = "302"; VariantName = "[No Variations]"
Change component parameters (AddParameter): Name = "Source"; Value = "RLC_UN1Q.SchLib"; VariantName = "[No Variations]"
Change component parameters (AddParameter): Name = "System"; Value = "RLC"; VariantName = "[No Variations]"
Change component parameters (AddParameter): Name = "Temperature characteristics"; Value = "X6S"; VariantName = "[No Variations]"
Change component parameters (AddParameter): Name = "Tolerance"; Value = "+/-20%"; VariantName = "[No Variations]"
Change component parameters (AddParameter): Name = "Value"; Value = "1uF"; VariantName = "[No Variations]"
Change component parameters (AddParameter): Name = "Voltage"; Value = "10V"; VariantName = "[No Variations]"
Change component parameters: Designator = "C8" ("C8"); Footprint = "CAP_0402_H09W07_UN1Q"; UniqueID = "\UUUOVNKN" ("\UUUOVNKN")
Change component parameters (AddParameter): Name = "Alternative component"; Value = "Allowed"; VariantName = "[No Variations]"
Change component parameters (AddParameter): Name = "ClassName"; Value = ""; VariantName = "[No Variations]"
Change component parameters (AddParameter): Name = "Component Type"; Value = "Capacitor"; VariantName = "[No Variations]"
Change component parameters (AddParameter): Name = "ComponentLink1Description"; Value = "1_Datasheet"; VariantName = "[No Variations]"
Change component parameters (AddParameter): Name = "ComponentLink1URL"; Value = ""; VariantName = "[No Variations]"
Change component parameters (AddParameter): Name = "ComponentLink2Description"; Value = "2_Product page"; VariantName = "[No Variations]"
Change component parameters (AddParameter): Name = "ComponentLink2URL"; Value = ""; VariantName = "[No Variations]"
Change component parameters (AddParameter): Name = "ComponentLink3Description"; Value = "3_X-information"; VariantName = "[No Variations]"
Change component parameters (AddParameter): Name = "ComponentLink3URL"; Value = ""; VariantName = "[No Variations]"
Change component parameters (AddParameter): Name = "ComponentLink4Description"; Value = "4_X-information"; VariantName = "[No Variations]"
Change component parameters (AddParameter): Name = "ComponentLink4URL"; Value = ""; VariantName = "[No Variations]"
Change component parameters (AddParameter): Name = "Creation date"; Value = "26042024"; VariantName = "[No Variations]"
Change component parameters (AddParameter): Name = "Dimensions WxLxH"; Value = ""; VariantName = "[No Variations]"
Change component parameters (AddParameter): Name = "ECCN"; Value = ""; VariantName = "[No Variations]"
Change component parameters (AddParameter): Name = "HasBeenBuilt"; Value = "TBD"; VariantName = "[No Variations]"
Change component parameters (AddParameter): Name = "Manufacturer"; Value = "Cal-Chip Electronics"; VariantName = "[No Variations]"
Change component parameters (AddParameter): Name = "Manufacturer Part Number"; Value = "GMC04X6S106M6R3NT"; VariantName = "[No Variations]"
Change component parameters (AddParameter): Name = "Operating temperature range"; Value = ""; VariantName = "[No Variations]"
Change component parameters (AddParameter): Name = "Package"; Value = "0402"; VariantName = "[No Variations]"
Change component parameters (AddParameter): Name = "Part Number"; Value = "GMC04X6S106M6R3NT"; VariantName = "[No Variations]"
Change component parameters (AddParameter): Name = "Remark"; Value = ""; VariantName = "[No Variations]"
Change component parameters (AddParameter): Name = "RoHS"; Value = ""; VariantName = "[No Variations]"
Change component parameters (AddParameter): Name = "Sort order"; Value = "304"; VariantName = "[No Variations]"
Change component parameters (AddParameter): Name = "Source"; Value = ""; VariantName = "[No Variations]"
Change component parameters (AddParameter): Name = "System"; Value = "RLC"; VariantName = "[No Variations]"
Change component parameters (AddParameter): Name = "Temperature characteristics"; Value = "X6S"; VariantName = "[No Variations]"
Change component parameters (AddParameter): Name = "Tolerance"; Value = "+/-20%"; VariantName = "[No Variations]"
Change component parameters (AddParameter): Name = "Value"; Value = "10uF"; VariantName = "[No Variations]"
Change component parameters (AddParameter): Name = "Voltage"; Value = "6.3V"; VariantName = "[No Variations]"
Change component parameters: Designator = "C10" ("C10"); Footprint = "CAP_0402_H09W07_UN1Q"; UniqueID = "\VXMXERIB" ("\VXMXERIB")
Change component parameters (AddParameter): Name = "Alternative component"; Value = "Allowed"; VariantName = "[No Variations]"
Change component parameters (AddParameter): Name = "ClassName"; Value = ""; VariantName = "[No Variations]"
Change component parameters (AddParameter): Name = "Component Type"; Value = "Capacitor"; VariantName = "[No Variations]"
Change component parameters (AddParameter): Name = "ComponentLink1Description"; Value = "1_Datasheet"; VariantName = "[No Variations]"
Change component parameters (AddParameter): Name = "ComponentLink1URL"; Value = ""; VariantName = "[No Variations]"
Change component parameters (AddParameter): Name = "ComponentLink2Description"; Value = "2_Product page"; VariantName = "[No Variations]"
Change component parameters (AddParameter): Name = "ComponentLink2URL"; Value = ""; VariantName = "[No Variations]"
Change component parameters (AddParameter): Name = "ComponentLink3Description"; Value = "3_X-information"; VariantName = "[No Variations]"
Change component parameters (AddParameter): Name = "ComponentLink3URL"; Value = ""; VariantName = "[No Variations]"
Change component parameters (AddParameter): Name = "ComponentLink4Description"; Value = "4_X-information"; VariantName = "[No Variations]"
Change component parameters (AddParameter): Name = "ComponentLink4URL"; Value = ""; VariantName = "[No Variations]"
Change component parameters (AddParameter): Name = "Creation date"; Value = "26042024"; VariantName = "[No Variations]"
Change component parameters (AddParameter): Name = "Dimensions WxLxH"; Value = ""; VariantName = "[No Variations]"
Change component parameters (AddParameter): Name = "ECCN"; Value = ""; VariantName = "[No Variations]"
Change component parameters (AddParameter): Name = "HasBeenBuilt"; Value = "TBD"; VariantName = "[No Variations]"
Change component parameters (AddParameter): Name = "Manufacturer"; Value = "Cal-Chip Electronics"; VariantName = "[No Variations]"
Change component parameters (AddParameter): Name = "Manufacturer Part Number"; Value = "GMC04X6S106M6R3NT"; VariantName = "[No Variations]"
Change component parameters (AddParameter): Name = "Operating temperature range"; Value = ""; VariantName = "[No Variations]"
Change component parameters (AddParameter): Name = "Package"; Value = "0402"; VariantName = "[No Variations]"
Change component parameters (AddParameter): Name = "Part Number"; Value = "GMC04X6S106M6R3NT"; VariantName = "[No Variations]"
Change component parameters (AddParameter): Name = "Remark"; Value = ""; VariantName = "[No Variations]"
Change component parameters (AddParameter): Name = "RoHS"; Value = ""; VariantName = "[No Variations]"
Change component parameters (AddParameter): Name = "Sort order"; Value = "304"; VariantName = "[No Variations]"
Change component parameters (AddParameter): Name = "Source"; Value = ""; VariantName = "[No Variations]"
Change component parameters (AddParameter): Name = "System"; Value = "RLC"; VariantName = "[No Variations]"
Change component parameters (AddParameter): Name = "Temperature characteristics"; Value = "X6S"; VariantName = "[No Variations]"
Change component parameters (AddParameter): Name = "Tolerance"; Value = "+/-20%"; VariantName = "[No Variations]"
Change component parameters (AddParameter): Name = "Value"; Value = "10uF"; VariantName = "[No Variations]"
Change component parameters (AddParameter): Name = "Voltage"; Value = "6.3V"; VariantName = "[No Variations]"
Change component parameters: Designator = "C11" ("C11"); Footprint = "CAP_0201_UN1Q"; UniqueID = "\RWNFWKOL" ("\RWNFWKOL")
Change component parameters (AddParameter): Name = "Alternative component"; Value = "Allowed"; VariantName = "[No Variations]"
Change component parameters (AddParameter): Name = "ClassName"; Value = "SMALL"; VariantName = "[No Variations]"
Change component parameters (AddParameter): Name = "Component Type"; Value = "Capacitor"; VariantName = "[No Variations]"
Change component parameters (AddParameter): Name = "ComponentLink1Description"; Value = "1_Datasheet"; VariantName = "[No Variations]"
Change component parameters (AddParameter): Name = "ComponentLink1URL"; Value = ""; VariantName = "[No Variations]"
Change component parameters (AddParameter): Name = "ComponentLink2Description"; Value = "2_Product page"; VariantName = "[No Variations]"
Change component parameters (AddParameter): Name = "ComponentLink2URL"; Value = ""; VariantName = "[No Variations]"
Change component parameters (AddParameter): Name = "ComponentLink3Description"; Value = "3_X-information"; VariantName = "[No Variations]"
Change component parameters (AddParameter): Name = "ComponentLink3URL"; Value = ""; VariantName = "[No Variations]"
Change component parameters (AddParameter): Name = "ComponentLink4Description"; Value = "4_X-information"; VariantName = "[No Variations]"
Change component parameters (AddParameter): Name = "ComponentLink4URL"; Value = ""; VariantName = "[No Variations]"
Change component parameters (AddParameter): Name = "ComponentLink5Description"; Value = ""; VariantName = "[No Variations]"
Change component parameters (AddParameter): Name = "ComponentLink5URL"; Value = ""; VariantName = "[No Variations]"
Change component parameters (AddParameter): Name = "Creation date"; Value = "20190101"; VariantName = "[No Variations]"
Change component parameters (AddParameter): Name = "Dimensions WxLxH"; Value = ""; VariantName = "[No Variations]"
Change component parameters (AddParameter): Name = "ECCN"; Value = ""; VariantName = "[No Variations]"
Change component parameters (AddParameter): Name = "HasBeenBuilt"; Value = "False"; VariantName = "[No Variations]"
Change component parameters (AddParameter): Name = "Manufacturer"; Value = "KYOCERA AVX"; VariantName = "[No Variations]"
Change component parameters (AddParameter): Name = "Manufacturer Part Number"; Value = "KGM03CS61A105MH"; VariantName = "[No Variations]"
Change component parameters (AddParameter): Name = "Operating temperature range"; Value = "-55C to +105C"; VariantName = "[No Variations]"
Change component parameters (AddParameter): Name = "Package"; Value = "0201"; VariantName = "[No Variations]"
Change component parameters (AddParameter): Name = "Part Number"; Value = "KGM03CS61A105MH"; VariantName = "[No Variations]"
Change component parameters (AddParameter): Name = "Remark"; Value = ""; VariantName = "[No Variations]"
Change component parameters (AddParameter): Name = "RoHS"; Value = ""; VariantName = "[No Variations]"
Change component parameters (AddParameter): Name = "Sort order"; Value = "302"; VariantName = "[No Variations]"
Change component parameters (AddParameter): Name = "Source"; Value = "RLC_UN1Q.SchLib"; VariantName = "[No Variations]"
Change component parameters (AddParameter): Name = "System"; Value = "RLC"; VariantName = "[No Variations]"
Change component parameters (AddParameter): Name = "Temperature characteristics"; Value = "X6S"; VariantName = "[No Variations]"
Change component parameters (AddParameter): Name = "Tolerance"; Value = "+/-20%"; VariantName = "[No Variations]"
Change component parameters (AddParameter): Name = "Value"; Value = "1uF"; VariantName = "[No Variations]"
Change component parameters (AddParameter): Name = "Voltage"; Value = "10V"; VariantName = "[No Variations]"
Change component parameters: Designator = "C12" ("C12"); Footprint = "CAP_0201_UN1Q"; UniqueID = "\XOGZWKBX" ("\XOGZWKBX")
Change component parameters (AddParameter): Name = "Alternative component"; Value = "Allowed"; VariantName = "[No Variations]"
Change component parameters (AddParameter): Name = "ClassName"; Value = "SMALL"; VariantName = "[No Variations]"
Change component parameters (AddParameter): Name = "Component Type"; Value = "Capacitor"; VariantName = "[No Variations]"
Change component parameters (AddParameter): Name = "ComponentLink1Description"; Value = "1_Datasheet"; VariantName = "[No Variations]"
Change component parameters (AddParameter): Name = "ComponentLink1URL"; Value = ""; VariantName = "[No Variations]"
Change component parameters (AddParameter): Name = "ComponentLink2Description"; Value = "2_Product page"; VariantName = "[No Variations]"
Change component parameters (AddParameter): Name = "ComponentLink2URL"; Value = ""; VariantName = "[No Variations]"
Change component parameters (AddParameter): Name = "ComponentLink3Description"; Value = "3_X-information"; VariantName = "[No Variations]"
Change component parameters (AddParameter): Name = "ComponentLink3URL"; Value = ""; VariantName = "[No Variations]"
Change component parameters (AddParameter): Name = "ComponentLink4Description"; Value = "4_X-information"; VariantName = "[No Variations]"
Change component parameters (AddParameter): Name = "ComponentLink4URL"; Value = ""; VariantName = "[No Variations]"
Change component parameters (AddParameter): Name = "ComponentLink5Description"; Value = ""; VariantName = "[No Variations]"
Change component parameters (AddParameter): Name = "ComponentLink5URL"; Value = ""; VariantName = "[No Variations]"
Change component parameters (AddParameter): Name = "Creation date"; Value = "20190101"; VariantName = "[No Variations]"
Change component parameters (AddParameter): Name = "Dimensions WxLxH"; Value = ""; VariantName = "[No Variations]"
Change component parameters (AddParameter): Name = "ECCN"; Value = ""; VariantName = "[No Variations]"
Change component parameters (AddParameter): Name = "HasBeenBuilt"; Value = "False"; VariantName = "[No Variations]"
Change component parameters (AddParameter): Name = "Manufacturer"; Value = "KYOCERA AVX"; VariantName = "[No Variations]"
Change component parameters (AddParameter): Name = "Manufacturer Part Number"; Value = "KGM03CS61A105MH"; VariantName = "[No Variations]"
Change component parameters (AddParameter): Name = "Operating temperature range"; Value = "-55C to +105C"; VariantName = "[No Variations]"
Change component parameters (AddParameter): Name = "Package"; Value = "0201"; VariantName = "[No Variations]"
Change component parameters (AddParameter): Name = "Part Number"; Value = "KGM03CS61A105MH"; VariantName = "[No Variations]"
Change component parameters (AddParameter): Name = "Remark"; Value = ""; VariantName = "[No Variations]"
Change component parameters (AddParameter): Name = "RoHS"; Value = ""; VariantName = "[No Variations]"
Change component parameters (AddParameter): Name = "Sort order"; Value = "302"; VariantName = "[No Variations]"
Change component parameters (AddParameter): Name = "Source"; Value = "RLC_UN1Q.SchLib"; VariantName = "[No Variations]"
Change component parameters (AddParameter): Name = "System"; Value = "RLC"; VariantName = "[No Variations]"
Change component parameters (AddParameter): Name = "Temperature characteristics"; Value = "X6S"; VariantName = "[No Variations]"
Change component parameters (AddParameter): Name = "Tolerance"; Value = "+/-20%"; VariantName = "[No Variations]"
Change component parameters (AddParameter): Name = "Value"; Value = "1uF"; VariantName = "[No Variations]"
Change component parameters (AddParameter): Name = "Voltage"; Value = "10V"; VariantName = "[No Variations]"
Change component parameters: Designator = "C13" ("C13"); Footprint = "CAP_0201_UN1Q"; UniqueID = "\KNPRZOOU" ("\KNPRZOOU")
Change component parameters (AddParameter): Name = "Alternative component"; Value = "Allowed"; VariantName = "[No Variations]"
Change component parameters (AddParameter): Name = "ClassName"; Value = "SMALL"; VariantName = "[No Variations]"
Change component parameters (AddParameter): Name = "Component Type"; Value = "Capacitor"; VariantName = "[No Variations]"
Change component parameters (AddParameter): Name = "ComponentLink1Description"; Value = "1_Datasheet"; VariantName = "[No Variations]"
Change component parameters (AddParameter): Name = "ComponentLink1URL"; Value = ""; VariantName = "[No Variations]"
Change component parameters (AddParameter): Name = "ComponentLink2Description"; Value = "2_Product page"; VariantName = "[No Variations]"
Change component parameters (AddParameter): Name = "ComponentLink2URL"; Value = ""; VariantName = "[No Variations]"
Change component parameters (AddParameter): Name = "ComponentLink3Description"; Value = "3_X-information"; VariantName = "[No Variations]"
Change component parameters (AddParameter): Name = "ComponentLink3URL"; Value = ""; VariantName = "[No Variations]"
Change component parameters (AddParameter): Name = "ComponentLink4Description"; Value = "4_X-information"; VariantName = "[No Variations]"
Change component parameters (AddParameter): Name = "ComponentLink4URL"; Value = ""; VariantName = "[No Variations]"
Change component parameters (AddParameter): Name = "ComponentLink5Description"; Value = ""; VariantName = "[No Variations]"
Change component parameters (AddParameter): Name = "ComponentLink5URL"; Value = ""; VariantName = "[No Variations]"
Change component parameters (AddParameter): Name = "Creation date"; Value = "20190101"; VariantName = "[No Variations]"
Change component parameters (AddParameter): Name = "Dimensions WxLxH"; Value = ""; VariantName = "[No Variations]"
Change component parameters (AddParameter): Name = "ECCN"; Value = ""; VariantName = "[No Variations]"
Change component parameters (AddParameter): Name = "HasBeenBuilt"; Value = "False"; VariantName = "[No Variations]"
Change component parameters (AddParameter): Name = "Manufacturer"; Value = "KYOCERA AVX"; VariantName = "[No Variations]"
Change component parameters (AddParameter): Name = "Manufacturer Part Number"; Value = "KGM03CS61A105MH"; VariantName = "[No Variations]"
Change component parameters (AddParameter): Name = "Operating temperature range"; Value = "-55C to +105C"; VariantName = "[No Variations]"
Change component parameters (AddParameter): Name = "Package"; Value = "0201"; VariantName = "[No Variations]"
Change component parameters (AddParameter): Name = "Part Number"; Value = "KGM03CS61A105MH"; VariantName = "[No Variations]"
Change component parameters (AddParameter): Name = "Remark"; Value = ""; VariantName = "[No Variations]"
Change component parameters (AddParameter): Name = "RoHS"; Value = ""; VariantName = "[No Variations]"
Change component parameters (AddParameter): Name = "Sort order"; Value = "302"; VariantName = "[No Variations]"
Change component parameters (AddParameter): Name = "Source"; Value = "RLC_UN1Q.SchLib"; VariantName = "[No Variations]"
Change component parameters (AddParameter): Name = "System"; Value = "RLC"; VariantName = "[No Variations]"
Change component parameters (AddParameter): Name = "Temperature characteristics"; Value = "X6S"; VariantName = "[No Variations]"
Change component parameters (AddParameter): Name = "Tolerance"; Value = "+/-20%"; VariantName = "[No Variations]"
Change component parameters (AddParameter): Name = "Value"; Value = "1uF"; VariantName = "[No Variations]"
Change component parameters (AddParameter): Name = "Voltage"; Value = "10V"; VariantName = "[No Variations]"
Change component parameters: Designator = "C14" ("C14"); Footprint = "CAP_0201_UN1Q"; UniqueID = "\NOFCDGGO" ("\NOFCDGGO")
Change component parameters (AddParameter): Name = "Alternative component"; Value = "Allowed"; VariantName = "[No Variations]"
Change component parameters (AddParameter): Name = "ClassName"; Value = "SMALL"; VariantName = "[No Variations]"
Change component parameters (AddParameter): Name = "Component Type"; Value = "Capacitor"; VariantName = "[No Variations]"
Change component parameters (AddParameter): Name = "ComponentLink1Description"; Value = "1_Datasheet"; VariantName = "[No Variations]"
Change component parameters (AddParameter): Name = "ComponentLink1URL"; Value = ""; VariantName = "[No Variations]"
Change component parameters (AddParameter): Name = "ComponentLink2Description"; Value = "2_Product page"; VariantName = "[No Variations]"
Change component parameters (AddParameter): Name = "ComponentLink2URL"; Value = ""; VariantName = "[No Variations]"
Change component parameters (AddParameter): Name = "ComponentLink3Description"; Value = "3_X-information"; VariantName = "[No Variations]"
Change component parameters (AddParameter): Name = "ComponentLink3URL"; Value = ""; VariantName = "[No Variations]"
Change component parameters (AddParameter): Name = "ComponentLink4Description"; Value = "4_X-information"; VariantName = "[No Variations]"
Change component parameters (AddParameter): Name = "ComponentLink4URL"; Value = ""; VariantName = "[No Variations]"
Change component parameters (AddParameter): Name = "ComponentLink5Description"; Value = ""; VariantName = "[No Variations]"
Change component parameters (AddParameter): Name = "ComponentLink5URL"; Value = ""; VariantName = "[No Variations]"
Change component parameters (AddParameter): Name = "Creation date"; Value = "20190101"; VariantName = "[No Variations]"
Change component parameters (AddParameter): Name = "Dimensions WxLxH"; Value = ""; VariantName = "[No Variations]"
Change component parameters (AddParameter): Name = "ECCN"; Value = ""; VariantName = "[No Variations]"
Change component parameters (AddParameter): Name = "HasBeenBuilt"; Value = "False"; VariantName = "[No Variations]"
Change component parameters (AddParameter): Name = "Manufacturer"; Value = "KYOCERA AVX"; VariantName = "[No Variations]"
Change component parameters (AddParameter): Name = "Manufacturer Part Number"; Value = "KGM03CS61A105MH"; VariantName = "[No Variations]"
Change component parameters (AddParameter): Name = "Operating temperature range"; Value = "-55C to +105C"; VariantName = "[No Variations]"
Change component parameters (AddParameter): Name = "Package"; Value = "0201"; VariantName = "[No Variations]"
Change component parameters (AddParameter): Name = "Part Number"; Value = "KGM03CS61A105MH"; VariantName = "[No Variations]"
Change component parameters (AddParameter): Name = "Remark"; Value = ""; VariantName = "[No Variations]"
Change component parameters (AddParameter): Name = "RoHS"; Value = ""; VariantName = "[No Variations]"
Change component parameters (AddParameter): Name = "Sort order"; Value = "302"; VariantName = "[No Variations]"
Change component parameters (AddParameter): Name = "Source"; Value = "RLC_UN1Q.SchLib"; VariantName = "[No Variations]"
Change component parameters (AddParameter): Name = "System"; Value = "RLC"; VariantName = "[No Variations]"
Change component parameters (AddParameter): Name = "Temperature characteristics"; Value = "X6S"; VariantName = "[No Variations]"
Change component parameters (AddParameter): Name = "Tolerance"; Value = "+/-20%"; VariantName = "[No Variations]"
Change component parameters (AddParameter): Name = "Value"; Value = "1uF"; VariantName = "[No Variations]"
Change component parameters (AddParameter): Name = "Voltage"; Value = "10V"; VariantName = "[No Variations]"
Change component parameters: Designator = "C16" ("C16"); Footprint = "CAP_0402_H09W07_UN1Q"; UniqueID = "\JNTHUNUL" ("\JNTHUNUL")
Change component parameters (AddParameter): Name = "Alternative component"; Value = "Allowed"; VariantName = "[No Variations]"
Change component parameters (AddParameter): Name = "ClassName"; Value = ""; VariantName = "[No Variations]"
Change component parameters (AddParameter): Name = "Component Type"; Value = "Capacitor"; VariantName = "[No Variations]"
Change component parameters (AddParameter): Name = "ComponentLink1Description"; Value = "1_Datasheet"; VariantName = "[No Variations]"
Change component parameters (AddParameter): Name = "ComponentLink1URL"; Value = ""; VariantName = "[No Variations]"
Change component parameters (AddParameter): Name = "ComponentLink2Description"; Value = "2_Product page"; VariantName = "[No Variations]"
Change component parameters (AddParameter): Name = "ComponentLink2URL"; Value = ""; VariantName = "[No Variations]"
Change component parameters (AddParameter): Name = "ComponentLink3Description"; Value = "3_X-information"; VariantName = "[No Variations]"
Change component parameters (AddParameter): Name = "ComponentLink3URL"; Value = ""; VariantName = "[No Variations]"
Change component parameters (AddParameter): Name = "ComponentLink4Description"; Value = "4_X-information"; VariantName = "[No Variations]"
Change component parameters (AddParameter): Name = "ComponentLink4URL"; Value = ""; VariantName = "[No Variations]"
Change component parameters (AddParameter): Name = "Creation date"; Value = "26042024"; VariantName = "[No Variations]"
Change component parameters (AddParameter): Name = "Dimensions WxLxH"; Value = ""; VariantName = "[No Variations]"
Change component parameters (AddParameter): Name = "ECCN"; Value = ""; VariantName = "[No Variations]"
Change component parameters (AddParameter): Name = "HasBeenBuilt"; Value = "TBD"; VariantName = "[No Variations]"
Change component parameters (AddParameter): Name = "Manufacturer"; Value = "Cal-Chip Electronics"; VariantName = "[No Variations]"
Change component parameters (AddParameter): Name = "Manufacturer Part Number"; Value = "GMC04X6S106M6R3NT"; VariantName = "[No Variations]"
Change component parameters (AddParameter): Name = "Operating temperature range"; Value = ""; VariantName = "[No Variations]"
Change component parameters (AddParameter): Name = "Package"; Value = "0402"; VariantName = "[No Variations]"
Change component parameters (AddParameter): Name = "Part Number"; Value = "GMC04X6S106M6R3NT"; VariantName = "[No Variations]"
Change component parameters (AddParameter): Name = "Remark"; Value = ""; VariantName = "[No Variations]"
Change component parameters (AddParameter): Name = "RoHS"; Value = ""; VariantName = "[No Variations]"
Change component parameters (AddParameter): Name = "Sort order"; Value = "304"; VariantName = "[No Variations]"
Change component parameters (AddParameter): Name = "Source"; Value = ""; VariantName = "[No Variations]"
Change component parameters (AddParameter): Name = "System"; Value = "RLC"; VariantName = "[No Variations]"
Change component parameters (AddParameter): Name = "Temperature characteristics"; Value = "X6S"; VariantName = "[No Variations]"
Change component parameters (AddParameter): Name = "Tolerance"; Value = "+/-20%"; VariantName = "[No Variations]"
Change component parameters (AddParameter): Name = "Value"; Value = "10uF"; VariantName = "[No Variations]"
Change component parameters (AddParameter): Name = "Voltage"; Value = "6.3V"; VariantName = "[No Variations]"
Change component parameters: Designator = "C17" ("C17"); Footprint = "CAP_0201_UN1Q"; UniqueID = "\FWQEASAW" ("\FWQEASAW")
Change component parameters (AddParameter): Name = "Alternative component"; Value = "Allowed"; VariantName = "[No Variations]"
Change component parameters (AddParameter): Name = "ClassName"; Value = "SMALL"; VariantName = "[No Variations]"
Change component parameters (AddParameter): Name = "Component Type"; Value = "Capacitor"; VariantName = "[No Variations]"
Change component parameters (AddParameter): Name = "ComponentLink1Description"; Value = "1_Datasheet"; VariantName = "[No Variations]"
Change component parameters (AddParameter): Name = "ComponentLink1URL"; Value = ""; VariantName = "[No Variations]"
Change component parameters (AddParameter): Name = "ComponentLink2Description"; Value = "2_Product page"; VariantName = "[No Variations]"
Change component parameters (AddParameter): Name = "ComponentLink2URL"; Value = ""; VariantName = "[No Variations]"
Change component parameters (AddParameter): Name = "ComponentLink3Description"; Value = "3_X-information"; VariantName = "[No Variations]"
Change component parameters (AddParameter): Name = "ComponentLink3URL"; Value = ""; VariantName = "[No Variations]"
Change component parameters (AddParameter): Name = "ComponentLink4Description"; Value = "4_X-information"; VariantName = "[No Variations]"
Change component parameters (AddParameter): Name = "ComponentLink4URL"; Value = ""; VariantName = "[No Variations]"
Change component parameters (AddParameter): Name = "ComponentLink5Description"; Value = ""; VariantName = "[No Variations]"
Change component parameters (AddParameter): Name = "ComponentLink5URL"; Value = ""; VariantName = "[No Variations]"
Change component parameters (AddParameter): Name = "Creation date"; Value = "20190101"; VariantName = "[No Variations]"
Change component parameters (AddParameter): Name = "Dimensions WxLxH"; Value = ""; VariantName = "[No Variations]"
Change component parameters (AddParameter): Name = "ECCN"; Value = ""; VariantName = "[No Variations]"
Change component parameters (AddParameter): Name = "HasBeenBuilt"; Value = "False"; VariantName = "[No Variations]"
Change component parameters (AddParameter): Name = "Manufacturer"; Value = "KYOCERA AVX"; VariantName = "[No Variations]"
Change component parameters (AddParameter): Name = "Manufacturer Part Number"; Value = "KGM03CS61A105MH"; VariantName = "[No Variations]"
Change component parameters (AddParameter): Name = "Operating temperature range"; Value = "-55C to +105C"; VariantName = "[No Variations]"
Change component parameters (AddParameter): Name = "Package"; Value = "0201"; VariantName = "[No Variations]"
Change component parameters (AddParameter): Name = "Part Number"; Value = "KGM03CS61A105MH"; VariantName = "[No Variations]"
Change component parameters (AddParameter): Name = "Remark"; Value = ""; VariantName = "[No Variations]"
Change component parameters (AddParameter): Name = "RoHS"; Value = ""; VariantName = "[No Variations]"
Change component parameters (AddParameter): Name = "Sort order"; Value = "302"; VariantName = "[No Variations]"
Change component parameters (AddParameter): Name = "Source"; Value = "RLC_UN1Q.SchLib"; VariantName = "[No Variations]"
Change component parameters (AddParameter): Name = "System"; Value = "RLC"; VariantName = "[No Variations]"
Change component parameters (AddParameter): Name = "Temperature characteristics"; Value = "X6S"; VariantName = "[No Variations]"
Change component parameters (AddParameter): Name = "Tolerance"; Value = "+/-20%"; VariantName = "[No Variations]"
Change component parameters (AddParameter): Name = "Value"; Value = "1uF"; VariantName = "[No Variations]"
Change component parameters (AddParameter): Name = "Voltage"; Value = "10V"; VariantName = "[No Variations]"
Change component parameters: Designator = "C18" ("C18"); Footprint = "CAP_0201_UN1Q"; UniqueID = "\WFVULIUV" ("\WFVULIUV")
Change component parameters (AddParameter): Name = "Alternative component"; Value = "Allowed"; VariantName = "[No Variations]"
Change component parameters (AddParameter): Name = "ClassName"; Value = "SMALL"; VariantName = "[No Variations]"
Change component parameters (AddParameter): Name = "Component Type"; Value = "Capacitor"; VariantName = "[No Variations]"
Change component parameters (AddParameter): Name = "ComponentLink1Description"; Value = "1_Datasheet"; VariantName = "[No Variations]"
Change component parameters (AddParameter): Name = "ComponentLink1URL"; Value = ""; VariantName = "[No Variations]"
Change component parameters (AddParameter): Name = "ComponentLink2Description"; Value = "2_Product page"; VariantName = "[No Variations]"
Change component parameters (AddParameter): Name = "ComponentLink2URL"; Value = ""; VariantName = "[No Variations]"
Change component parameters (AddParameter): Name = "ComponentLink3Description"; Value = "3_X-information"; VariantName = "[No Variations]"
Change component parameters (AddParameter): Name = "ComponentLink3URL"; Value = ""; VariantName = "[No Variations]"
Change component parameters (AddParameter): Name = "ComponentLink4Description"; Value = "4_X-information"; VariantName = "[No Variations]"
Change component parameters (AddParameter): Name = "ComponentLink4URL"; Value = ""; VariantName = "[No Variations]"
Change component parameters (AddParameter): Name = "ComponentLink5Description"; Value = ""; VariantName = "[No Variations]"
Change component parameters (AddParameter): Name = "ComponentLink5URL"; Value = ""; VariantName = "[No Variations]"
Change component parameters (AddParameter): Name = "Creation date"; Value = "20190101"; VariantName = "[No Variations]"
Change component parameters (AddParameter): Name = "Dimensions WxLxH"; Value = ""; VariantName = "[No Variations]"
Change component parameters (AddParameter): Name = "ECCN"; Value = ""; VariantName = "[No Variations]"
Change component parameters (AddParameter): Name = "HasBeenBuilt"; Value = "False"; VariantName = "[No Variations]"
Change component parameters (AddParameter): Name = "Manufacturer"; Value = "KYOCERA AVX"; VariantName = "[No Variations]"
Change component parameters (AddParameter): Name = "Manufacturer Part Number"; Value = "KGM03CS61A105MH"; VariantName = "[No Variations]"
Change component parameters (AddParameter): Name = "Operating temperature range"; Value = "-55C to +105C"; VariantName = "[No Variations]"
Change component parameters (AddParameter): Name = "Package"; Value = "0201"; VariantName = "[No Variations]"
Change component parameters (AddParameter): Name = "Part Number"; Value = "KGM03CS61A105MH"; VariantName = "[No Variations]"
Change component parameters (AddParameter): Name = "Remark"; Value = ""; VariantName = "[No Variations]"
Change component parameters (AddParameter): Name = "RoHS"; Value = ""; VariantName = "[No Variations]"
Change component parameters (AddParameter): Name = "Sort order"; Value = "302"; VariantName = "[No Variations]"
Change component parameters (AddParameter): Name = "Source"; Value = "RLC_UN1Q.SchLib"; VariantName = "[No Variations]"
Change component parameters (AddParameter): Name = "System"; Value = "RLC"; VariantName = "[No Variations]"
Change component parameters (AddParameter): Name = "Temperature characteristics"; Value = "X6S"; VariantName = "[No Variations]"
Change component parameters (AddParameter): Name = "Tolerance"; Value = "+/-20%"; VariantName = "[No Variations]"
Change component parameters (AddParameter): Name = "Value"; Value = "1uF"; VariantName = "[No Variations]"
Change component parameters (AddParameter): Name = "Voltage"; Value = "10V"; VariantName = "[No Variations]"
Change component parameters: Designator = "C19" ("C19"); Footprint = "CAP_0201_UN1Q"; UniqueID = "\GSXIAVTK" ("\GSXIAVTK")
Change component parameters (AddParameter): Name = "Alternative component"; Value = "Allowed"; VariantName = "[No Variations]"
Change component parameters (AddParameter): Name = "ClassName"; Value = "SMALL"; VariantName = "[No Variations]"
Change component parameters (AddParameter): Name = "Component Type"; Value = "Capacitor"; VariantName = "[No Variations]"
Change component parameters (AddParameter): Name = "ComponentLink1Description"; Value = "1_Datasheet"; VariantName = "[No Variations]"
Change component parameters (AddParameter): Name = "ComponentLink1URL"; Value = ""; VariantName = "[No Variations]"
Change component parameters (AddParameter): Name = "ComponentLink2Description"; Value = "2_Product page"; VariantName = "[No Variations]"
Change component parameters (AddParameter): Name = "ComponentLink2URL"; Value = ""; VariantName = "[No Variations]"
Change component parameters (AddParameter): Name = "ComponentLink3Description"; Value = "3_X-information"; VariantName = "[No Variations]"
Change component parameters (AddParameter): Name = "ComponentLink3URL"; Value = ""; VariantName = "[No Variations]"
Change component parameters (AddParameter): Name = "ComponentLink4Description"; Value = "4_X-information"; VariantName = "[No Variations]"
Change component parameters (AddParameter): Name = "ComponentLink4URL"; Value = ""; VariantName = "[No Variations]"
Change component parameters (AddParameter): Name = "ComponentLink5Description"; Value = ""; VariantName = "[No Variations]"
Change component parameters (AddParameter): Name = "ComponentLink5URL"; Value = ""; VariantName = "[No Variations]"
Change component parameters (AddParameter): Name = "Creation date"; Value = "20190101"; VariantName = "[No Variations]"
Change component parameters (AddParameter): Name = "Dimensions WxLxH"; Value = ""; VariantName = "[No Variations]"
Change component parameters (AddParameter): Name = "ECCN"; Value = ""; VariantName = "[No Variations]"
Change component parameters (AddParameter): Name = "HasBeenBuilt"; Value = "False"; VariantName = "[No Variations]"
Change component parameters (AddParameter): Name = "Manufacturer"; Value = "KYOCERA AVX"; VariantName = "[No Variations]"
Change component parameters (AddParameter): Name = "Manufacturer Part Number"; Value = "KGM03CS61A105MH"; VariantName = "[No Variations]"
Change component parameters (AddParameter): Name = "Operating temperature range"; Value = "-55C to +105C"; VariantName = "[No Variations]"
Change component parameters (AddParameter): Name = "Package"; Value = "0201"; VariantName = "[No Variations]"
Change component parameters (AddParameter): Name = "Part Number"; Value = "KGM03CS61A105MH"; VariantName = "[No Variations]"
Change component parameters (AddParameter): Name = "Remark"; Value = ""; VariantName = "[No Variations]"
Change component parameters (AddParameter): Name = "RoHS"; Value = ""; VariantName = "[No Variations]"
Change component parameters (AddParameter): Name = "Sort order"; Value = "302"; VariantName = "[No Variations]"
Change component parameters (AddParameter): Name = "Source"; Value = "RLC_UN1Q.SchLib"; VariantName = "[No Variations]"
Change component parameters (AddParameter): Name = "System"; Value = "RLC"; VariantName = "[No Variations]"
Change component parameters (AddParameter): Name = "Temperature characteristics"; Value = "X6S"; VariantName = "[No Variations]"
Change component parameters (AddParameter): Name = "Tolerance"; Value = "+/-20%"; VariantName = "[No Variations]"
Change component parameters (AddParameter): Name = "Value"; Value = "1uF"; VariantName = "[No Variations]"
Change component parameters (AddParameter): Name = "Voltage"; Value = "10V"; VariantName = "[No Variations]"
Change component parameters: Designator = "C20" ("C20"); Footprint = "CAP_0201_UN1Q"; UniqueID = "\QYJEUGTQ" ("\QYJEUGTQ")
Change component parameters (AddParameter): Name = "Alternative component"; Value = "Allowed"; VariantName = "[No Variations]"
Change component parameters (AddParameter): Name = "ClassName"; Value = "SMALL"; VariantName = "[No Variations]"
Change component parameters (AddParameter): Name = "Component Type"; Value = "Capacitor"; VariantName = "[No Variations]"
Change component parameters (AddParameter): Name = "ComponentLink1Description"; Value = "1_Datasheet"; VariantName = "[No Variations]"
Change component parameters (AddParameter): Name = "ComponentLink1URL"; Value = ""; VariantName = "[No Variations]"
Change component parameters (AddParameter): Name = "ComponentLink2Description"; Value = "2_Product page"; VariantName = "[No Variations]"
Change component parameters (AddParameter): Name = "ComponentLink2URL"; Value = ""; VariantName = "[No Variations]"
Change component parameters (AddParameter): Name = "ComponentLink3Description"; Value = "3_X-information"; VariantName = "[No Variations]"
Change component parameters (AddParameter): Name = "ComponentLink3URL"; Value = ""; VariantName = "[No Variations]"
Change component parameters (AddParameter): Name = "ComponentLink4Description"; Value = "4_X-information"; VariantName = "[No Variations]"
Change component parameters (AddParameter): Name = "ComponentLink4URL"; Value = ""; VariantName = "[No Variations]"
Change component parameters (AddParameter): Name = "ComponentLink5Description"; Value = ""; VariantName = "[No Variations]"
Change component parameters (AddParameter): Name = "ComponentLink5URL"; Value = ""; VariantName = "[No Variations]"
Change component parameters (AddParameter): Name = "Creation date"; Value = "20190101"; VariantName = "[No Variations]"
Change component parameters (AddParameter): Name = "Dimensions WxLxH"; Value = ""; VariantName = "[No Variations]"
Change component parameters (AddParameter): Name = "ECCN"; Value = ""; VariantName = "[No Variations]"
Change component parameters (AddParameter): Name = "HasBeenBuilt"; Value = "False"; VariantName = "[No Variations]"
Change component parameters (AddParameter): Name = "Manufacturer"; Value = "KYOCERA AVX"; VariantName = "[No Variations]"
Change component parameters (AddParameter): Name = "Manufacturer Part Number"; Value = "KGM03CS61A105MH"; VariantName = "[No Variations]"
Change component parameters (AddParameter): Name = "Operating temperature range"; Value = "-55C to +105C"; VariantName = "[No Variations]"
Change component parameters (AddParameter): Name = "Package"; Value = "0201"; VariantName = "[No Variations]"
Change component parameters (AddParameter): Name = "Part Number"; Value = "KGM03CS61A105MH"; VariantName = "[No Variations]"
Change component parameters (AddParameter): Name = "Remark"; Value = ""; VariantName = "[No Variations]"
Change component parameters (AddParameter): Name = "RoHS"; Value = ""; VariantName = "[No Variations]"
Change component parameters (AddParameter): Name = "Sort order"; Value = "302"; VariantName = "[No Variations]"
Change component parameters (AddParameter): Name = "Source"; Value = "RLC_UN1Q.SchLib"; VariantName = "[No Variations]"
Change component parameters (AddParameter): Name = "System"; Value = "RLC"; VariantName = "[No Variations]"
Change component parameters (AddParameter): Name = "Temperature characteristics"; Value = "X6S"; VariantName = "[No Variations]"
Change component parameters (AddParameter): Name = "Tolerance"; Value = "+/-20%"; VariantName = "[No Variations]"
Change component parameters (AddParameter): Name = "Value"; Value = "1uF"; VariantName = "[No Variations]"
Change component parameters (AddParameter): Name = "Voltage"; Value = "10V"; VariantName = "[No Variations]"
Change component parameters: Designator = "C21" ("C21"); Footprint = "CAP_0201_UN1Q"; UniqueID = "\BQWAGKEZ" ("\BQWAGKEZ")
Change component parameters (AddParameter): Name = "Alternative component"; Value = "Allowed"; VariantName = "[No Variations]"
Change component parameters (AddParameter): Name = "ClassName"; Value = "SMALL"; VariantName = "[No Variations]"
Change component parameters (AddParameter): Name = "Component Type"; Value = "Capacitor"; VariantName = "[No Variations]"
Change component parameters (AddParameter): Name = "ComponentLink1Description"; Value = "1_Datasheet"; VariantName = "[No Variations]"
Change component parameters (AddParameter): Name = "ComponentLink1URL"; Value = ""; VariantName = "[No Variations]"
Change component parameters (AddParameter): Name = "ComponentLink2Description"; Value = "2_Product page"; VariantName = "[No Variations]"
Change component parameters (AddParameter): Name = "ComponentLink2URL"; Value = ""; VariantName = "[No Variations]"
Change component parameters (AddParameter): Name = "ComponentLink3Description"; Value = "3_X-information"; VariantName = "[No Variations]"
Change component parameters (AddParameter): Name = "ComponentLink3URL"; Value = ""; VariantName = "[No Variations]"
Change component parameters (AddParameter): Name = "ComponentLink4Description"; Value = "4_X-information"; VariantName = "[No Variations]"
Change component parameters (AddParameter): Name = "ComponentLink4URL"; Value = ""; VariantName = "[No Variations]"
Change component parameters (AddParameter): Name = "ComponentLink5Description"; Value = ""; VariantName = "[No Variations]"
Change component parameters (AddParameter): Name = "ComponentLink5URL"; Value = ""; VariantName = "[No Variations]"
Change component parameters (AddParameter): Name = "Creation date"; Value = "20190101"; VariantName = "[No Variations]"
Change component parameters (AddParameter): Name = "Dimensions WxLxH"; Value = ""; VariantName = "[No Variations]"
Change component parameters (AddParameter): Name = "ECCN"; Value = ""; VariantName = "[No Variations]"
Change component parameters (AddParameter): Name = "HasBeenBuilt"; Value = "False"; VariantName = "[No Variations]"
Change component parameters (AddParameter): Name = "Manufacturer"; Value = "KYOCERA AVX"; VariantName = "[No Variations]"
Change component parameters (AddParameter): Name = "Manufacturer Part Number"; Value = "KGM03CS61A105MH"; VariantName = "[No Variations]"
Change component parameters (AddParameter): Name = "Operating temperature range"; Value = "-55C to +105C"; VariantName = "[No Variations]"
Change component parameters (AddParameter): Name = "Package"; Value = "0201"; VariantName = "[No Variations]"
Change component parameters (AddParameter): Name = "Part Number"; Value = "KGM03CS61A105MH"; VariantName = "[No Variations]"
Change component parameters (AddParameter): Name = "Remark"; Value = ""; VariantName = "[No Variations]"
Change component parameters (AddParameter): Name = "RoHS"; Value = ""; VariantName = "[No Variations]"
Change component parameters (AddParameter): Name = "Sort order"; Value = "302"; VariantName = "[No Variations]"
Change component parameters (AddParameter): Name = "Source"; Value = "RLC_UN1Q.SchLib"; VariantName = "[No Variations]"
Change component parameters (AddParameter): Name = "System"; Value = "RLC"; VariantName = "[No Variations]"
Change component parameters (AddParameter): Name = "Temperature characteristics"; Value = "X6S"; VariantName = "[No Variations]"
Change component parameters (AddParameter): Name = "Tolerance"; Value = "+/-20%"; VariantName = "[No Variations]"
Change component parameters (AddParameter): Name = "Value"; Value = "1uF"; VariantName = "[No Variations]"
Change component parameters (AddParameter): Name = "Voltage"; Value = "10V"; VariantName = "[No Variations]"
Change component parameters: Designator = "C22" ("C22"); Footprint = "CAP_0402_H09W07_UN1Q"; UniqueID = "\ZWNNGOZB" ("\ZWNNGOZB")
Change component parameters (AddParameter): Name = "Alternative component"; Value = "Allowed"; VariantName = "[No Variations]"
Change component parameters (AddParameter): Name = "ClassName"; Value = ""; VariantName = "[No Variations]"
Change component parameters (AddParameter): Name = "Component Type"; Value = "Capacitor"; VariantName = "[No Variations]"
Change component parameters (AddParameter): Name = "ComponentLink1Description"; Value = "1_Datasheet"; VariantName = "[No Variations]"
Change component parameters (AddParameter): Name = "ComponentLink1URL"; Value = ""; VariantName = "[No Variations]"
Change component parameters (AddParameter): Name = "ComponentLink2Description"; Value = "2_Product page"; VariantName = "[No Variations]"
Change component parameters (AddParameter): Name = "ComponentLink2URL"; Value = ""; VariantName = "[No Variations]"
Change component parameters (AddParameter): Name = "ComponentLink3Description"; Value = "3_X-information"; VariantName = "[No Variations]"
Change component parameters (AddParameter): Name = "ComponentLink3URL"; Value = ""; VariantName = "[No Variations]"
Change component parameters (AddParameter): Name = "ComponentLink4Description"; Value = "4_X-information"; VariantName = "[No Variations]"
Change component parameters (AddParameter): Name = "ComponentLink4URL"; Value = ""; VariantName = "[No Variations]"
Change component parameters (AddParameter): Name = "Creation date"; Value = "26042024"; VariantName = "[No Variations]"
Change component parameters (AddParameter): Name = "Dimensions WxLxH"; Value = ""; VariantName = "[No Variations]"
Change component parameters (AddParameter): Name = "ECCN"; Value = ""; VariantName = "[No Variations]"
Change component parameters (AddParameter): Name = "HasBeenBuilt"; Value = "TBD"; VariantName = "[No Variations]"
Change component parameters (AddParameter): Name = "Manufacturer"; Value = "Cal-Chip Electronics"; VariantName = "[No Variations]"
Change component parameters (AddParameter): Name = "Manufacturer Part Number"; Value = "GMC04X6S106M6R3NT"; VariantName = "[No Variations]"
Change component parameters (AddParameter): Name = "Operating temperature range"; Value = ""; VariantName = "[No Variations]"
Change component parameters (AddParameter): Name = "Package"; Value = "0402"; VariantName = "[No Variations]"
Change component parameters (AddParameter): Name = "Part Number"; Value = "GMC04X6S106M6R3NT"; VariantName = "[No Variations]"
Change component parameters (AddParameter): Name = "Remark"; Value = ""; VariantName = "[No Variations]"
Change component parameters (AddParameter): Name = "RoHS"; Value = ""; VariantName = "[No Variations]"
Change component parameters (AddParameter): Name = "Sort order"; Value = "304"; VariantName = "[No Variations]"
Change component parameters (AddParameter): Name = "Source"; Value = ""; VariantName = "[No Variations]"
Change component parameters (AddParameter): Name = "System"; Value = "RLC"; VariantName = "[No Variations]"
Change component parameters (AddParameter): Name = "Temperature characteristics"; Value = "X6S"; VariantName = "[No Variations]"
Change component parameters (AddParameter): Name = "Tolerance"; Value = "+/-20%"; VariantName = "[No Variations]"
Change component parameters (AddParameter): Name = "Value"; Value = "10uF"; VariantName = "[No Variations]"
Change component parameters (AddParameter): Name = "Voltage"; Value = "6.3V"; VariantName = "[No Variations]"
Change component parameters: Designator = "C23" ("C23"); Footprint = "CAP_0201_UN1Q"; UniqueID = "\PDGMZBKF" ("\PDGMZBKF")
Change component parameters (AddParameter): Name = "Alternative component"; Value = "Allowed"; VariantName = "[No Variations]"
Change component parameters (AddParameter): Name = "ClassName"; Value = "SMALL"; VariantName = "[No Variations]"
Change component parameters (AddParameter): Name = "Component Type"; Value = "Capacitor"; VariantName = "[No Variations]"
Change component parameters (AddParameter): Name = "ComponentLink1Description"; Value = "1_Datasheet"; VariantName = "[No Variations]"
Change component parameters (AddParameter): Name = "ComponentLink1URL"; Value = ""; VariantName = "[No Variations]"
Change component parameters (AddParameter): Name = "ComponentLink2Description"; Value = "2_Product page"; VariantName = "[No Variations]"
Change component parameters (AddParameter): Name = "ComponentLink2URL"; Value = ""; VariantName = "[No Variations]"
Change component parameters (AddParameter): Name = "ComponentLink3Description"; Value = "3_X-information"; VariantName = "[No Variations]"
Change component parameters (AddParameter): Name = "ComponentLink3URL"; Value = ""; VariantName = "[No Variations]"
Change component parameters (AddParameter): Name = "ComponentLink4Description"; Value = "4_X-information"; VariantName = "[No Variations]"
Change component parameters (AddParameter): Name = "ComponentLink4URL"; Value = ""; VariantName = "[No Variations]"
Change component parameters (AddParameter): Name = "ComponentLink5Description"; Value = ""; VariantName = "[No Variations]"
Change component parameters (AddParameter): Name = "ComponentLink5URL"; Value = ""; VariantName = "[No Variations]"
Change component parameters (AddParameter): Name = "Creation date"; Value = "20190101"; VariantName = "[No Variations]"
Change component parameters (AddParameter): Name = "Dimensions WxLxH"; Value = ""; VariantName = "[No Variations]"
Change component parameters (AddParameter): Name = "ECCN"; Value = ""; VariantName = "[No Variations]"
Change component parameters (AddParameter): Name = "HasBeenBuilt"; Value = "False"; VariantName = "[No Variations]"
Change component parameters (AddParameter): Name = "Manufacturer"; Value = "KYOCERA AVX"; VariantName = "[No Variations]"
Change component parameters (AddParameter): Name = "Manufacturer Part Number"; Value = "KGM03CS61A105MH"; VariantName = "[No Variations]"
Change component parameters (AddParameter): Name = "Operating temperature range"; Value = "-55C to +105C"; VariantName = "[No Variations]"
Change component parameters (AddParameter): Name = "Package"; Value = "0201"; VariantName = "[No Variations]"
Change component parameters (AddParameter): Name = "Part Number"; Value = "KGM03CS61A105MH"; VariantName = "[No Variations]"
Change component parameters (AddParameter): Name = "Remark"; Value = ""; VariantName = "[No Variations]"
Change component parameters (AddParameter): Name = "RoHS"; Value = ""; VariantName = "[No Variations]"
Change component parameters (AddParameter): Name = "Sort order"; Value = "302"; VariantName = "[No Variations]"
Change component parameters (AddParameter): Name = "Source"; Value = "RLC_UN1Q.SchLib"; VariantName = "[No Variations]"
Change component parameters (AddParameter): Name = "System"; Value = "RLC"; VariantName = "[No Variations]"
Change component parameters (AddParameter): Name = "Temperature characteristics"; Value = "X6S"; VariantName = "[No Variations]"
Change component parameters (AddParameter): Name = "Tolerance"; Value = "+/-20%"; VariantName = "[No Variations]"
Change component parameters (AddParameter): Name = "Value"; Value = "1uF"; VariantName = "[No Variations]"
Change component parameters (AddParameter): Name = "Voltage"; Value = "10V"; VariantName = "[No Variations]"
Change component parameters: Designator = "C24" ("C24"); Footprint = "CAP_0201_UN1Q"; UniqueID = "\TIWBPEMS" ("\TIWBPEMS")
Change component parameters (AddParameter): Name = "Alternative component"; Value = "Allowed"; VariantName = "[No Variations]"
Change component parameters (AddParameter): Name = "ClassName"; Value = "SMALL"; VariantName = "[No Variations]"
Change component parameters (AddParameter): Name = "Component Type"; Value = "Capacitor"; VariantName = "[No Variations]"
Change component parameters (AddParameter): Name = "ComponentLink1Description"; Value = "1_Datasheet"; VariantName = "[No Variations]"
Change component parameters (AddParameter): Name = "ComponentLink1URL"; Value = ""; VariantName = "[No Variations]"
Change component parameters (AddParameter): Name = "ComponentLink2Description"; Value = "2_Product page"; VariantName = "[No Variations]"
Change component parameters (AddParameter): Name = "ComponentLink2URL"; Value = ""; VariantName = "[No Variations]"
Change component parameters (AddParameter): Name = "ComponentLink3Description"; Value = "3_X-information"; VariantName = "[No Variations]"
Change component parameters (AddParameter): Name = "ComponentLink3URL"; Value = ""; VariantName = "[No Variations]"
Change component parameters (AddParameter): Name = "ComponentLink4Description"; Value = "4_X-information"; VariantName = "[No Variations]"
Change component parameters (AddParameter): Name = "ComponentLink4URL"; Value = ""; VariantName = "[No Variations]"
Change component parameters (AddParameter): Name = "ComponentLink5Description"; Value = ""; VariantName = "[No Variations]"
Change component parameters (AddParameter): Name = "ComponentLink5URL"; Value = ""; VariantName = "[No Variations]"
Change component parameters (AddParameter): Name = "Creation date"; Value = "20190101"; VariantName = "[No Variations]"
Change component parameters (AddParameter): Name = "Dimensions WxLxH"; Value = ""; VariantName = "[No Variations]"
Change component parameters (AddParameter): Name = "ECCN"; Value = ""; VariantName = "[No Variations]"
Change component parameters (AddParameter): Name = "HasBeenBuilt"; Value = "False"; VariantName = "[No Variations]"
Change component parameters (AddParameter): Name = "Manufacturer"; Value = "KYOCERA AVX"; VariantName = "[No Variations]"
Change component parameters (AddParameter): Name = "Manufacturer Part Number"; Value = "KGM03CS61A105MH"; VariantName = "[No Variations]"
Change component parameters (AddParameter): Name = "Operating temperature range"; Value = "-55C to +105C"; VariantName = "[No Variations]"
Change component parameters (AddParameter): Name = "Package"; Value = "0201"; VariantName = "[No Variations]"
Change component parameters (AddParameter): Name = "Part Number"; Value = "KGM03CS61A105MH"; VariantName = "[No Variations]"
Change component parameters (AddParameter): Name = "Remark"; Value = ""; VariantName = "[No Variations]"
Change component parameters (AddParameter): Name = "RoHS"; Value = ""; VariantName = "[No Variations]"
Change component parameters (AddParameter): Name = "Sort order"; Value = "302"; VariantName = "[No Variations]"
Change component parameters (AddParameter): Name = "Source"; Value = "RLC_UN1Q.SchLib"; VariantName = "[No Variations]"
Change component parameters (AddParameter): Name = "System"; Value = "RLC"; VariantName = "[No Variations]"
Change component parameters (AddParameter): Name = "Temperature characteristics"; Value = "X6S"; VariantName = "[No Variations]"
Change component parameters (AddParameter): Name = "Tolerance"; Value = "+/-20%"; VariantName = "[No Variations]"
Change component parameters (AddParameter): Name = "Value"; Value = "1uF"; VariantName = "[No Variations]"
Change component parameters (AddParameter): Name = "Voltage"; Value = "10V"; VariantName = "[No Variations]"
Change component parameters: Designator = "C25" ("C25"); Footprint = "CAP_0201_UN1Q"; UniqueID = "\WREGUTVH" ("\WREGUTVH")
Change component parameters (AddParameter): Name = "Alternative component"; Value = "Allowed"; VariantName = "[No Variations]"
Change component parameters (AddParameter): Name = "ClassName"; Value = "SMALL"; VariantName = "[No Variations]"
Change component parameters (AddParameter): Name = "Component Type"; Value = "Capacitor"; VariantName = "[No Variations]"
Change component parameters (AddParameter): Name = "ComponentLink1Description"; Value = "1_Datasheet"; VariantName = "[No Variations]"
Change component parameters (AddParameter): Name = "ComponentLink1URL"; Value = ""; VariantName = "[No Variations]"
Change component parameters (AddParameter): Name = "ComponentLink2Description"; Value = "2_Product page"; VariantName = "[No Variations]"
Change component parameters (AddParameter): Name = "ComponentLink2URL"; Value = ""; VariantName = "[No Variations]"
Change component parameters (AddParameter): Name = "ComponentLink3Description"; Value = "3_X-information"; VariantName = "[No Variations]"
Change component parameters (AddParameter): Name = "ComponentLink3URL"; Value = ""; VariantName = "[No Variations]"
Change component parameters (AddParameter): Name = "ComponentLink4Description"; Value = "4_X-information"; VariantName = "[No Variations]"
Change component parameters (AddParameter): Name = "ComponentLink4URL"; Value = ""; VariantName = "[No Variations]"
Change component parameters (AddParameter): Name = "ComponentLink5Description"; Value = ""; VariantName = "[No Variations]"
Change component parameters (AddParameter): Name = "ComponentLink5URL"; Value = ""; VariantName = "[No Variations]"
Change component parameters (AddParameter): Name = "Creation date"; Value = "20190101"; VariantName = "[No Variations]"
Change component parameters (AddParameter): Name = "Dimensions WxLxH"; Value = ""; VariantName = "[No Variations]"
Change component parameters (AddParameter): Name = "ECCN"; Value = ""; VariantName = "[No Variations]"
Change component parameters (AddParameter): Name = "HasBeenBuilt"; Value = "False"; VariantName = "[No Variations]"
Change component parameters (AddParameter): Name = "Manufacturer"; Value = "KYOCERA AVX"; VariantName = "[No Variations]"
Change component parameters (AddParameter): Name = "Manufacturer Part Number"; Value = "KGM03CS61A105MH"; VariantName = "[No Variations]"
Change component parameters (AddParameter): Name = "Operating temperature range"; Value = "-55C to +105C"; VariantName = "[No Variations]"
Change component parameters (AddParameter): Name = "Package"; Value = "0201"; VariantName = "[No Variations]"
Change component parameters (AddParameter): Name = "Part Number"; Value = "KGM03CS61A105MH"; VariantName = "[No Variations]"
Change component parameters (AddParameter): Name = "Remark"; Value = ""; VariantName = "[No Variations]"
Change component parameters (AddParameter): Name = "RoHS"; Value = ""; VariantName = "[No Variations]"
Change component parameters (AddParameter): Name = "Sort order"; Value = "302"; VariantName = "[No Variations]"
Change component parameters (AddParameter): Name = "Source"; Value = "RLC_UN1Q.SchLib"; VariantName = "[No Variations]"
Change component parameters (AddParameter): Name = "System"; Value = "RLC"; VariantName = "[No Variations]"
Change component parameters (AddParameter): Name = "Temperature characteristics"; Value = "X6S"; VariantName = "[No Variations]"
Change component parameters (AddParameter): Name = "Tolerance"; Value = "+/-20%"; VariantName = "[No Variations]"
Change component parameters (AddParameter): Name = "Value"; Value = "1uF"; VariantName = "[No Variations]"
Change component parameters (AddParameter): Name = "Voltage"; Value = "10V"; VariantName = "[No Variations]"
Change component parameters: Designator = "C26" ("C26"); Footprint = "CAP_0402_H09W07_UN1Q"; UniqueID = "\UVJAVKZL" ("\UVJAVKZL")
Change component parameters (AddParameter): Name = "Alternative component"; Value = "Allowed"; VariantName = "[No Variations]"
Change component parameters (AddParameter): Name = "ClassName"; Value = ""; VariantName = "[No Variations]"
Change component parameters (AddParameter): Name = "Component Type"; Value = "Capacitor"; VariantName = "[No Variations]"
Change component parameters (AddParameter): Name = "ComponentLink1Description"; Value = "1_Datasheet"; VariantName = "[No Variations]"
Change component parameters (AddParameter): Name = "ComponentLink1URL"; Value = ""; VariantName = "[No Variations]"
Change component parameters (AddParameter): Name = "ComponentLink2Description"; Value = "2_Product page"; VariantName = "[No Variations]"
Change component parameters (AddParameter): Name = "ComponentLink2URL"; Value = ""; VariantName = "[No Variations]"
Change component parameters (AddParameter): Name = "ComponentLink3Description"; Value = "3_X-information"; VariantName = "[No Variations]"
Change component parameters (AddParameter): Name = "ComponentLink3URL"; Value = ""; VariantName = "[No Variations]"
Change component parameters (AddParameter): Name = "ComponentLink4Description"; Value = "4_X-information"; VariantName = "[No Variations]"
Change component parameters (AddParameter): Name = "ComponentLink4URL"; Value = ""; VariantName = "[No Variations]"
Change component parameters (AddParameter): Name = "Creation date"; Value = "26042024"; VariantName = "[No Variations]"
Change component parameters (AddParameter): Name = "Dimensions WxLxH"; Value = ""; VariantName = "[No Variations]"
Change component parameters (AddParameter): Name = "ECCN"; Value = ""; VariantName = "[No Variations]"
Change component parameters (AddParameter): Name = "HasBeenBuilt"; Value = "TBD"; VariantName = "[No Variations]"
Change component parameters (AddParameter): Name = "Manufacturer"; Value = "Cal-Chip Electronics"; VariantName = "[No Variations]"
Change component parameters (AddParameter): Name = "Manufacturer Part Number"; Value = "GMC04X6S106M6R3NT"; VariantName = "[No Variations]"
Change component parameters (AddParameter): Name = "Operating temperature range"; Value = ""; VariantName = "[No Variations]"
Change component parameters (AddParameter): Name = "Package"; Value = "0402"; VariantName = "[No Variations]"
Change component parameters (AddParameter): Name = "Part Number"; Value = "GMC04X6S106M6R3NT"; VariantName = "[No Variations]"
Change component parameters (AddParameter): Name = "Remark"; Value = ""; VariantName = "[No Variations]"
Change component parameters (AddParameter): Name = "RoHS"; Value = ""; VariantName = "[No Variations]"
Change component parameters (AddParameter): Name = "Sort order"; Value = "304"; VariantName = "[No Variations]"
Change component parameters (AddParameter): Name = "Source"; Value = ""; VariantName = "[No Variations]"
Change component parameters (AddParameter): Name = "System"; Value = "RLC"; VariantName = "[No Variations]"
Change component parameters (AddParameter): Name = "Temperature characteristics"; Value = "X6S"; VariantName = "[No Variations]"
Change component parameters (AddParameter): Name = "Tolerance"; Value = "+/-20%"; VariantName = "[No Variations]"
Change component parameters (AddParameter): Name = "Value"; Value = "10uF"; VariantName = "[No Variations]"
Change component parameters (AddParameter): Name = "Voltage"; Value = "6.3V"; VariantName = "[No Variations]"
Change component parameters: Designator = "C27" ("C27"); Footprint = "CAP_0201_UN1Q"; UniqueID = "\BRDGUIJC" ("\BRDGUIJC")
Change component parameters (AddParameter): Name = "Alternative component"; Value = "Allowed"; VariantName = "[No Variations]"
Change component parameters (AddParameter): Name = "ClassName"; Value = "SMALL"; VariantName = "[No Variations]"
Change component parameters (AddParameter): Name = "Component Type"; Value = "Capacitor"; VariantName = "[No Variations]"
Change component parameters (AddParameter): Name = "ComponentLink1Description"; Value = "1_Datasheet"; VariantName = "[No Variations]"
Change component parameters (AddParameter): Name = "ComponentLink1URL"; Value = ""; VariantName = "[No Variations]"
Change component parameters (AddParameter): Name = "ComponentLink2Description"; Value = "2_Product page"; VariantName = "[No Variations]"
Change component parameters (AddParameter): Name = "ComponentLink2URL"; Value = ""; VariantName = "[No Variations]"
Change component parameters (AddParameter): Name = "ComponentLink3Description"; Value = "3_X-information"; VariantName = "[No Variations]"
Change component parameters (AddParameter): Name = "ComponentLink3URL"; Value = ""; VariantName = "[No Variations]"
Change component parameters (AddParameter): Name = "ComponentLink4Description"; Value = "4_X-information"; VariantName = "[No Variations]"
Change component parameters (AddParameter): Name = "ComponentLink4URL"; Value = ""; VariantName = "[No Variations]"
Change component parameters (AddParameter): Name = "ComponentLink5Description"; Value = ""; VariantName = "[No Variations]"
Change component parameters (AddParameter): Name = "ComponentLink5URL"; Value = ""; VariantName = "[No Variations]"
Change component parameters (AddParameter): Name = "Creation date"; Value = "20190101"; VariantName = "[No Variations]"
Change component parameters (AddParameter): Name = "Dimensions WxLxH"; Value = ""; VariantName = "[No Variations]"
Change component parameters (AddParameter): Name = "ECCN"; Value = ""; VariantName = "[No Variations]"
Change component parameters (AddParameter): Name = "HasBeenBuilt"; Value = "False"; VariantName = "[No Variations]"
Change component parameters (AddParameter): Name = "Manufacturer"; Value = "KYOCERA AVX"; VariantName = "[No Variations]"
Change component parameters (AddParameter): Name = "Manufacturer Part Number"; Value = "KGM03CS61A105MH"; VariantName = "[No Variations]"
Change component parameters (AddParameter): Name = "Operating temperature range"; Value = "-55C to +105C"; VariantName = "[No Variations]"
Change component parameters (AddParameter): Name = "Package"; Value = "0201"; VariantName = "[No Variations]"
Change component parameters (AddParameter): Name = "Part Number"; Value = "KGM03CS61A105MH"; VariantName = "[No Variations]"
Change component parameters (AddParameter): Name = "Remark"; Value = ""; VariantName = "[No Variations]"
Change component parameters (AddParameter): Name = "RoHS"; Value = ""; VariantName = "[No Variations]"
Change component parameters (AddParameter): Name = "Sort order"; Value = "302"; VariantName = "[No Variations]"
Change component parameters (AddParameter): Name = "Source"; Value = "RLC_UN1Q.SchLib"; VariantName = "[No Variations]"
Change component parameters (AddParameter): Name = "System"; Value = "RLC"; VariantName = "[No Variations]"
Change component parameters (AddParameter): Name = "Temperature characteristics"; Value = "X6S"; VariantName = "[No Variations]"
Change component parameters (AddParameter): Name = "Tolerance"; Value = "+/-20%"; VariantName = "[No Variations]"
Change component parameters (AddParameter): Name = "Value"; Value = "1uF"; VariantName = "[No Variations]"
Change component parameters (AddParameter): Name = "Voltage"; Value = "10V"; VariantName = "[No Variations]"
Change component parameters: Designator = "C28" ("C28"); Footprint = "CAP_0201_UN1Q"; UniqueID = "\VQBEMBTK" ("\VQBEMBTK")
Change component parameters (AddParameter): Name = "Alternative component"; Value = "Allowed"; VariantName = "[No Variations]"
Change component parameters (AddParameter): Name = "ClassName"; Value = "SMALL"; VariantName = "[No Variations]"
Change component parameters (AddParameter): Name = "Component Type"; Value = "Capacitor"; VariantName = "[No Variations]"
Change component parameters (AddParameter): Name = "ComponentLink1Description"; Value = "1_Datasheet"; VariantName = "[No Variations]"
Change component parameters (AddParameter): Name = "ComponentLink1URL"; Value = ""; VariantName = "[No Variations]"
Change component parameters (AddParameter): Name = "ComponentLink2Description"; Value = "2_Product page"; VariantName = "[No Variations]"
Change component parameters (AddParameter): Name = "ComponentLink2URL"; Value = ""; VariantName = "[No Variations]"
Change component parameters (AddParameter): Name = "ComponentLink3Description"; Value = "3_X-information"; VariantName = "[No Variations]"
Change component parameters (AddParameter): Name = "ComponentLink3URL"; Value = ""; VariantName = "[No Variations]"
Change component parameters (AddParameter): Name = "ComponentLink4Description"; Value = "4_X-information"; VariantName = "[No Variations]"
Change component parameters (AddParameter): Name = "ComponentLink4URL"; Value = ""; VariantName = "[No Variations]"
Change component parameters (AddParameter): Name = "ComponentLink5Description"; Value = ""; VariantName = "[No Variations]"
Change component parameters (AddParameter): Name = "ComponentLink5URL"; Value = ""; VariantName = "[No Variations]"
Change component parameters (AddParameter): Name = "Creation date"; Value = "20190101"; VariantName = "[No Variations]"
Change component parameters (AddParameter): Name = "Dimensions WxLxH"; Value = ""; VariantName = "[No Variations]"
Change component parameters (AddParameter): Name = "ECCN"; Value = ""; VariantName = "[No Variations]"
Change component parameters (AddParameter): Name = "HasBeenBuilt"; Value = "False"; VariantName = "[No Variations]"
Change component parameters (AddParameter): Name = "Manufacturer"; Value = "KYOCERA AVX"; VariantName = "[No Variations]"
Change component parameters (AddParameter): Name = "Manufacturer Part Number"; Value = "KGM03CS61A105MH"; VariantName = "[No Variations]"
Change component parameters (AddParameter): Name = "Operating temperature range"; Value = "-55C to +105C"; VariantName = "[No Variations]"
Change component parameters (AddParameter): Name = "Package"; Value = "0201"; VariantName = "[No Variations]"
Change component parameters (AddParameter): Name = "Part Number"; Value = "KGM03CS61A105MH"; VariantName = "[No Variations]"
Change component parameters (AddParameter): Name = "Remark"; Value = ""; VariantName = "[No Variations]"
Change component parameters (AddParameter): Name = "RoHS"; Value = ""; VariantName = "[No Variations]"
Change component parameters (AddParameter): Name = "Sort order"; Value = "302"; VariantName = "[No Variations]"
Change component parameters (AddParameter): Name = "Source"; Value = "RLC_UN1Q.SchLib"; VariantName = "[No Variations]"
Change component parameters (AddParameter): Name = "System"; Value = "RLC"; VariantName = "[No Variations]"
Change component parameters (AddParameter): Name = "Temperature characteristics"; Value = "X6S"; VariantName = "[No Variations]"
Change component parameters (AddParameter): Name = "Tolerance"; Value = "+/-20%"; VariantName = "[No Variations]"
Change component parameters (AddParameter): Name = "Value"; Value = "1uF"; VariantName = "[No Variations]"
Change component parameters (AddParameter): Name = "Voltage"; Value = "10V"; VariantName = "[No Variations]"
Change component parameters: Designator = "C29" ("C29"); Footprint = "CAP_0201_UN1Q"; UniqueID = "\JMRRYTCZ" ("\JMRRYTCZ")
Change component parameters (AddParameter): Name = "Alternative component"; Value = "Allowed"; VariantName = "[No Variations]"
Change component parameters (AddParameter): Name = "ClassName"; Value = "SMALL"; VariantName = "[No Variations]"
Change component parameters (AddParameter): Name = "Component Type"; Value = "Capacitor"; VariantName = "[No Variations]"
Change component parameters (AddParameter): Name = "ComponentLink1Description"; Value = "1_Datasheet"; VariantName = "[No Variations]"
Change component parameters (AddParameter): Name = "ComponentLink1URL"; Value = ""; VariantName = "[No Variations]"
Change component parameters (AddParameter): Name = "ComponentLink2Description"; Value = "2_Product page"; VariantName = "[No Variations]"
Change component parameters (AddParameter): Name = "ComponentLink2URL"; Value = ""; VariantName = "[No Variations]"
Change component parameters (AddParameter): Name = "ComponentLink3Description"; Value = "3_X-information"; VariantName = "[No Variations]"
Change component parameters (AddParameter): Name = "ComponentLink3URL"; Value = ""; VariantName = "[No Variations]"
Change component parameters (AddParameter): Name = "ComponentLink4Description"; Value = "4_X-information"; VariantName = "[No Variations]"
Change component parameters (AddParameter): Name = "ComponentLink4URL"; Value = ""; VariantName = "[No Variations]"
Change component parameters (AddParameter): Name = "ComponentLink5Description"; Value = ""; VariantName = "[No Variations]"
Change component parameters (AddParameter): Name = "ComponentLink5URL"; Value = ""; VariantName = "[No Variations]"
Change component parameters (AddParameter): Name = "Creation date"; Value = "20190101"; VariantName = "[No Variations]"
Change component parameters (AddParameter): Name = "Dimensions WxLxH"; Value = ""; VariantName = "[No Variations]"
Change component parameters (AddParameter): Name = "ECCN"; Value = ""; VariantName = "[No Variations]"
Change component parameters (AddParameter): Name = "HasBeenBuilt"; Value = "False"; VariantName = "[No Variations]"
Change component parameters (AddParameter): Name = "Manufacturer"; Value = "KYOCERA AVX"; VariantName = "[No Variations]"
Change component parameters (AddParameter): Name = "Manufacturer Part Number"; Value = "KGM03CS61A105MH"; VariantName = "[No Variations]"
Change component parameters (AddParameter): Name = "Operating temperature range"; Value = "-55C to +105C"; VariantName = "[No Variations]"
Change component parameters (AddParameter): Name = "Package"; Value = "0201"; VariantName = "[No Variations]"
Change component parameters (AddParameter): Name = "Part Number"; Value = "KGM03CS61A105MH"; VariantName = "[No Variations]"
Change component parameters (AddParameter): Name = "Remark"; Value = ""; VariantName = "[No Variations]"
Change component parameters (AddParameter): Name = "RoHS"; Value = ""; VariantName = "[No Variations]"
Change component parameters (AddParameter): Name = "Sort order"; Value = "302"; VariantName = "[No Variations]"
Change component parameters (AddParameter): Name = "Source"; Value = "RLC_UN1Q.SchLib"; VariantName = "[No Variations]"
Change component parameters (AddParameter): Name = "System"; Value = "RLC"; VariantName = "[No Variations]"
Change component parameters (AddParameter): Name = "Temperature characteristics"; Value = "X6S"; VariantName = "[No Variations]"
Change component parameters (AddParameter): Name = "Tolerance"; Value = "+/-20%"; VariantName = "[No Variations]"
Change component parameters (AddParameter): Name = "Value"; Value = "1uF"; VariantName = "[No Variations]"
Change component parameters (AddParameter): Name = "Voltage"; Value = "10V"; VariantName = "[No Variations]"
Change component parameters: Designator = "C30" ("C30"); Footprint = "CAP_0402_H09W07_UN1Q"; UniqueID = "\FGURXSVL" ("\FGURXSVL")
Change component parameters (AddParameter): Name = "Alternative component"; Value = "Allowed"; VariantName = "[No Variations]"
Change component parameters (AddParameter): Name = "ClassName"; Value = ""; VariantName = "[No Variations]"
Change component parameters (AddParameter): Name = "Component Type"; Value = "Capacitor"; VariantName = "[No Variations]"
Change component parameters (AddParameter): Name = "ComponentLink1Description"; Value = "1_Datasheet"; VariantName = "[No Variations]"
Change component parameters (AddParameter): Name = "ComponentLink1URL"; Value = ""; VariantName = "[No Variations]"
Change component parameters (AddParameter): Name = "ComponentLink2Description"; Value = "2_Product page"; VariantName = "[No Variations]"
Change component parameters (AddParameter): Name = "ComponentLink2URL"; Value = ""; VariantName = "[No Variations]"
Change component parameters (AddParameter): Name = "ComponentLink3Description"; Value = "3_X-information"; VariantName = "[No Variations]"
Change component parameters (AddParameter): Name = "ComponentLink3URL"; Value = ""; VariantName = "[No Variations]"
Change component parameters (AddParameter): Name = "ComponentLink4Description"; Value = "4_X-information"; VariantName = "[No Variations]"
Change component parameters (AddParameter): Name = "ComponentLink4URL"; Value = ""; VariantName = "[No Variations]"
Change component parameters (AddParameter): Name = "Creation date"; Value = "26042024"; VariantName = "[No Variations]"
Change component parameters (AddParameter): Name = "Dimensions WxLxH"; Value = ""; VariantName = "[No Variations]"
Change component parameters (AddParameter): Name = "ECCN"; Value = ""; VariantName = "[No Variations]"
Change component parameters (AddParameter): Name = "HasBeenBuilt"; Value = "TBD"; VariantName = "[No Variations]"
Change component parameters (AddParameter): Name = "Manufacturer"; Value = "Cal-Chip Electronics"; VariantName = "[No Variations]"
Change component parameters (AddParameter): Name = "Manufacturer Part Number"; Value = "GMC04X6S106M6R3NT"; VariantName = "[No Variations]"
Change component parameters (AddParameter): Name = "Operating temperature range"; Value = ""; VariantName = "[No Variations]"
Change component parameters (AddParameter): Name = "Package"; Value = "0402"; VariantName = "[No Variations]"
Change component parameters (AddParameter): Name = "Part Number"; Value = "GMC04X6S106M6R3NT"; VariantName = "[No Variations]"
Change component parameters (AddParameter): Name = "Remark"; Value = ""; VariantName = "[No Variations]"
Change component parameters (AddParameter): Name = "RoHS"; Value = ""; VariantName = "[No Variations]"
Change component parameters (AddParameter): Name = "Sort order"; Value = "304"; VariantName = "[No Variations]"
Change component parameters (AddParameter): Name = "Source"; Value = ""; VariantName = "[No Variations]"
Change component parameters (AddParameter): Name = "System"; Value = "RLC"; VariantName = "[No Variations]"
Change component parameters (AddParameter): Name = "Temperature characteristics"; Value = "X6S"; VariantName = "[No Variations]"
Change component parameters (AddParameter): Name = "Tolerance"; Value = "+/-20%"; VariantName = "[No Variations]"
Change component parameters (AddParameter): Name = "Value"; Value = "10uF"; VariantName = "[No Variations]"
Change component parameters (AddParameter): Name = "Voltage"; Value = "6.3V"; VariantName = "[No Variations]"
Change component parameters: Designator = "C31" ("C31"); Footprint = "CAP_0201_UN1Q"; UniqueID = "\ZRTHHRNJ" ("\ZRTHHRNJ")
Change component parameters (AddParameter): Name = "Alternative component"; Value = "Allowed"; VariantName = "[No Variations]"
Change component parameters (AddParameter): Name = "ClassName"; Value = "SMALL"; VariantName = "[No Variations]"
Change component parameters (AddParameter): Name = "Component Type"; Value = "Capacitor"; VariantName = "[No Variations]"
Change component parameters (AddParameter): Name = "ComponentLink1Description"; Value = "1_Datasheet"; VariantName = "[No Variations]"
Change component parameters (AddParameter): Name = "ComponentLink1URL"; Value = ""; VariantName = "[No Variations]"
Change component parameters (AddParameter): Name = "ComponentLink2Description"; Value = "2_Product page"; VariantName = "[No Variations]"
Change component parameters (AddParameter): Name = "ComponentLink2URL"; Value = ""; VariantName = "[No Variations]"
Change component parameters (AddParameter): Name = "ComponentLink3Description"; Value = "3_X-information"; VariantName = "[No Variations]"
Change component parameters (AddParameter): Name = "ComponentLink3URL"; Value = ""; VariantName = "[No Variations]"
Change component parameters (AddParameter): Name = "ComponentLink4Description"; Value = "4_X-information"; VariantName = "[No Variations]"
Change component parameters (AddParameter): Name = "ComponentLink4URL"; Value = ""; VariantName = "[No Variations]"
Change component parameters (AddParameter): Name = "ComponentLink5Description"; Value = ""; VariantName = "[No Variations]"
Change component parameters (AddParameter): Name = "ComponentLink5URL"; Value = ""; VariantName = "[No Variations]"
Change component parameters (AddParameter): Name = "Creation date"; Value = "20190101"; VariantName = "[No Variations]"
Change component parameters (AddParameter): Name = "Dimensions WxLxH"; Value = ""; VariantName = "[No Variations]"
Change component parameters (AddParameter): Name = "ECCN"; Value = ""; VariantName = "[No Variations]"
Change component parameters (AddParameter): Name = "HasBeenBuilt"; Value = "False"; VariantName = "[No Variations]"
Change component parameters (AddParameter): Name = "Manufacturer"; Value = "KYOCERA AVX"; VariantName = "[No Variations]"
Change component parameters (AddParameter): Name = "Manufacturer Part Number"; Value = "KGM03CS61A105MH"; VariantName = "[No Variations]"
Change component parameters (AddParameter): Name = "Operating temperature range"; Value = "-55C to +105C"; VariantName = "[No Variations]"
Change component parameters (AddParameter): Name = "Package"; Value = "0201"; VariantName = "[No Variations]"
Change component parameters (AddParameter): Name = "Part Number"; Value = "KGM03CS61A105MH"; VariantName = "[No Variations]"
Change component parameters (AddParameter): Name = "Remark"; Value = ""; VariantName = "[No Variations]"
Change component parameters (AddParameter): Name = "RoHS"; Value = ""; VariantName = "[No Variations]"
Change component parameters (AddParameter): Name = "Sort order"; Value = "302"; VariantName = "[No Variations]"
Change component parameters (AddParameter): Name = "Source"; Value = "RLC_UN1Q.SchLib"; VariantName = "[No Variations]"
Change component parameters (AddParameter): Name = "System"; Value = "RLC"; VariantName = "[No Variations]"
Change component parameters (AddParameter): Name = "Temperature characteristics"; Value = "X6S"; VariantName = "[No Variations]"
Change component parameters (AddParameter): Name = "Tolerance"; Value = "+/-20%"; VariantName = "[No Variations]"
Change component parameters (AddParameter): Name = "Value"; Value = "1uF"; VariantName = "[No Variations]"
Change component parameters (AddParameter): Name = "Voltage"; Value = "10V"; VariantName = "[No Variations]"
Change component parameters: Designator = "C32" ("C32"); Footprint = "CAP_0201_UN1Q"; UniqueID = "\PWWECVMH" ("\PWWECVMH")
Change component parameters (AddParameter): Name = "Alternative component"; Value = "Allowed"; VariantName = "[No Variations]"
Change component parameters (AddParameter): Name = "ClassName"; Value = "SMALL"; VariantName = "[No Variations]"
Change component parameters (AddParameter): Name = "Component Type"; Value = "Capacitor"; VariantName = "[No Variations]"
Change component parameters (AddParameter): Name = "ComponentLink1Description"; Value = "1_Datasheet"; VariantName = "[No Variations]"
Change component parameters (AddParameter): Name = "ComponentLink1URL"; Value = ""; VariantName = "[No Variations]"
Change component parameters (AddParameter): Name = "ComponentLink2Description"; Value = "2_Product page"; VariantName = "[No Variations]"
Change component parameters (AddParameter): Name = "ComponentLink2URL"; Value = ""; VariantName = "[No Variations]"
Change component parameters (AddParameter): Name = "ComponentLink3Description"; Value = "3_X-information"; VariantName = "[No Variations]"
Change component parameters (AddParameter): Name = "ComponentLink3URL"; Value = ""; VariantName = "[No Variations]"
Change component parameters (AddParameter): Name = "ComponentLink4Description"; Value = "4_X-information"; VariantName = "[No Variations]"
Change component parameters (AddParameter): Name = "ComponentLink4URL"; Value = ""; VariantName = "[No Variations]"
Change component parameters (AddParameter): Name = "ComponentLink5Description"; Value = ""; VariantName = "[No Variations]"
Change component parameters (AddParameter): Name = "ComponentLink5URL"; Value = ""; VariantName = "[No Variations]"
Change component parameters (AddParameter): Name = "Creation date"; Value = "20190101"; VariantName = "[No Variations]"
Change component parameters (AddParameter): Name = "Dimensions WxLxH"; Value = ""; VariantName = "[No Variations]"
Change component parameters (AddParameter): Name = "ECCN"; Value = ""; VariantName = "[No Variations]"
Change component parameters (AddParameter): Name = "HasBeenBuilt"; Value = "False"; VariantName = "[No Variations]"
Change component parameters (AddParameter): Name = "Manufacturer"; Value = "KYOCERA AVX"; VariantName = "[No Variations]"
Change component parameters (AddParameter): Name = "Manufacturer Part Number"; Value = "KGM03CS61A105MH"; VariantName = "[No Variations]"
Change component parameters (AddParameter): Name = "Operating temperature range"; Value = "-55C to +105C"; VariantName = "[No Variations]"
Change component parameters (AddParameter): Name = "Package"; Value = "0201"; VariantName = "[No Variations]"
Change component parameters (AddParameter): Name = "Part Number"; Value = "KGM03CS61A105MH"; VariantName = "[No Variations]"
Change component parameters (AddParameter): Name = "Remark"; Value = ""; VariantName = "[No Variations]"
Change component parameters (AddParameter): Name = "RoHS"; Value = ""; VariantName = "[No Variations]"
Change component parameters (AddParameter): Name = "Sort order"; Value = "302"; VariantName = "[No Variations]"
Change component parameters (AddParameter): Name = "Source"; Value = "RLC_UN1Q.SchLib"; VariantName = "[No Variations]"
Change component parameters (AddParameter): Name = "System"; Value = "RLC"; VariantName = "[No Variations]"
Change component parameters (AddParameter): Name = "Temperature characteristics"; Value = "X6S"; VariantName = "[No Variations]"
Change component parameters (AddParameter): Name = "Tolerance"; Value = "+/-20%"; VariantName = "[No Variations]"
Change component parameters (AddParameter): Name = "Value"; Value = "1uF"; VariantName = "[No Variations]"
Change component parameters (AddParameter): Name = "Voltage"; Value = "10V"; VariantName = "[No Variations]"
Change component parameters: Designator = "C33" ("C33"); Footprint = "CAP_0201_UN1Q"; UniqueID = "\VUEUYJUL" ("\VUEUYJUL")
Change component parameters (AddParameter): Name = "Alternative component"; Value = "Allowed"; VariantName = "[No Variations]"
Change component parameters (AddParameter): Name = "ClassName"; Value = "SMALL"; VariantName = "[No Variations]"
Change component parameters (AddParameter): Name = "Component Type"; Value = "Capacitor"; VariantName = "[No Variations]"
Change component parameters (AddParameter): Name = "ComponentLink1Description"; Value = "1_Datasheet"; VariantName = "[No Variations]"
Change component parameters (AddParameter): Name = "ComponentLink1URL"; Value = ""; VariantName = "[No Variations]"
Change component parameters (AddParameter): Name = "ComponentLink2Description"; Value = "2_Product page"; VariantName = "[No Variations]"
Change component parameters (AddParameter): Name = "ComponentLink2URL"; Value = ""; VariantName = "[No Variations]"
Change component parameters (AddParameter): Name = "ComponentLink3Description"; Value = "3_X-information"; VariantName = "[No Variations]"
Change component parameters (AddParameter): Name = "ComponentLink3URL"; Value = ""; VariantName = "[No Variations]"
Change component parameters (AddParameter): Name = "ComponentLink4Description"; Value = "4_X-information"; VariantName = "[No Variations]"
Change component parameters (AddParameter): Name = "ComponentLink4URL"; Value = ""; VariantName = "[No Variations]"
Change component parameters (AddParameter): Name = "ComponentLink5Description"; Value = ""; VariantName = "[No Variations]"
Change component parameters (AddParameter): Name = "ComponentLink5URL"; Value = ""; VariantName = "[No Variations]"
Change component parameters (AddParameter): Name = "Creation date"; Value = "20190101"; VariantName = "[No Variations]"
Change component parameters (AddParameter): Name = "Dimensions WxLxH"; Value = ""; VariantName = "[No Variations]"
Change component parameters (AddParameter): Name = "ECCN"; Value = ""; VariantName = "[No Variations]"
Change component parameters (AddParameter): Name = "HasBeenBuilt"; Value = "False"; VariantName = "[No Variations]"
Change component parameters (AddParameter): Name = "Manufacturer"; Value = "KYOCERA AVX"; VariantName = "[No Variations]"
Change component parameters (AddParameter): Name = "Manufacturer Part Number"; Value = "KGM03CS61A105MH"; VariantName = "[No Variations]"
Change component parameters (AddParameter): Name = "Operating temperature range"; Value = "-55C to +105C"; VariantName = "[No Variations]"
Change component parameters (AddParameter): Name = "Package"; Value = "0201"; VariantName = "[No Variations]"
Change component parameters (AddParameter): Name = "Part Number"; Value = "KGM03CS61A105MH"; VariantName = "[No Variations]"
Change component parameters (AddParameter): Name = "Remark"; Value = ""; VariantName = "[No Variations]"
Change component parameters (AddParameter): Name = "RoHS"; Value = ""; VariantName = "[No Variations]"
Change component parameters (AddParameter): Name = "Sort order"; Value = "302"; VariantName = "[No Variations]"
Change component parameters (AddParameter): Name = "Source"; Value = "RLC_UN1Q.SchLib"; VariantName = "[No Variations]"
Change component parameters (AddParameter): Name = "System"; Value = "RLC"; VariantName = "[No Variations]"
Change component parameters (AddParameter): Name = "Temperature characteristics"; Value = "X6S"; VariantName = "[No Variations]"
Change component parameters (AddParameter): Name = "Tolerance"; Value = "+/-20%"; VariantName = "[No Variations]"
Change component parameters (AddParameter): Name = "Value"; Value = "1uF"; VariantName = "[No Variations]"
Change component parameters (AddParameter): Name = "Voltage"; Value = "10V"; VariantName = "[No Variations]"
Change component parameters: Designator = "C34" ("C34"); Footprint = "CAP_0201_UN1Q"; UniqueID = "\OXXHUOGZ" ("\OXXHUOGZ")
Change component parameters (AddParameter): Name = "Alternative component"; Value = "Allowed"; VariantName = "[No Variations]"
Change component parameters (AddParameter): Name = "ClassName"; Value = "SMALL"; VariantName = "[No Variations]"
Change component parameters (AddParameter): Name = "Component Type"; Value = "Capacitor"; VariantName = "[No Variations]"
Change component parameters (AddParameter): Name = "ComponentLink1Description"; Value = "1_Datasheet"; VariantName = "[No Variations]"
Change component parameters (AddParameter): Name = "ComponentLink1URL"; Value = ""; VariantName = "[No Variations]"
Change component parameters (AddParameter): Name = "ComponentLink2Description"; Value = "2_Product page"; VariantName = "[No Variations]"
Change component parameters (AddParameter): Name = "ComponentLink2URL"; Value = ""; VariantName = "[No Variations]"
Change component parameters (AddParameter): Name = "ComponentLink3Description"; Value = "3_X-information"; VariantName = "[No Variations]"
Change component parameters (AddParameter): Name = "ComponentLink3URL"; Value = ""; VariantName = "[No Variations]"
Change component parameters (AddParameter): Name = "ComponentLink4Description"; Value = "4_X-information"; VariantName = "[No Variations]"
Change component parameters (AddParameter): Name = "ComponentLink4URL"; Value = ""; VariantName = "[No Variations]"
Change component parameters (AddParameter): Name = "ComponentLink5Description"; Value = ""; VariantName = "[No Variations]"
Change component parameters (AddParameter): Name = "ComponentLink5URL"; Value = ""; VariantName = "[No Variations]"
Change component parameters (AddParameter): Name = "Creation date"; Value = "20190101"; VariantName = "[No Variations]"
Change component parameters (AddParameter): Name = "Dimensions WxLxH"; Value = ""; VariantName = "[No Variations]"
Change component parameters (AddParameter): Name = "ECCN"; Value = ""; VariantName = "[No Variations]"
Change component parameters (AddParameter): Name = "HasBeenBuilt"; Value = "False"; VariantName = "[No Variations]"
Change component parameters (AddParameter): Name = "Manufacturer"; Value = "KYOCERA AVX"; VariantName = "[No Variations]"
Change component parameters (AddParameter): Name = "Manufacturer Part Number"; Value = "KGM03CS61A105MH"; VariantName = "[No Variations]"
Change component parameters (AddParameter): Name = "Operating temperature range"; Value = "-55C to +105C"; VariantName = "[No Variations]"
Change component parameters (AddParameter): Name = "Package"; Value = "0201"; VariantName = "[No Variations]"
Change component parameters (AddParameter): Name = "Part Number"; Value = "KGM03CS61A105MH"; VariantName = "[No Variations]"
Change component parameters (AddParameter): Name = "Remark"; Value = ""; VariantName = "[No Variations]"
Change component parameters (AddParameter): Name = "RoHS"; Value = ""; VariantName = "[No Variations]"
Change component parameters (AddParameter): Name = "Sort order"; Value = "302"; VariantName = "[No Variations]"
Change component parameters (AddParameter): Name = "Source"; Value = "RLC_UN1Q.SchLib"; VariantName = "[No Variations]"
Change component parameters (AddParameter): Name = "System"; Value = "RLC"; VariantName = "[No Variations]"
Change component parameters (AddParameter): Name = "Temperature characteristics"; Value = "X6S"; VariantName = "[No Variations]"
Change component parameters (AddParameter): Name = "Tolerance"; Value = "+/-20%"; VariantName = "[No Variations]"
Change component parameters (AddParameter): Name = "Value"; Value = "1uF"; VariantName = "[No Variations]"
Change component parameters (AddParameter): Name = "Voltage"; Value = "10V"; VariantName = "[No Variations]"
Change component parameters: Designator = "C35" ("C35"); Footprint = "CAP_0402_H09W07_UN1Q"; UniqueID = "\ALHVDXUG" ("\ALHVDXUG")
Change component parameters (AddParameter): Name = "Alternative component"; Value = "Allowed"; VariantName = "[No Variations]"
Change component parameters (AddParameter): Name = "ClassName"; Value = ""; VariantName = "[No Variations]"
Change component parameters (AddParameter): Name = "Component Type"; Value = "Capacitor"; VariantName = "[No Variations]"
Change component parameters (AddParameter): Name = "ComponentLink1Description"; Value = "1_Datasheet"; VariantName = "[No Variations]"
Change component parameters (AddParameter): Name = "ComponentLink1URL"; Value = ""; VariantName = "[No Variations]"
Change component parameters (AddParameter): Name = "ComponentLink2Description"; Value = "2_Product page"; VariantName = "[No Variations]"
Change component parameters (AddParameter): Name = "ComponentLink2URL"; Value = ""; VariantName = "[No Variations]"
Change component parameters (AddParameter): Name = "ComponentLink3Description"; Value = "3_X-information"; VariantName = "[No Variations]"
Change component parameters (AddParameter): Name = "ComponentLink3URL"; Value = ""; VariantName = "[No Variations]"
Change component parameters (AddParameter): Name = "ComponentLink4Description"; Value = "4_X-information"; VariantName = "[No Variations]"
Change component parameters (AddParameter): Name = "ComponentLink4URL"; Value = ""; VariantName = "[No Variations]"
Change component parameters (AddParameter): Name = "Creation date"; Value = "26042024"; VariantName = "[No Variations]"
Change component parameters (AddParameter): Name = "Dimensions WxLxH"; Value = ""; VariantName = "[No Variations]"
Change component parameters (AddParameter): Name = "ECCN"; Value = ""; VariantName = "[No Variations]"
Change component parameters (AddParameter): Name = "HasBeenBuilt"; Value = "TBD"; VariantName = "[No Variations]"
Change component parameters (AddParameter): Name = "Manufacturer"; Value = "Cal-Chip Electronics"; VariantName = "[No Variations]"
Change component parameters (AddParameter): Name = "Manufacturer Part Number"; Value = "GMC04X6S106M6R3NT"; VariantName = "[No Variations]"
Change component parameters (AddParameter): Name = "Operating temperature range"; Value = ""; VariantName = "[No Variations]"
Change component parameters (AddParameter): Name = "Package"; Value = "0402"; VariantName = "[No Variations]"
Change component parameters (AddParameter): Name = "Part Number"; Value = "GMC04X6S106M6R3NT"; VariantName = "[No Variations]"
Change component parameters (AddParameter): Name = "Remark"; Value = ""; VariantName = "[No Variations]"
Change component parameters (AddParameter): Name = "RoHS"; Value = ""; VariantName = "[No Variations]"
Change component parameters (AddParameter): Name = "Sort order"; Value = "304"; VariantName = "[No Variations]"
Change component parameters (AddParameter): Name = "Source"; Value = ""; VariantName = "[No Variations]"
Change component parameters (AddParameter): Name = "System"; Value = "RLC"; VariantName = "[No Variations]"
Change component parameters (AddParameter): Name = "Temperature characteristics"; Value = "X6S"; VariantName = "[No Variations]"
Change component parameters (AddParameter): Name = "Tolerance"; Value = "+/-20%"; VariantName = "[No Variations]"
Change component parameters (AddParameter): Name = "Value"; Value = "10uF"; VariantName = "[No Variations]"
Change component parameters (AddParameter): Name = "Voltage"; Value = "6.3V"; VariantName = "[No Variations]"
Change component parameters: Designator = "C36" ("C36"); Footprint = "CAP_0201_UN1Q"; UniqueID = "\SRCPEHZR" ("\SRCPEHZR")
Change component parameters (AddParameter): Name = "Alternative component"; Value = "Allowed"; VariantName = "[No Variations]"
Change component parameters (AddParameter): Name = "ClassName"; Value = "SMALL"; VariantName = "[No Variations]"
Change component parameters (AddParameter): Name = "Component Type"; Value = "Capacitor"; VariantName = "[No Variations]"
Change component parameters (AddParameter): Name = "ComponentLink1Description"; Value = "1_Datasheet"; VariantName = "[No Variations]"
Change component parameters (AddParameter): Name = "ComponentLink1URL"; Value = ""; VariantName = "[No Variations]"
Change component parameters (AddParameter): Name = "ComponentLink2Description"; Value = "2_Product page"; VariantName = "[No Variations]"
Change component parameters (AddParameter): Name = "ComponentLink2URL"; Value = ""; VariantName = "[No Variations]"
Change component parameters (AddParameter): Name = "ComponentLink3Description"; Value = "3_X-information"; VariantName = "[No Variations]"
Change component parameters (AddParameter): Name = "ComponentLink3URL"; Value = ""; VariantName = "[No Variations]"
Change component parameters (AddParameter): Name = "ComponentLink4Description"; Value = "4_X-information"; VariantName = "[No Variations]"
Change component parameters (AddParameter): Name = "ComponentLink4URL"; Value = ""; VariantName = "[No Variations]"
Change component parameters (AddParameter): Name = "ComponentLink5Description"; Value = ""; VariantName = "[No Variations]"
Change component parameters (AddParameter): Name = "ComponentLink5URL"; Value = ""; VariantName = "[No Variations]"
Change component parameters (AddParameter): Name = "Creation date"; Value = "20190101"; VariantName = "[No Variations]"
Change component parameters (AddParameter): Name = "Dimensions WxLxH"; Value = ""; VariantName = "[No Variations]"
Change component parameters (AddParameter): Name = "ECCN"; Value = ""; VariantName = "[No Variations]"
Change component parameters (AddParameter): Name = "HasBeenBuilt"; Value = "False"; VariantName = "[No Variations]"
Change component parameters (AddParameter): Name = "Manufacturer"; Value = "KYOCERA AVX"; VariantName = "[No Variations]"
Change component parameters (AddParameter): Name = "Manufacturer Part Number"; Value = "KGM03CS61A105MH"; VariantName = "[No Variations]"
Change component parameters (AddParameter): Name = "Operating temperature range"; Value = "-55C to +105C"; VariantName = "[No Variations]"
Change component parameters (AddParameter): Name = "Package"; Value = "0201"; VariantName = "[No Variations]"
Change component parameters (AddParameter): Name = "Part Number"; Value = "KGM03CS61A105MH"; VariantName = "[No Variations]"
Change component parameters (AddParameter): Name = "Remark"; Value = ""; VariantName = "[No Variations]"
Change component parameters (AddParameter): Name = "RoHS"; Value = ""; VariantName = "[No Variations]"
Change component parameters (AddParameter): Name = "Sort order"; Value = "302"; VariantName = "[No Variations]"
Change component parameters (AddParameter): Name = "Source"; Value = "RLC_UN1Q.SchLib"; VariantName = "[No Variations]"
Change component parameters (AddParameter): Name = "System"; Value = "RLC"; VariantName = "[No Variations]"
Change component parameters (AddParameter): Name = "Temperature characteristics"; Value = "X6S"; VariantName = "[No Variations]"
Change component parameters (AddParameter): Name = "Tolerance"; Value = "+/-20%"; VariantName = "[No Variations]"
Change component parameters (AddParameter): Name = "Value"; Value = "1uF"; VariantName = "[No Variations]"
Change component parameters (AddParameter): Name = "Voltage"; Value = "10V"; VariantName = "[No Variations]"
Change component parameters: Designator = "C37" ("C37"); Footprint = "CAP_0201_UN1Q"; UniqueID = "\PNMSZCMZ" ("\PNMSZCMZ")
Change component parameters (AddParameter): Name = "Alternative component"; Value = "Allowed"; VariantName = "[No Variations]"
Change component parameters (AddParameter): Name = "ClassName"; Value = "SMALL"; VariantName = "[No Variations]"
Change component parameters (AddParameter): Name = "Component Type"; Value = "Capacitor"; VariantName = "[No Variations]"
Change component parameters (AddParameter): Name = "ComponentLink1Description"; Value = "1_Datasheet"; VariantName = "[No Variations]"
Change component parameters (AddParameter): Name = "ComponentLink1URL"; Value = ""; VariantName = "[No Variations]"
Change component parameters (AddParameter): Name = "ComponentLink2Description"; Value = "2_Product page"; VariantName = "[No Variations]"
Change component parameters (AddParameter): Name = "ComponentLink2URL"; Value = ""; VariantName = "[No Variations]"
Change component parameters (AddParameter): Name = "ComponentLink3Description"; Value = "3_X-information"; VariantName = "[No Variations]"
Change component parameters (AddParameter): Name = "ComponentLink3URL"; Value = ""; VariantName = "[No Variations]"
Change component parameters (AddParameter): Name = "ComponentLink4Description"; Value = "4_X-information"; VariantName = "[No Variations]"
Change component parameters (AddParameter): Name = "ComponentLink4URL"; Value = ""; VariantName = "[No Variations]"
Change component parameters (AddParameter): Name = "ComponentLink5Description"; Value = ""; VariantName = "[No Variations]"
Change component parameters (AddParameter): Name = "ComponentLink5URL"; Value = ""; VariantName = "[No Variations]"
Change component parameters (AddParameter): Name = "Creation date"; Value = "20190101"; VariantName = "[No Variations]"
Change component parameters (AddParameter): Name = "Dimensions WxLxH"; Value = ""; VariantName = "[No Variations]"
Change component parameters (AddParameter): Name = "ECCN"; Value = ""; VariantName = "[No Variations]"
Change component parameters (AddParameter): Name = "HasBeenBuilt"; Value = "False"; VariantName = "[No Variations]"
Change component parameters (AddParameter): Name = "Manufacturer"; Value = "KYOCERA AVX"; VariantName = "[No Variations]"
Change component parameters (AddParameter): Name = "Manufacturer Part Number"; Value = "KGM03CS61A105MH"; VariantName = "[No Variations]"
Change component parameters (AddParameter): Name = "Operating temperature range"; Value = "-55C to +105C"; VariantName = "[No Variations]"
Change component parameters (AddParameter): Name = "Package"; Value = "0201"; VariantName = "[No Variations]"
Change component parameters (AddParameter): Name = "Part Number"; Value = "KGM03CS61A105MH"; VariantName = "[No Variations]"
Change component parameters (AddParameter): Name = "Remark"; Value = ""; VariantName = "[No Variations]"
Change component parameters (AddParameter): Name = "RoHS"; Value = ""; VariantName = "[No Variations]"
Change component parameters (AddParameter): Name = "Sort order"; Value = "302"; VariantName = "[No Variations]"
Change component parameters (AddParameter): Name = "Source"; Value = "RLC_UN1Q.SchLib"; VariantName = "[No Variations]"
Change component parameters (AddParameter): Name = "System"; Value = "RLC"; VariantName = "[No Variations]"
Change component parameters (AddParameter): Name = "Temperature characteristics"; Value = "X6S"; VariantName = "[No Variations]"
Change component parameters (AddParameter): Name = "Tolerance"; Value = "+/-20%"; VariantName = "[No Variations]"
Change component parameters (AddParameter): Name = "Value"; Value = "1uF"; VariantName = "[No Variations]"
Change component parameters (AddParameter): Name = "Voltage"; Value = "10V"; VariantName = "[No Variations]"
Change component parameters: Designator = "C38" ("C38"); Footprint = "CAP_0201_UN1Q"; UniqueID = "\QNEKZRJQ" ("\QNEKZRJQ")
Change component parameters (AddParameter): Name = "Alternative component"; Value = "Allowed"; VariantName = "[No Variations]"
Change component parameters (AddParameter): Name = "ClassName"; Value = "SMALL"; VariantName = "[No Variations]"
Change component parameters (AddParameter): Name = "Component Type"; Value = "Capacitor"; VariantName = "[No Variations]"
Change component parameters (AddParameter): Name = "ComponentLink1Description"; Value = "1_Datasheet"; VariantName = "[No Variations]"
Change component parameters (AddParameter): Name = "ComponentLink1URL"; Value = ""; VariantName = "[No Variations]"
Change component parameters (AddParameter): Name = "ComponentLink2Description"; Value = "2_Product page"; VariantName = "[No Variations]"
Change component parameters (AddParameter): Name = "ComponentLink2URL"; Value = ""; VariantName = "[No Variations]"
Change component parameters (AddParameter): Name = "ComponentLink3Description"; Value = "3_X-information"; VariantName = "[No Variations]"
Change component parameters (AddParameter): Name = "ComponentLink3URL"; Value = ""; VariantName = "[No Variations]"
Change component parameters (AddParameter): Name = "ComponentLink4Description"; Value = "4_X-information"; VariantName = "[No Variations]"
Change component parameters (AddParameter): Name = "ComponentLink4URL"; Value = ""; VariantName = "[No Variations]"
Change component parameters (AddParameter): Name = "ComponentLink5Description"; Value = ""; VariantName = "[No Variations]"
Change component parameters (AddParameter): Name = "ComponentLink5URL"; Value = ""; VariantName = "[No Variations]"
Change component parameters (AddParameter): Name = "Creation date"; Value = "20190101"; VariantName = "[No Variations]"
Change component parameters (AddParameter): Name = "Dimensions WxLxH"; Value = ""; VariantName = "[No Variations]"
Change component parameters (AddParameter): Name = "ECCN"; Value = ""; VariantName = "[No Variations]"
Change component parameters (AddParameter): Name = "HasBeenBuilt"; Value = "False"; VariantName = "[No Variations]"
Change component parameters (AddParameter): Name = "Manufacturer"; Value = "KYOCERA AVX"; VariantName = "[No Variations]"
Change component parameters (AddParameter): Name = "Manufacturer Part Number"; Value = "KGM03CS61A105MH"; VariantName = "[No Variations]"
Change component parameters (AddParameter): Name = "Operating temperature range"; Value = "-55C to +105C"; VariantName = "[No Variations]"
Change component parameters (AddParameter): Name = "Package"; Value = "0201"; VariantName = "[No Variations]"
Change component parameters (AddParameter): Name = "Part Number"; Value = "KGM03CS61A105MH"; VariantName = "[No Variations]"
Change component parameters (AddParameter): Name = "Remark"; Value = ""; VariantName = "[No Variations]"
Change component parameters (AddParameter): Name = "RoHS"; Value = ""; VariantName = "[No Variations]"
Change component parameters (AddParameter): Name = "Sort order"; Value = "302"; VariantName = "[No Variations]"
Change component parameters (AddParameter): Name = "Source"; Value = "RLC_UN1Q.SchLib"; VariantName = "[No Variations]"
Change component parameters (AddParameter): Name = "System"; Value = "RLC"; VariantName = "[No Variations]"
Change component parameters (AddParameter): Name = "Temperature characteristics"; Value = "X6S"; VariantName = "[No Variations]"
Change component parameters (AddParameter): Name = "Tolerance"; Value = "+/-20%"; VariantName = "[No Variations]"
Change component parameters (AddParameter): Name = "Value"; Value = "1uF"; VariantName = "[No Variations]"
Change component parameters (AddParameter): Name = "Voltage"; Value = "10V"; VariantName = "[No Variations]"
Change component parameters: Designator = "C39" ("C39"); Footprint = "CAP_0201_UN1Q"; UniqueID = "\QBRATWNW" ("\QBRATWNW")
Change component parameters (AddParameter): Name = "Alternative component"; Value = "Allowed"; VariantName = "[No Variations]"
Change component parameters (AddParameter): Name = "ClassName"; Value = "SMALL"; VariantName = "[No Variations]"
Change component parameters (AddParameter): Name = "Component Type"; Value = "Capacitor"; VariantName = "[No Variations]"
Change component parameters (AddParameter): Name = "ComponentLink1Description"; Value = "1_Datasheet"; VariantName = "[No Variations]"
Change component parameters (AddParameter): Name = "ComponentLink1URL"; Value = ""; VariantName = "[No Variations]"
Change component parameters (AddParameter): Name = "ComponentLink2Description"; Value = "2_Product page"; VariantName = "[No Variations]"
Change component parameters (AddParameter): Name = "ComponentLink2URL"; Value = ""; VariantName = "[No Variations]"
Change component parameters (AddParameter): Name = "ComponentLink3Description"; Value = "3_X-information"; VariantName = "[No Variations]"
Change component parameters (AddParameter): Name = "ComponentLink3URL"; Value = ""; VariantName = "[No Variations]"
Change component parameters (AddParameter): Name = "ComponentLink4Description"; Value = "4_X-information"; VariantName = "[No Variations]"
Change component parameters (AddParameter): Name = "ComponentLink4URL"; Value = ""; VariantName = "[No Variations]"
Change component parameters (AddParameter): Name = "ComponentLink5Description"; Value = ""; VariantName = "[No Variations]"
Change component parameters (AddParameter): Name = "ComponentLink5URL"; Value = ""; VariantName = "[No Variations]"
Change component parameters (AddParameter): Name = "Creation date"; Value = "20190101"; VariantName = "[No Variations]"
Change component parameters (AddParameter): Name = "Dimensions WxLxH"; Value = ""; VariantName = "[No Variations]"
Change component parameters (AddParameter): Name = "ECCN"; Value = ""; VariantName = "[No Variations]"
Change component parameters (AddParameter): Name = "HasBeenBuilt"; Value = "False"; VariantName = "[No Variations]"
Change component parameters (AddParameter): Name = "Manufacturer"; Value = "KYOCERA AVX"; VariantName = "[No Variations]"
Change component parameters (AddParameter): Name = "Manufacturer Part Number"; Value = "KGM03CS61A105MH"; VariantName = "[No Variations]"
Change component parameters (AddParameter): Name = "Operating temperature range"; Value = "-55C to +105C"; VariantName = "[No Variations]"
Change component parameters (AddParameter): Name = "Package"; Value = "0201"; VariantName = "[No Variations]"
Change component parameters (AddParameter): Name = "Part Number"; Value = "KGM03CS61A105MH"; VariantName = "[No Variations]"
Change component parameters (AddParameter): Name = "Remark"; Value = ""; VariantName = "[No Variations]"
Change component parameters (AddParameter): Name = "RoHS"; Value = ""; VariantName = "[No Variations]"
Change component parameters (AddParameter): Name = "Sort order"; Value = "302"; VariantName = "[No Variations]"
Change component parameters (AddParameter): Name = "Source"; Value = "RLC_UN1Q.SchLib"; VariantName = "[No Variations]"
Change component parameters (AddParameter): Name = "System"; Value = "RLC"; VariantName = "[No Variations]"
Change component parameters (AddParameter): Name = "Temperature characteristics"; Value = "X6S"; VariantName = "[No Variations]"
Change component parameters (AddParameter): Name = "Tolerance"; Value = "+/-20%"; VariantName = "[No Variations]"
Change component parameters (AddParameter): Name = "Value"; Value = "1uF"; VariantName = "[No Variations]"
Change component parameters (AddParameter): Name = "Voltage"; Value = "10V"; VariantName = "[No Variations]"
Change component parameters: Designator = "C40" ("C40"); Footprint = "CAP_0201_UN1Q"; UniqueID = "\PCOVZQIX" ("\PCOVZQIX")
Change component parameters (AddParameter): Name = "Alternative component"; Value = "Allowed"; VariantName = "[No Variations]"
Change component parameters (AddParameter): Name = "ClassName"; Value = "SMALL"; VariantName = "[No Variations]"
Change component parameters (AddParameter): Name = "Component Type"; Value = "Capacitor"; VariantName = "[No Variations]"
Change component parameters (AddParameter): Name = "ComponentLink1Description"; Value = "1_Datasheet"; VariantName = "[No Variations]"
Change component parameters (AddParameter): Name = "ComponentLink1URL"; Value = ""; VariantName = "[No Variations]"
Change component parameters (AddParameter): Name = "ComponentLink2Description"; Value = "2_Product page"; VariantName = "[No Variations]"
Change component parameters (AddParameter): Name = "ComponentLink2URL"; Value = ""; VariantName = "[No Variations]"
Change component parameters (AddParameter): Name = "ComponentLink3Description"; Value = "3_X-information"; VariantName = "[No Variations]"
Change component parameters (AddParameter): Name = "ComponentLink3URL"; Value = ""; VariantName = "[No Variations]"
Change component parameters (AddParameter): Name = "ComponentLink4Description"; Value = "4_X-information"; VariantName = "[No Variations]"
Change component parameters (AddParameter): Name = "ComponentLink4URL"; Value = ""; VariantName = "[No Variations]"
Change component parameters (AddParameter): Name = "ComponentLink5Description"; Value = ""; VariantName = "[No Variations]"
Change component parameters (AddParameter): Name = "ComponentLink5URL"; Value = ""; VariantName = "[No Variations]"
Change component parameters (AddParameter): Name = "Creation date"; Value = "20190101"; VariantName = "[No Variations]"
Change component parameters (AddParameter): Name = "Dimensions WxLxH"; Value = ""; VariantName = "[No Variations]"
Change component parameters (AddParameter): Name = "ECCN"; Value = ""; VariantName = "[No Variations]"
Change component parameters (AddParameter): Name = "HasBeenBuilt"; Value = "False"; VariantName = "[No Variations]"
Change component parameters (AddParameter): Name = "Manufacturer"; Value = "KYOCERA AVX"; VariantName = "[No Variations]"
Change component parameters (AddParameter): Name = "Manufacturer Part Number"; Value = "KGM03CS61A105MH"; VariantName = "[No Variations]"
Change component parameters (AddParameter): Name = "Operating temperature range"; Value = "-55C to +105C"; VariantName = "[No Variations]"
Change component parameters (AddParameter): Name = "Package"; Value = "0201"; VariantName = "[No Variations]"
Change component parameters (AddParameter): Name = "Part Number"; Value = "KGM03CS61A105MH"; VariantName = "[No Variations]"
Change component parameters (AddParameter): Name = "Remark"; Value = ""; VariantName = "[No Variations]"
Change component parameters (AddParameter): Name = "RoHS"; Value = ""; VariantName = "[No Variations]"
Change component parameters (AddParameter): Name = "Sort order"; Value = "302"; VariantName = "[No Variations]"
Change component parameters (AddParameter): Name = "Source"; Value = "RLC_UN1Q.SchLib"; VariantName = "[No Variations]"
Change component parameters (AddParameter): Name = "System"; Value = "RLC"; VariantName = "[No Variations]"
Change component parameters (AddParameter): Name = "Temperature characteristics"; Value = "X6S"; VariantName = "[No Variations]"
Change component parameters (AddParameter): Name = "Tolerance"; Value = "+/-20%"; VariantName = "[No Variations]"
Change component parameters (AddParameter): Name = "Value"; Value = "1uF"; VariantName = "[No Variations]"
Change component parameters (AddParameter): Name = "Voltage"; Value = "10V"; VariantName = "[No Variations]"
Change component parameters: Designator = "C41" ("C41"); Footprint = "CAP_0201_UN1Q"; UniqueID = "\TNRYWEQA" ("\TNRYWEQA")
Change component parameters (AddParameter): Name = "Alternative component"; Value = "Allowed"; VariantName = "[No Variations]"
Change component parameters (AddParameter): Name = "ClassName"; Value = "SMALL"; VariantName = "[No Variations]"
Change component parameters (AddParameter): Name = "Component Type"; Value = "Capacitor"; VariantName = "[No Variations]"
Change component parameters (AddParameter): Name = "ComponentLink1Description"; Value = "1_Datasheet"; VariantName = "[No Variations]"
Change component parameters (AddParameter): Name = "ComponentLink1URL"; Value = ""; VariantName = "[No Variations]"
Change component parameters (AddParameter): Name = "ComponentLink2Description"; Value = "2_Product page"; VariantName = "[No Variations]"
Change component parameters (AddParameter): Name = "ComponentLink2URL"; Value = ""; VariantName = "[No Variations]"
Change component parameters (AddParameter): Name = "ComponentLink3Description"; Value = "3_X-information"; VariantName = "[No Variations]"
Change component parameters (AddParameter): Name = "ComponentLink3URL"; Value = ""; VariantName = "[No Variations]"
Change component parameters (AddParameter): Name = "ComponentLink4Description"; Value = "4_X-information"; VariantName = "[No Variations]"
Change component parameters (AddParameter): Name = "ComponentLink4URL"; Value = ""; VariantName = "[No Variations]"
Change component parameters (AddParameter): Name = "ComponentLink5Description"; Value = ""; VariantName = "[No Variations]"
Change component parameters (AddParameter): Name = "ComponentLink5URL"; Value = ""; VariantName = "[No Variations]"
Change component parameters (AddParameter): Name = "Creation date"; Value = "20190101"; VariantName = "[No Variations]"
Change component parameters (AddParameter): Name = "Dimensions WxLxH"; Value = ""; VariantName = "[No Variations]"
Change component parameters (AddParameter): Name = "ECCN"; Value = ""; VariantName = "[No Variations]"
Change component parameters (AddParameter): Name = "HasBeenBuilt"; Value = "False"; VariantName = "[No Variations]"
Change component parameters (AddParameter): Name = "Manufacturer"; Value = "KYOCERA AVX"; VariantName = "[No Variations]"
Change component parameters (AddParameter): Name = "Manufacturer Part Number"; Value = "KGM03CS61A105MH"; VariantName = "[No Variations]"
Change component parameters (AddParameter): Name = "Operating temperature range"; Value = "-55C to +105C"; VariantName = "[No Variations]"
Change component parameters (AddParameter): Name = "Package"; Value = "0201"; VariantName = "[No Variations]"
Change component parameters (AddParameter): Name = "Part Number"; Value = "KGM03CS61A105MH"; VariantName = "[No Variations]"
Change component parameters (AddParameter): Name = "Remark"; Value = ""; VariantName = "[No Variations]"
Change component parameters (AddParameter): Name = "RoHS"; Value = ""; VariantName = "[No Variations]"
Change component parameters (AddParameter): Name = "Sort order"; Value = "302"; VariantName = "[No Variations]"
Change component parameters (AddParameter): Name = "Source"; Value = "RLC_UN1Q.SchLib"; VariantName = "[No Variations]"
Change component parameters (AddParameter): Name = "System"; Value = "RLC"; VariantName = "[No Variations]"
Change component parameters (AddParameter): Name = "Temperature characteristics"; Value = "X6S"; VariantName = "[No Variations]"
Change component parameters (AddParameter): Name = "Tolerance"; Value = "+/-20%"; VariantName = "[No Variations]"
Change component parameters (AddParameter): Name = "Value"; Value = "1uF"; VariantName = "[No Variations]"
Change component parameters (AddParameter): Name = "Voltage"; Value = "10V"; VariantName = "[No Variations]"
Change component parameters: Designator = "C42" ("C42"); Footprint = "CAP_0201_UN1Q"; UniqueID = "\JIPUAZIL" ("\JIPUAZIL")
Change component parameters (AddParameter): Name = "Alternative component"; Value = "Allowed"; VariantName = "[No Variations]"
Change component parameters (AddParameter): Name = "ClassName"; Value = "SMALL"; VariantName = "[No Variations]"
Change component parameters (AddParameter): Name = "Component Type"; Value = "Capacitor"; VariantName = "[No Variations]"
Change component parameters (AddParameter): Name = "ComponentLink1Description"; Value = "1_Datasheet"; VariantName = "[No Variations]"
Change component parameters (AddParameter): Name = "ComponentLink1URL"; Value = ""; VariantName = "[No Variations]"
Change component parameters (AddParameter): Name = "ComponentLink2Description"; Value = "2_Product page"; VariantName = "[No Variations]"
Change component parameters (AddParameter): Name = "ComponentLink2URL"; Value = ""; VariantName = "[No Variations]"
Change component parameters (AddParameter): Name = "ComponentLink3Description"; Value = "3_X-information"; VariantName = "[No Variations]"
Change component parameters (AddParameter): Name = "ComponentLink3URL"; Value = ""; VariantName = "[No Variations]"
Change component parameters (AddParameter): Name = "ComponentLink4Description"; Value = "4_X-information"; VariantName = "[No Variations]"
Change component parameters (AddParameter): Name = "ComponentLink4URL"; Value = ""; VariantName = "[No Variations]"
Change component parameters (AddParameter): Name = "ComponentLink5Description"; Value = ""; VariantName = "[No Variations]"
Change component parameters (AddParameter): Name = "ComponentLink5URL"; Value = ""; VariantName = "[No Variations]"
Change component parameters (AddParameter): Name = "Creation date"; Value = "20190101"; VariantName = "[No Variations]"
Change component parameters (AddParameter): Name = "Dimensions WxLxH"; Value = ""; VariantName = "[No Variations]"
Change component parameters (AddParameter): Name = "ECCN"; Value = ""; VariantName = "[No Variations]"
Change component parameters (AddParameter): Name = "HasBeenBuilt"; Value = "False"; VariantName = "[No Variations]"
Change component parameters (AddParameter): Name = "Manufacturer"; Value = "KYOCERA AVX"; VariantName = "[No Variations]"
Change component parameters (AddParameter): Name = "Manufacturer Part Number"; Value = "KGM03CS61A105MH"; VariantName = "[No Variations]"
Change component parameters (AddParameter): Name = "Operating temperature range"; Value = "-55C to +105C"; VariantName = "[No Variations]"
Change component parameters (AddParameter): Name = "Package"; Value = "0201"; VariantName = "[No Variations]"
Change component parameters (AddParameter): Name = "Part Number"; Value = "KGM03CS61A105MH"; VariantName = "[No Variations]"
Change component parameters (AddParameter): Name = "Remark"; Value = ""; VariantName = "[No Variations]"
Change component parameters (AddParameter): Name = "RoHS"; Value = ""; VariantName = "[No Variations]"
Change component parameters (AddParameter): Name = "Sort order"; Value = "302"; VariantName = "[No Variations]"
Change component parameters (AddParameter): Name = "Source"; Value = "RLC_UN1Q.SchLib"; VariantName = "[No Variations]"
Change component parameters (AddParameter): Name = "System"; Value = "RLC"; VariantName = "[No Variations]"
Change component parameters (AddParameter): Name = "Temperature characteristics"; Value = "X6S"; VariantName = "[No Variations]"
Change component parameters (AddParameter): Name = "Tolerance"; Value = "+/-20%"; VariantName = "[No Variations]"
Change component parameters (AddParameter): Name = "Value"; Value = "1uF"; VariantName = "[No Variations]"
Change component parameters (AddParameter): Name = "Voltage"; Value = "10V"; VariantName = "[No Variations]"
Change component parameters: Designator = "C43" ("C43"); Footprint = "CAP_0402_H09W07_UN1Q"; UniqueID = "\MLJMGCKM" ("\MLJMGCKM")
Change component parameters (AddParameter): Name = "Alternative component"; Value = "Allowed"; VariantName = "[No Variations]"
Change component parameters (AddParameter): Name = "ClassName"; Value = ""; VariantName = "[No Variations]"
Change component parameters (AddParameter): Name = "Component Type"; Value = "Capacitor"; VariantName = "[No Variations]"
Change component parameters (AddParameter): Name = "ComponentLink1Description"; Value = "1_Datasheet"; VariantName = "[No Variations]"
Change component parameters (AddParameter): Name = "ComponentLink1URL"; Value = ""; VariantName = "[No Variations]"
Change component parameters (AddParameter): Name = "ComponentLink2Description"; Value = "2_Product page"; VariantName = "[No Variations]"
Change component parameters (AddParameter): Name = "ComponentLink2URL"; Value = ""; VariantName = "[No Variations]"
Change component parameters (AddParameter): Name = "ComponentLink3Description"; Value = "3_X-information"; VariantName = "[No Variations]"
Change component parameters (AddParameter): Name = "ComponentLink3URL"; Value = ""; VariantName = "[No Variations]"
Change component parameters (AddParameter): Name = "ComponentLink4Description"; Value = "4_X-information"; VariantName = "[No Variations]"
Change component parameters (AddParameter): Name = "ComponentLink4URL"; Value = ""; VariantName = "[No Variations]"
Change component parameters (AddParameter): Name = "Creation date"; Value = "26042024"; VariantName = "[No Variations]"
Change component parameters (AddParameter): Name = "Dimensions WxLxH"; Value = ""; VariantName = "[No Variations]"
Change component parameters (AddParameter): Name = "ECCN"; Value = ""; VariantName = "[No Variations]"
Change component parameters (AddParameter): Name = "HasBeenBuilt"; Value = "TBD"; VariantName = "[No Variations]"
Change component parameters (AddParameter): Name = "Manufacturer"; Value = "Cal-Chip Electronics"; VariantName = "[No Variations]"
Change component parameters (AddParameter): Name = "Manufacturer Part Number"; Value = "GMC04X6S106M6R3NT"; VariantName = "[No Variations]"
Change component parameters (AddParameter): Name = "Operating temperature range"; Value = ""; VariantName = "[No Variations]"
Change component parameters (AddParameter): Name = "Package"; Value = "0402"; VariantName = "[No Variations]"
Change component parameters (AddParameter): Name = "Part Number"; Value = "GMC04X6S106M6R3NT"; VariantName = "[No Variations]"
Change component parameters (AddParameter): Name = "Remark"; Value = ""; VariantName = "[No Variations]"
Change component parameters (AddParameter): Name = "RoHS"; Value = ""; VariantName = "[No Variations]"
Change component parameters (AddParameter): Name = "Sort order"; Value = "304"; VariantName = "[No Variations]"
Change component parameters (AddParameter): Name = "Source"; Value = ""; VariantName = "[No Variations]"
Change component parameters (AddParameter): Name = "System"; Value = "RLC"; VariantName = "[No Variations]"
Change component parameters (AddParameter): Name = "Temperature characteristics"; Value = "X6S"; VariantName = "[No Variations]"
Change component parameters (AddParameter): Name = "Tolerance"; Value = "+/-20%"; VariantName = "[No Variations]"
Change component parameters (AddParameter): Name = "Value"; Value = "10uF"; VariantName = "[No Variations]"
Change component parameters (AddParameter): Name = "Voltage"; Value = "6.3V"; VariantName = "[No Variations]"
Change component parameters: Designator = "C44" ("C44"); Footprint = "CAP_0201_UN1Q"; UniqueID = "\XOBDXZKY" ("\XOBDXZKY")
Change component parameters (AddParameter): Name = "Alternative component"; Value = "Allowed"; VariantName = "[No Variations]"
Change component parameters (AddParameter): Name = "ClassName"; Value = "SMALL"; VariantName = "[No Variations]"
Change component parameters (AddParameter): Name = "Component Type"; Value = "Capacitor"; VariantName = "[No Variations]"
Change component parameters (AddParameter): Name = "ComponentLink1Description"; Value = "1_Datasheet"; VariantName = "[No Variations]"
Change component parameters (AddParameter): Name = "ComponentLink1URL"; Value = ""; VariantName = "[No Variations]"
Change component parameters (AddParameter): Name = "ComponentLink2Description"; Value = "2_Product page"; VariantName = "[No Variations]"
Change component parameters (AddParameter): Name = "ComponentLink2URL"; Value = ""; VariantName = "[No Variations]"
Change component parameters (AddParameter): Name = "ComponentLink3Description"; Value = "3_X-information"; VariantName = "[No Variations]"
Change component parameters (AddParameter): Name = "ComponentLink3URL"; Value = ""; VariantName = "[No Variations]"
Change component parameters (AddParameter): Name = "ComponentLink4Description"; Value = "4_X-information"; VariantName = "[No Variations]"
Change component parameters (AddParameter): Name = "ComponentLink4URL"; Value = ""; VariantName = "[No Variations]"
Change component parameters (AddParameter): Name = "ComponentLink5Description"; Value = ""; VariantName = "[No Variations]"
Change component parameters (AddParameter): Name = "ComponentLink5URL"; Value = ""; VariantName = "[No Variations]"
Change component parameters (AddParameter): Name = "Creation date"; Value = "20190101"; VariantName = "[No Variations]"
Change component parameters (AddParameter): Name = "Dimensions WxLxH"; Value = ""; VariantName = "[No Variations]"
Change component parameters (AddParameter): Name = "ECCN"; Value = ""; VariantName = "[No Variations]"
Change component parameters (AddParameter): Name = "HasBeenBuilt"; Value = "False"; VariantName = "[No Variations]"
Change component parameters (AddParameter): Name = "Manufacturer"; Value = "KYOCERA AVX"; VariantName = "[No Variations]"
Change component parameters (AddParameter): Name = "Manufacturer Part Number"; Value = "KGM03CS61A105MH"; VariantName = "[No Variations]"
Change component parameters (AddParameter): Name = "Operating temperature range"; Value = "-55C to +105C"; VariantName = "[No Variations]"
Change component parameters (AddParameter): Name = "Package"; Value = "0201"; VariantName = "[No Variations]"
Change component parameters (AddParameter): Name = "Part Number"; Value = "KGM03CS61A105MH"; VariantName = "[No Variations]"
Change component parameters (AddParameter): Name = "Remark"; Value = ""; VariantName = "[No Variations]"
Change component parameters (AddParameter): Name = "RoHS"; Value = ""; VariantName = "[No Variations]"
Change component parameters (AddParameter): Name = "Sort order"; Value = "302"; VariantName = "[No Variations]"
Change component parameters (AddParameter): Name = "Source"; Value = "RLC_UN1Q.SchLib"; VariantName = "[No Variations]"
Change component parameters (AddParameter): Name = "System"; Value = "RLC"; VariantName = "[No Variations]"
Change component parameters (AddParameter): Name = "Temperature characteristics"; Value = "X6S"; VariantName = "[No Variations]"
Change component parameters (AddParameter): Name = "Tolerance"; Value = "+/-20%"; VariantName = "[No Variations]"
Change component parameters (AddParameter): Name = "Value"; Value = "1uF"; VariantName = "[No Variations]"
Change component parameters (AddParameter): Name = "Voltage"; Value = "10V"; VariantName = "[No Variations]"
Change component parameters: Designator = "C45" ("C45"); Footprint = "CAP_0201_UN1Q"; UniqueID = "\KRKWBCLI" ("\KRKWBCLI")
Change component parameters (AddParameter): Name = "Alternative component"; Value = "Allowed"; VariantName = "[No Variations]"
Change component parameters (AddParameter): Name = "ClassName"; Value = "SMALL"; VariantName = "[No Variations]"
Change component parameters (AddParameter): Name = "Component Type"; Value = "Capacitor"; VariantName = "[No Variations]"
Change component parameters (AddParameter): Name = "ComponentLink1Description"; Value = "1_Datasheet"; VariantName = "[No Variations]"
Change component parameters (AddParameter): Name = "ComponentLink1URL"; Value = ""; VariantName = "[No Variations]"
Change component parameters (AddParameter): Name = "ComponentLink2Description"; Value = "2_Product page"; VariantName = "[No Variations]"
Change component parameters (AddParameter): Name = "ComponentLink2URL"; Value = ""; VariantName = "[No Variations]"
Change component parameters (AddParameter): Name = "ComponentLink3Description"; Value = "3_X-information"; VariantName = "[No Variations]"
Change component parameters (AddParameter): Name = "ComponentLink3URL"; Value = ""; VariantName = "[No Variations]"
Change component parameters (AddParameter): Name = "ComponentLink4Description"; Value = "4_X-information"; VariantName = "[No Variations]"
Change component parameters (AddParameter): Name = "ComponentLink4URL"; Value = ""; VariantName = "[No Variations]"
Change component parameters (AddParameter): Name = "ComponentLink5Description"; Value = ""; VariantName = "[No Variations]"
Change component parameters (AddParameter): Name = "ComponentLink5URL"; Value = ""; VariantName = "[No Variations]"
Change component parameters (AddParameter): Name = "Creation date"; Value = "20190101"; VariantName = "[No Variations]"
Change component parameters (AddParameter): Name = "Dimensions WxLxH"; Value = ""; VariantName = "[No Variations]"
Change component parameters (AddParameter): Name = "ECCN"; Value = ""; VariantName = "[No Variations]"
Change component parameters (AddParameter): Name = "HasBeenBuilt"; Value = "False"; VariantName = "[No Variations]"
Change component parameters (AddParameter): Name = "Manufacturer"; Value = "KYOCERA AVX"; VariantName = "[No Variations]"
Change component parameters (AddParameter): Name = "Manufacturer Part Number"; Value = "KGM03CS61A105MH"; VariantName = "[No Variations]"
Change component parameters (AddParameter): Name = "Operating temperature range"; Value = "-55C to +105C"; VariantName = "[No Variations]"
Change component parameters (AddParameter): Name = "Package"; Value = "0201"; VariantName = "[No Variations]"
Change component parameters (AddParameter): Name = "Part Number"; Value = "KGM03CS61A105MH"; VariantName = "[No Variations]"
Change component parameters (AddParameter): Name = "Remark"; Value = ""; VariantName = "[No Variations]"
Change component parameters (AddParameter): Name = "RoHS"; Value = ""; VariantName = "[No Variations]"
Change component parameters (AddParameter): Name = "Sort order"; Value = "302"; VariantName = "[No Variations]"
Change component parameters (AddParameter): Name = "Source"; Value = "RLC_UN1Q.SchLib"; VariantName = "[No Variations]"
Change component parameters (AddParameter): Name = "System"; Value = "RLC"; VariantName = "[No Variations]"
Change component parameters (AddParameter): Name = "Temperature characteristics"; Value = "X6S"; VariantName = "[No Variations]"
Change component parameters (AddParameter): Name = "Tolerance"; Value = "+/-20%"; VariantName = "[No Variations]"
Change component parameters (AddParameter): Name = "Value"; Value = "1uF"; VariantName = "[No Variations]"
Change component parameters (AddParameter): Name = "Voltage"; Value = "10V"; VariantName = "[No Variations]"
Change component parameters: Designator = "C46" ("C46"); Footprint = "CAP_0201_UN1Q"; UniqueID = "\LGGATBNC" ("\LGGATBNC")
Change component parameters (AddParameter): Name = "Alternative component"; Value = "Allowed"; VariantName = "[No Variations]"
Change component parameters (AddParameter): Name = "ClassName"; Value = "SMALL"; VariantName = "[No Variations]"
Change component parameters (AddParameter): Name = "Component Type"; Value = "Capacitor"; VariantName = "[No Variations]"
Change component parameters (AddParameter): Name = "ComponentLink1Description"; Value = "1_Datasheet"; VariantName = "[No Variations]"
Change component parameters (AddParameter): Name = "ComponentLink1URL"; Value = ""; VariantName = "[No Variations]"
Change component parameters (AddParameter): Name = "ComponentLink2Description"; Value = "2_Product page"; VariantName = "[No Variations]"
Change component parameters (AddParameter): Name = "ComponentLink2URL"; Value = ""; VariantName = "[No Variations]"
Change component parameters (AddParameter): Name = "ComponentLink3Description"; Value = "3_X-information"; VariantName = "[No Variations]"
Change component parameters (AddParameter): Name = "ComponentLink3URL"; Value = ""; VariantName = "[No Variations]"
Change component parameters (AddParameter): Name = "ComponentLink4Description"; Value = "4_X-information"; VariantName = "[No Variations]"
Change component parameters (AddParameter): Name = "ComponentLink4URL"; Value = ""; VariantName = "[No Variations]"
Change component parameters (AddParameter): Name = "ComponentLink5Description"; Value = ""; VariantName = "[No Variations]"
Change component parameters (AddParameter): Name = "ComponentLink5URL"; Value = ""; VariantName = "[No Variations]"
Change component parameters (AddParameter): Name = "Creation date"; Value = "20190101"; VariantName = "[No Variations]"
Change component parameters (AddParameter): Name = "Dimensions WxLxH"; Value = ""; VariantName = "[No Variations]"
Change component parameters (AddParameter): Name = "ECCN"; Value = ""; VariantName = "[No Variations]"
Change component parameters (AddParameter): Name = "HasBeenBuilt"; Value = "False"; VariantName = "[No Variations]"
Change component parameters (AddParameter): Name = "Manufacturer"; Value = "KYOCERA AVX"; VariantName = "[No Variations]"
Change component parameters (AddParameter): Name = "Manufacturer Part Number"; Value = "KGM03CS61A105MH"; VariantName = "[No Variations]"
Change component parameters (AddParameter): Name = "Operating temperature range"; Value = "-55C to +105C"; VariantName = "[No Variations]"
Change component parameters (AddParameter): Name = "Package"; Value = "0201"; VariantName = "[No Variations]"
Change component parameters (AddParameter): Name = "Part Number"; Value = "KGM03CS61A105MH"; VariantName = "[No Variations]"
Change component parameters (AddParameter): Name = "Remark"; Value = ""; VariantName = "[No Variations]"
Change component parameters (AddParameter): Name = "RoHS"; Value = ""; VariantName = "[No Variations]"
Change component parameters (AddParameter): Name = "Sort order"; Value = "302"; VariantName = "[No Variations]"
Change component parameters (AddParameter): Name = "Source"; Value = "RLC_UN1Q.SchLib"; VariantName = "[No Variations]"
Change component parameters (AddParameter): Name = "System"; Value = "RLC"; VariantName = "[No Variations]"
Change component parameters (AddParameter): Name = "Temperature characteristics"; Value = "X6S"; VariantName = "[No Variations]"
Change component parameters (AddParameter): Name = "Tolerance"; Value = "+/-20%"; VariantName = "[No Variations]"
Change component parameters (AddParameter): Name = "Value"; Value = "1uF"; VariantName = "[No Variations]"
Change component parameters (AddParameter): Name = "Voltage"; Value = "10V"; VariantName = "[No Variations]"
Change component parameters: Designator = "C47" ("C47"); Footprint = "CAP_0201_UN1Q"; UniqueID = "\YMOFABUV" ("\YMOFABUV")
Change component parameters (AddParameter): Name = "Alternative component"; Value = "Allowed"; VariantName = "[No Variations]"
Change component parameters (AddParameter): Name = "ClassName"; Value = "SMALL"; VariantName = "[No Variations]"
Change component parameters (AddParameter): Name = "Component Type"; Value = "Capacitor"; VariantName = "[No Variations]"
Change component parameters (AddParameter): Name = "ComponentLink1Description"; Value = "1_Datasheet"; VariantName = "[No Variations]"
Change component parameters (AddParameter): Name = "ComponentLink1URL"; Value = ""; VariantName = "[No Variations]"
Change component parameters (AddParameter): Name = "ComponentLink2Description"; Value = "2_Product page"; VariantName = "[No Variations]"
Change component parameters (AddParameter): Name = "ComponentLink2URL"; Value = ""; VariantName = "[No Variations]"
Change component parameters (AddParameter): Name = "ComponentLink3Description"; Value = "3_X-information"; VariantName = "[No Variations]"
Change component parameters (AddParameter): Name = "ComponentLink3URL"; Value = ""; VariantName = "[No Variations]"
Change component parameters (AddParameter): Name = "ComponentLink4Description"; Value = "4_X-information"; VariantName = "[No Variations]"
Change component parameters (AddParameter): Name = "ComponentLink4URL"; Value = ""; VariantName = "[No Variations]"
Change component parameters (AddParameter): Name = "ComponentLink5Description"; Value = ""; VariantName = "[No Variations]"
Change component parameters (AddParameter): Name = "ComponentLink5URL"; Value = ""; VariantName = "[No Variations]"
Change component parameters (AddParameter): Name = "Creation date"; Value = "20190101"; VariantName = "[No Variations]"
Change component parameters (AddParameter): Name = "Dimensions WxLxH"; Value = ""; VariantName = "[No Variations]"
Change component parameters (AddParameter): Name = "ECCN"; Value = ""; VariantName = "[No Variations]"
Change component parameters (AddParameter): Name = "HasBeenBuilt"; Value = "False"; VariantName = "[No Variations]"
Change component parameters (AddParameter): Name = "Manufacturer"; Value = "KYOCERA AVX"; VariantName = "[No Variations]"
Change component parameters (AddParameter): Name = "Manufacturer Part Number"; Value = "KGM03CS61A105MH"; VariantName = "[No Variations]"
Change component parameters (AddParameter): Name = "Operating temperature range"; Value = "-55C to +105C"; VariantName = "[No Variations]"
Change component parameters (AddParameter): Name = "Package"; Value = "0201"; VariantName = "[No Variations]"
Change component parameters (AddParameter): Name = "Part Number"; Value = "KGM03CS61A105MH"; VariantName = "[No Variations]"
Change component parameters (AddParameter): Name = "Remark"; Value = ""; VariantName = "[No Variations]"
Change component parameters (AddParameter): Name = "RoHS"; Value = ""; VariantName = "[No Variations]"
Change component parameters (AddParameter): Name = "Sort order"; Value = "302"; VariantName = "[No Variations]"
Change component parameters (AddParameter): Name = "Source"; Value = "RLC_UN1Q.SchLib"; VariantName = "[No Variations]"
Change component parameters (AddParameter): Name = "System"; Value = "RLC"; VariantName = "[No Variations]"
Change component parameters (AddParameter): Name = "Temperature characteristics"; Value = "X6S"; VariantName = "[No Variations]"
Change component parameters (AddParameter): Name = "Tolerance"; Value = "+/-20%"; VariantName = "[No Variations]"
Change component parameters (AddParameter): Name = "Value"; Value = "1uF"; VariantName = "[No Variations]"
Change component parameters (AddParameter): Name = "Voltage"; Value = "10V"; VariantName = "[No Variations]"
Change component parameters: Designator = "C48" ("C48"); Footprint = "CAP_0201_UN1Q"; UniqueID = "\TYFOEHOL" ("\TYFOEHOL")
Change component parameters (AddParameter): Name = "Alternative component"; Value = "Allowed"; VariantName = "[No Variations]"
Change component parameters (AddParameter): Name = "ClassName"; Value = "SMALL"; VariantName = "[No Variations]"
Change component parameters (AddParameter): Name = "Component Type"; Value = "Capacitor"; VariantName = "[No Variations]"
Change component parameters (AddParameter): Name = "ComponentLink1Description"; Value = "1_Datasheet"; VariantName = "[No Variations]"
Change component parameters (AddParameter): Name = "ComponentLink1URL"; Value = ""; VariantName = "[No Variations]"
Change component parameters (AddParameter): Name = "ComponentLink2Description"; Value = "2_Product page"; VariantName = "[No Variations]"
Change component parameters (AddParameter): Name = "ComponentLink2URL"; Value = ""; VariantName = "[No Variations]"
Change component parameters (AddParameter): Name = "ComponentLink3Description"; Value = "3_X-information"; VariantName = "[No Variations]"
Change component parameters (AddParameter): Name = "ComponentLink3URL"; Value = ""; VariantName = "[No Variations]"
Change component parameters (AddParameter): Name = "ComponentLink4Description"; Value = "4_X-information"; VariantName = "[No Variations]"
Change component parameters (AddParameter): Name = "ComponentLink4URL"; Value = ""; VariantName = "[No Variations]"
Change component parameters (AddParameter): Name = "ComponentLink5Description"; Value = ""; VariantName = "[No Variations]"
Change component parameters (AddParameter): Name = "ComponentLink5URL"; Value = ""; VariantName = "[No Variations]"
Change component parameters (AddParameter): Name = "Creation date"; Value = "20190101"; VariantName = "[No Variations]"
Change component parameters (AddParameter): Name = "Dimensions WxLxH"; Value = ""; VariantName = "[No Variations]"
Change component parameters (AddParameter): Name = "ECCN"; Value = ""; VariantName = "[No Variations]"
Change component parameters (AddParameter): Name = "HasBeenBuilt"; Value = "False"; VariantName = "[No Variations]"
Change component parameters (AddParameter): Name = "Manufacturer"; Value = "KYOCERA AVX"; VariantName = "[No Variations]"
Change component parameters (AddParameter): Name = "Manufacturer Part Number"; Value = "KGM03CS61A105MH"; VariantName = "[No Variations]"
Change component parameters (AddParameter): Name = "Operating temperature range"; Value = "-55C to +105C"; VariantName = "[No Variations]"
Change component parameters (AddParameter): Name = "Package"; Value = "0201"; VariantName = "[No Variations]"
Change component parameters (AddParameter): Name = "Part Number"; Value = "KGM03CS61A105MH"; VariantName = "[No Variations]"
Change component parameters (AddParameter): Name = "Remark"; Value = ""; VariantName = "[No Variations]"
Change component parameters (AddParameter): Name = "RoHS"; Value = ""; VariantName = "[No Variations]"
Change component parameters (AddParameter): Name = "Sort order"; Value = "302"; VariantName = "[No Variations]"
Change component parameters (AddParameter): Name = "Source"; Value = "RLC_UN1Q.SchLib"; VariantName = "[No Variations]"
Change component parameters (AddParameter): Name = "System"; Value = "RLC"; VariantName = "[No Variations]"
Change component parameters (AddParameter): Name = "Temperature characteristics"; Value = "X6S"; VariantName = "[No Variations]"
Change component parameters (AddParameter): Name = "Tolerance"; Value = "+/-20%"; VariantName = "[No Variations]"
Change component parameters (AddParameter): Name = "Value"; Value = "1uF"; VariantName = "[No Variations]"
Change component parameters (AddParameter): Name = "Voltage"; Value = "10V"; VariantName = "[No Variations]"
Change component parameters: Designator = "C49" ("C49"); Footprint = "CAP_0201_UN1Q"; UniqueID = "\RDQVVVMZ" ("\RDQVVVMZ")
Change component parameters (AddParameter): Name = "Alternative component"; Value = "Allowed"; VariantName = "[No Variations]"
Change component parameters (AddParameter): Name = "ClassName"; Value = "SMALL"; VariantName = "[No Variations]"
Change component parameters (AddParameter): Name = "Component Type"; Value = "Capacitor"; VariantName = "[No Variations]"
Change component parameters (AddParameter): Name = "ComponentLink1Description"; Value = "1_Datasheet"; VariantName = "[No Variations]"
Change component parameters (AddParameter): Name = "ComponentLink1URL"; Value = ""; VariantName = "[No Variations]"
Change component parameters (AddParameter): Name = "ComponentLink2Description"; Value = "2_Product page"; VariantName = "[No Variations]"
Change component parameters (AddParameter): Name = "ComponentLink2URL"; Value = ""; VariantName = "[No Variations]"
Change component parameters (AddParameter): Name = "ComponentLink3Description"; Value = "3_X-information"; VariantName = "[No Variations]"
Change component parameters (AddParameter): Name = "ComponentLink3URL"; Value = ""; VariantName = "[No Variations]"
Change component parameters (AddParameter): Name = "ComponentLink4Description"; Value = "4_X-information"; VariantName = "[No Variations]"
Change component parameters (AddParameter): Name = "ComponentLink4URL"; Value = ""; VariantName = "[No Variations]"
Change component parameters (AddParameter): Name = "ComponentLink5Description"; Value = ""; VariantName = "[No Variations]"
Change component parameters (AddParameter): Name = "ComponentLink5URL"; Value = ""; VariantName = "[No Variations]"
Change component parameters (AddParameter): Name = "Creation date"; Value = "20190101"; VariantName = "[No Variations]"
Change component parameters (AddParameter): Name = "Dimensions WxLxH"; Value = ""; VariantName = "[No Variations]"
Change component parameters (AddParameter): Name = "ECCN"; Value = ""; VariantName = "[No Variations]"
Change component parameters (AddParameter): Name = "HasBeenBuilt"; Value = "False"; VariantName = "[No Variations]"
Change component parameters (AddParameter): Name = "Manufacturer"; Value = "KYOCERA AVX"; VariantName = "[No Variations]"
Change component parameters (AddParameter): Name = "Manufacturer Part Number"; Value = "KGM03CS61A105MH"; VariantName = "[No Variations]"
Change component parameters (AddParameter): Name = "Operating temperature range"; Value = "-55C to +105C"; VariantName = "[No Variations]"
Change component parameters (AddParameter): Name = "Package"; Value = "0201"; VariantName = "[No Variations]"
Change component parameters (AddParameter): Name = "Part Number"; Value = "KGM03CS61A105MH"; VariantName = "[No Variations]"
Change component parameters (AddParameter): Name = "Remark"; Value = ""; VariantName = "[No Variations]"
Change component parameters (AddParameter): Name = "RoHS"; Value = ""; VariantName = "[No Variations]"
Change component parameters (AddParameter): Name = "Sort order"; Value = "302"; VariantName = "[No Variations]"
Change component parameters (AddParameter): Name = "Source"; Value = "RLC_UN1Q.SchLib"; VariantName = "[No Variations]"
Change component parameters (AddParameter): Name = "System"; Value = "RLC"; VariantName = "[No Variations]"
Change component parameters (AddParameter): Name = "Temperature characteristics"; Value = "X6S"; VariantName = "[No Variations]"
Change component parameters (AddParameter): Name = "Tolerance"; Value = "+/-20%"; VariantName = "[No Variations]"
Change component parameters (AddParameter): Name = "Value"; Value = "1uF"; VariantName = "[No Variations]"
Change component parameters (AddParameter): Name = "Voltage"; Value = "10V"; VariantName = "[No Variations]"
Change component parameters: Designator = "C50" ("C50"); Footprint = "CAP_0201_UN1Q"; UniqueID = "\VFSUCBZB" ("\VFSUCBZB")
Change component parameters (AddParameter): Name = "Alternative component"; Value = "Allowed"; VariantName = "[No Variations]"
Change component parameters (AddParameter): Name = "ClassName"; Value = "SMALL"; VariantName = "[No Variations]"
Change component parameters (AddParameter): Name = "Component Type"; Value = "Capacitor"; VariantName = "[No Variations]"
Change component parameters (AddParameter): Name = "ComponentLink1Description"; Value = "1_Datasheet"; VariantName = "[No Variations]"
Change component parameters (AddParameter): Name = "ComponentLink1URL"; Value = ""; VariantName = "[No Variations]"
Change component parameters (AddParameter): Name = "ComponentLink2Description"; Value = "2_Product page"; VariantName = "[No Variations]"
Change component parameters (AddParameter): Name = "ComponentLink2URL"; Value = ""; VariantName = "[No Variations]"
Change component parameters (AddParameter): Name = "ComponentLink3Description"; Value = "3_X-information"; VariantName = "[No Variations]"
Change component parameters (AddParameter): Name = "ComponentLink3URL"; Value = ""; VariantName = "[No Variations]"
Change component parameters (AddParameter): Name = "ComponentLink4Description"; Value = "4_X-information"; VariantName = "[No Variations]"
Change component parameters (AddParameter): Name = "ComponentLink4URL"; Value = ""; VariantName = "[No Variations]"
Change component parameters (AddParameter): Name = "ComponentLink5Description"; Value = ""; VariantName = "[No Variations]"
Change component parameters (AddParameter): Name = "ComponentLink5URL"; Value = ""; VariantName = "[No Variations]"
Change component parameters (AddParameter): Name = "Creation date"; Value = "20190101"; VariantName = "[No Variations]"
Change component parameters (AddParameter): Name = "Dimensions WxLxH"; Value = ""; VariantName = "[No Variations]"
Change component parameters (AddParameter): Name = "ECCN"; Value = ""; VariantName = "[No Variations]"
Change component parameters (AddParameter): Name = "HasBeenBuilt"; Value = "False"; VariantName = "[No Variations]"
Change component parameters (AddParameter): Name = "Manufacturer"; Value = "KYOCERA AVX"; VariantName = "[No Variations]"
Change component parameters (AddParameter): Name = "Manufacturer Part Number"; Value = "KGM03CS61A105MH"; VariantName = "[No Variations]"
Change component parameters (AddParameter): Name = "Operating temperature range"; Value = "-55C to +105C"; VariantName = "[No Variations]"
Change component parameters (AddParameter): Name = "Package"; Value = "0201"; VariantName = "[No Variations]"
Change component parameters (AddParameter): Name = "Part Number"; Value = "KGM03CS61A105MH"; VariantName = "[No Variations]"
Change component parameters (AddParameter): Name = "Remark"; Value = ""; VariantName = "[No Variations]"
Change component parameters (AddParameter): Name = "RoHS"; Value = ""; VariantName = "[No Variations]"
Change component parameters (AddParameter): Name = "Sort order"; Value = "302"; VariantName = "[No Variations]"
Change component parameters (AddParameter): Name = "Source"; Value = "RLC_UN1Q.SchLib"; VariantName = "[No Variations]"
Change component parameters (AddParameter): Name = "System"; Value = "RLC"; VariantName = "[No Variations]"
Change component parameters (AddParameter): Name = "Temperature characteristics"; Value = "X6S"; VariantName = "[No Variations]"
Change component parameters (AddParameter): Name = "Tolerance"; Value = "+/-20%"; VariantName = "[No Variations]"
Change component parameters (AddParameter): Name = "Value"; Value = "1uF"; VariantName = "[No Variations]"
Change component parameters (AddParameter): Name = "Voltage"; Value = "10V"; VariantName = "[No Variations]"
Change component parameters: Designator = "C51" ("C51"); Footprint = "CAP_0402_H09W07_UN1Q"; UniqueID = "\LHLSCNMI" ("\LHLSCNMI")
Change component parameters (AddParameter): Name = "Alternative component"; Value = "Allowed"; VariantName = "[No Variations]"
Change component parameters (AddParameter): Name = "ClassName"; Value = ""; VariantName = "[No Variations]"
Change component parameters (AddParameter): Name = "Component Type"; Value = "Capacitor"; VariantName = "[No Variations]"
Change component parameters (AddParameter): Name = "ComponentLink1Description"; Value = "1_Datasheet"; VariantName = "[No Variations]"
Change component parameters (AddParameter): Name = "ComponentLink1URL"; Value = ""; VariantName = "[No Variations]"
Change component parameters (AddParameter): Name = "ComponentLink2Description"; Value = "2_Product page"; VariantName = "[No Variations]"
Change component parameters (AddParameter): Name = "ComponentLink2URL"; Value = ""; VariantName = "[No Variations]"
Change component parameters (AddParameter): Name = "ComponentLink3Description"; Value = "3_X-information"; VariantName = "[No Variations]"
Change component parameters (AddParameter): Name = "ComponentLink3URL"; Value = ""; VariantName = "[No Variations]"
Change component parameters (AddParameter): Name = "ComponentLink4Description"; Value = "4_X-information"; VariantName = "[No Variations]"
Change component parameters (AddParameter): Name = "ComponentLink4URL"; Value = ""; VariantName = "[No Variations]"
Change component parameters (AddParameter): Name = "Creation date"; Value = "26042024"; VariantName = "[No Variations]"
Change component parameters (AddParameter): Name = "Dimensions WxLxH"; Value = ""; VariantName = "[No Variations]"
Change component parameters (AddParameter): Name = "ECCN"; Value = ""; VariantName = "[No Variations]"
Change component parameters (AddParameter): Name = "HasBeenBuilt"; Value = "TBD"; VariantName = "[No Variations]"
Change component parameters (AddParameter): Name = "Manufacturer"; Value = "Cal-Chip Electronics"; VariantName = "[No Variations]"
Change component parameters (AddParameter): Name = "Manufacturer Part Number"; Value = "GMC04X6S106M6R3NT"; VariantName = "[No Variations]"
Change component parameters (AddParameter): Name = "Operating temperature range"; Value = ""; VariantName = "[No Variations]"
Change component parameters (AddParameter): Name = "Package"; Value = "0402"; VariantName = "[No Variations]"
Change component parameters (AddParameter): Name = "Part Number"; Value = "GMC04X6S106M6R3NT"; VariantName = "[No Variations]"
Change component parameters (AddParameter): Name = "Remark"; Value = ""; VariantName = "[No Variations]"
Change component parameters (AddParameter): Name = "RoHS"; Value = ""; VariantName = "[No Variations]"
Change component parameters (AddParameter): Name = "Sort order"; Value = "304"; VariantName = "[No Variations]"
Change component parameters (AddParameter): Name = "Source"; Value = ""; VariantName = "[No Variations]"
Change component parameters (AddParameter): Name = "System"; Value = "RLC"; VariantName = "[No Variations]"
Change component parameters (AddParameter): Name = "Temperature characteristics"; Value = "X6S"; VariantName = "[No Variations]"
Change component parameters (AddParameter): Name = "Tolerance"; Value = "+/-20%"; VariantName = "[No Variations]"
Change component parameters (AddParameter): Name = "Value"; Value = "10uF"; VariantName = "[No Variations]"
Change component parameters (AddParameter): Name = "Voltage"; Value = "6.3V"; VariantName = "[No Variations]"
Change component parameters: Designator = "C52" ("C52"); Footprint = "CAP_0201_UN1Q"; UniqueID = "\XRTPWYQL" ("\XRTPWYQL")
Change component parameters (AddParameter): Name = "Alternative component"; Value = "Allowed"; VariantName = "[No Variations]"
Change component parameters (AddParameter): Name = "ClassName"; Value = "SMALL"; VariantName = "[No Variations]"
Change component parameters (AddParameter): Name = "Component Type"; Value = "Capacitor"; VariantName = "[No Variations]"
Change component parameters (AddParameter): Name = "ComponentLink1Description"; Value = "1_Datasheet"; VariantName = "[No Variations]"
Change component parameters (AddParameter): Name = "ComponentLink1URL"; Value = ""; VariantName = "[No Variations]"
Change component parameters (AddParameter): Name = "ComponentLink2Description"; Value = "2_Product page"; VariantName = "[No Variations]"
Change component parameters (AddParameter): Name = "ComponentLink2URL"; Value = ""; VariantName = "[No Variations]"
Change component parameters (AddParameter): Name = "ComponentLink3Description"; Value = "3_X-information"; VariantName = "[No Variations]"
Change component parameters (AddParameter): Name = "ComponentLink3URL"; Value = ""; VariantName = "[No Variations]"
Change component parameters (AddParameter): Name = "ComponentLink4Description"; Value = "4_X-information"; VariantName = "[No Variations]"
Change component parameters (AddParameter): Name = "ComponentLink4URL"; Value = ""; VariantName = "[No Variations]"
Change component parameters (AddParameter): Name = "ComponentLink5Description"; Value = ""; VariantName = "[No Variations]"
Change component parameters (AddParameter): Name = "ComponentLink5URL"; Value = ""; VariantName = "[No Variations]"
Change component parameters (AddParameter): Name = "Creation date"; Value = "20190101"; VariantName = "[No Variations]"
Change component parameters (AddParameter): Name = "Dimensions WxLxH"; Value = ""; VariantName = "[No Variations]"
Change component parameters (AddParameter): Name = "ECCN"; Value = ""; VariantName = "[No Variations]"
Change component parameters (AddParameter): Name = "HasBeenBuilt"; Value = "False"; VariantName = "[No Variations]"
Change component parameters (AddParameter): Name = "Manufacturer"; Value = "KYOCERA AVX"; VariantName = "[No Variations]"
Change component parameters (AddParameter): Name = "Manufacturer Part Number"; Value = "KGM03CS61A105MH"; VariantName = "[No Variations]"
Change component parameters (AddParameter): Name = "Operating temperature range"; Value = "-55C to +105C"; VariantName = "[No Variations]"
Change component parameters (AddParameter): Name = "Package"; Value = "0201"; VariantName = "[No Variations]"
Change component parameters (AddParameter): Name = "Part Number"; Value = "KGM03CS61A105MH"; VariantName = "[No Variations]"
Change component parameters (AddParameter): Name = "Remark"; Value = ""; VariantName = "[No Variations]"
Change component parameters (AddParameter): Name = "RoHS"; Value = ""; VariantName = "[No Variations]"
Change component parameters (AddParameter): Name = "Sort order"; Value = "302"; VariantName = "[No Variations]"
Change component parameters (AddParameter): Name = "Source"; Value = "RLC_UN1Q.SchLib"; VariantName = "[No Variations]"
Change component parameters (AddParameter): Name = "System"; Value = "RLC"; VariantName = "[No Variations]"
Change component parameters (AddParameter): Name = "Temperature characteristics"; Value = "X6S"; VariantName = "[No Variations]"
Change component parameters (AddParameter): Name = "Tolerance"; Value = "+/-20%"; VariantName = "[No Variations]"
Change component parameters (AddParameter): Name = "Value"; Value = "1uF"; VariantName = "[No Variations]"
Change component parameters (AddParameter): Name = "Voltage"; Value = "10V"; VariantName = "[No Variations]"
Change component parameters: Designator = "C53" ("C53"); Footprint = "CAP_0201_UN1Q"; UniqueID = "\FNROKNGN" ("\FNROKNGN")
Change component parameters (AddParameter): Name = "Alternative component"; Value = "Allowed"; VariantName = "[No Variations]"
Change component parameters (AddParameter): Name = "ClassName"; Value = "SMALL"; VariantName = "[No Variations]"
Change component parameters (AddParameter): Name = "Component Type"; Value = "Capacitor"; VariantName = "[No Variations]"
Change component parameters (AddParameter): Name = "ComponentLink1Description"; Value = "1_Datasheet"; VariantName = "[No Variations]"
Change component parameters (AddParameter): Name = "ComponentLink1URL"; Value = ""; VariantName = "[No Variations]"
Change component parameters (AddParameter): Name = "ComponentLink2Description"; Value = "2_Product page"; VariantName = "[No Variations]"
Change component parameters (AddParameter): Name = "ComponentLink2URL"; Value = ""; VariantName = "[No Variations]"
Change component parameters (AddParameter): Name = "ComponentLink3Description"; Value = "3_X-information"; VariantName = "[No Variations]"
Change component parameters (AddParameter): Name = "ComponentLink3URL"; Value = ""; VariantName = "[No Variations]"
Change component parameters (AddParameter): Name = "ComponentLink4Description"; Value = "4_X-information"; VariantName = "[No Variations]"
Change component parameters (AddParameter): Name = "ComponentLink4URL"; Value = ""; VariantName = "[No Variations]"
Change component parameters (AddParameter): Name = "ComponentLink5Description"; Value = ""; VariantName = "[No Variations]"
Change component parameters (AddParameter): Name = "ComponentLink5URL"; Value = ""; VariantName = "[No Variations]"
Change component parameters (AddParameter): Name = "Creation date"; Value = "20190101"; VariantName = "[No Variations]"
Change component parameters (AddParameter): Name = "Dimensions WxLxH"; Value = ""; VariantName = "[No Variations]"
Change component parameters (AddParameter): Name = "ECCN"; Value = ""; VariantName = "[No Variations]"
Change component parameters (AddParameter): Name = "HasBeenBuilt"; Value = "False"; VariantName = "[No Variations]"
Change component parameters (AddParameter): Name = "Manufacturer"; Value = "KYOCERA AVX"; VariantName = "[No Variations]"
Change component parameters (AddParameter): Name = "Manufacturer Part Number"; Value = "KGM03CS61A105MH"; VariantName = "[No Variations]"
Change component parameters (AddParameter): Name = "Operating temperature range"; Value = "-55C to +105C"; VariantName = "[No Variations]"
Change component parameters (AddParameter): Name = "Package"; Value = "0201"; VariantName = "[No Variations]"
Change component parameters (AddParameter): Name = "Part Number"; Value = "KGM03CS61A105MH"; VariantName = "[No Variations]"
Change component parameters (AddParameter): Name = "Remark"; Value = ""; VariantName = "[No Variations]"
Change component parameters (AddParameter): Name = "RoHS"; Value = ""; VariantName = "[No Variations]"
Change component parameters (AddParameter): Name = "Sort order"; Value = "302"; VariantName = "[No Variations]"
Change component parameters (AddParameter): Name = "Source"; Value = "RLC_UN1Q.SchLib"; VariantName = "[No Variations]"
Change component parameters (AddParameter): Name = "System"; Value = "RLC"; VariantName = "[No Variations]"
Change component parameters (AddParameter): Name = "Temperature characteristics"; Value = "X6S"; VariantName = "[No Variations]"
Change component parameters (AddParameter): Name = "Tolerance"; Value = "+/-20%"; VariantName = "[No Variations]"
Change component parameters (AddParameter): Name = "Value"; Value = "1uF"; VariantName = "[No Variations]"
Change component parameters (AddParameter): Name = "Voltage"; Value = "10V"; VariantName = "[No Variations]"
Change component parameters: Designator = "C54" ("C54"); Footprint = "CAP_0201_UN1Q"; UniqueID = "\DKHDRXYO" ("\DKHDRXYO")
Change component parameters (AddParameter): Name = "Alternative component"; Value = "Allowed"; VariantName = "[No Variations]"
Change component parameters (AddParameter): Name = "ClassName"; Value = "SMALL"; VariantName = "[No Variations]"
Change component parameters (AddParameter): Name = "Component Type"; Value = "Capacitor"; VariantName = "[No Variations]"
Change component parameters (AddParameter): Name = "ComponentLink1Description"; Value = "1_Datasheet"; VariantName = "[No Variations]"
Change component parameters (AddParameter): Name = "ComponentLink1URL"; Value = ""; VariantName = "[No Variations]"
Change component parameters (AddParameter): Name = "ComponentLink2Description"; Value = "2_Product page"; VariantName = "[No Variations]"
Change component parameters (AddParameter): Name = "ComponentLink2URL"; Value = ""; VariantName = "[No Variations]"
Change component parameters (AddParameter): Name = "ComponentLink3Description"; Value = "3_X-information"; VariantName = "[No Variations]"
Change component parameters (AddParameter): Name = "ComponentLink3URL"; Value = ""; VariantName = "[No Variations]"
Change component parameters (AddParameter): Name = "ComponentLink4Description"; Value = "4_X-information"; VariantName = "[No Variations]"
Change component parameters (AddParameter): Name = "ComponentLink4URL"; Value = ""; VariantName = "[No Variations]"
Change component parameters (AddParameter): Name = "ComponentLink5Description"; Value = ""; VariantName = "[No Variations]"
Change component parameters (AddParameter): Name = "ComponentLink5URL"; Value = ""; VariantName = "[No Variations]"
Change component parameters (AddParameter): Name = "Creation date"; Value = "20190101"; VariantName = "[No Variations]"
Change component parameters (AddParameter): Name = "Dimensions WxLxH"; Value = ""; VariantName = "[No Variations]"
Change component parameters (AddParameter): Name = "ECCN"; Value = ""; VariantName = "[No Variations]"
Change component parameters (AddParameter): Name = "HasBeenBuilt"; Value = "False"; VariantName = "[No Variations]"
Change component parameters (AddParameter): Name = "Manufacturer"; Value = "KYOCERA AVX"; VariantName = "[No Variations]"
Change component parameters (AddParameter): Name = "Manufacturer Part Number"; Value = "KGM03CS61A105MH"; VariantName = "[No Variations]"
Change component parameters (AddParameter): Name = "Operating temperature range"; Value = "-55C to +105C"; VariantName = "[No Variations]"
Change component parameters (AddParameter): Name = "Package"; Value = "0201"; VariantName = "[No Variations]"
Change component parameters (AddParameter): Name = "Part Number"; Value = "KGM03CS61A105MH"; VariantName = "[No Variations]"
Change component parameters (AddParameter): Name = "Remark"; Value = ""; VariantName = "[No Variations]"
Change component parameters (AddParameter): Name = "RoHS"; Value = ""; VariantName = "[No Variations]"
Change component parameters (AddParameter): Name = "Sort order"; Value = "302"; VariantName = "[No Variations]"
Change component parameters (AddParameter): Name = "Source"; Value = "RLC_UN1Q.SchLib"; VariantName = "[No Variations]"
Change component parameters (AddParameter): Name = "System"; Value = "RLC"; VariantName = "[No Variations]"
Change component parameters (AddParameter): Name = "Temperature characteristics"; Value = "X6S"; VariantName = "[No Variations]"
Change component parameters (AddParameter): Name = "Tolerance"; Value = "+/-20%"; VariantName = "[No Variations]"
Change component parameters (AddParameter): Name = "Value"; Value = "1uF"; VariantName = "[No Variations]"
Change component parameters (AddParameter): Name = "Voltage"; Value = "10V"; VariantName = "[No Variations]"
Change component parameters: Designator = "C55" ("C55"); Footprint = "CAP_0402_H09W07_UN1Q"; UniqueID = "\GEIHKURZ" ("\GEIHKURZ")
Change component parameters (AddParameter): Name = "Alternative component"; Value = "Allowed"; VariantName = "[No Variations]"
Change component parameters (AddParameter): Name = "ClassName"; Value = ""; VariantName = "[No Variations]"
Change component parameters (AddParameter): Name = "Component Type"; Value = "Capacitor"; VariantName = "[No Variations]"
Change component parameters (AddParameter): Name = "ComponentLink1Description"; Value = "1_Datasheet"; VariantName = "[No Variations]"
Change component parameters (AddParameter): Name = "ComponentLink1URL"; Value = ""; VariantName = "[No Variations]"
Change component parameters (AddParameter): Name = "ComponentLink2Description"; Value = "2_Product page"; VariantName = "[No Variations]"
Change component parameters (AddParameter): Name = "ComponentLink2URL"; Value = ""; VariantName = "[No Variations]"
Change component parameters (AddParameter): Name = "ComponentLink3Description"; Value = "3_X-information"; VariantName = "[No Variations]"
Change component parameters (AddParameter): Name = "ComponentLink3URL"; Value = ""; VariantName = "[No Variations]"
Change component parameters (AddParameter): Name = "ComponentLink4Description"; Value = "4_X-information"; VariantName = "[No Variations]"
Change component parameters (AddParameter): Name = "ComponentLink4URL"; Value = ""; VariantName = "[No Variations]"
Change component parameters (AddParameter): Name = "Creation date"; Value = "26042024"; VariantName = "[No Variations]"
Change component parameters (AddParameter): Name = "Dimensions WxLxH"; Value = ""; VariantName = "[No Variations]"
Change component parameters (AddParameter): Name = "ECCN"; Value = ""; VariantName = "[No Variations]"
Change component parameters (AddParameter): Name = "HasBeenBuilt"; Value = "TBD"; VariantName = "[No Variations]"
Change component parameters (AddParameter): Name = "Manufacturer"; Value = "Cal-Chip Electronics"; VariantName = "[No Variations]"
Change component parameters (AddParameter): Name = "Manufacturer Part Number"; Value = "GMC04X6S106M6R3NT"; VariantName = "[No Variations]"
Change component parameters (AddParameter): Name = "Operating temperature range"; Value = ""; VariantName = "[No Variations]"
Change component parameters (AddParameter): Name = "Package"; Value = "0402"; VariantName = "[No Variations]"
Change component parameters (AddParameter): Name = "Part Number"; Value = "GMC04X6S106M6R3NT"; VariantName = "[No Variations]"
Change component parameters (AddParameter): Name = "Remark"; Value = ""; VariantName = "[No Variations]"
Change component parameters (AddParameter): Name = "RoHS"; Value = ""; VariantName = "[No Variations]"
Change component parameters (AddParameter): Name = "Sort order"; Value = "304"; VariantName = "[No Variations]"
Change component parameters (AddParameter): Name = "Source"; Value = ""; VariantName = "[No Variations]"
Change component parameters (AddParameter): Name = "System"; Value = "RLC"; VariantName = "[No Variations]"
Change component parameters (AddParameter): Name = "Temperature characteristics"; Value = "X6S"; VariantName = "[No Variations]"
Change component parameters (AddParameter): Name = "Tolerance"; Value = "+/-20%"; VariantName = "[No Variations]"
Change component parameters (AddParameter): Name = "Value"; Value = "10uF"; VariantName = "[No Variations]"
Change component parameters (AddParameter): Name = "Voltage"; Value = "6.3V"; VariantName = "[No Variations]"
Change component parameters: Designator = "C56" ("C56"); Footprint = "CAP_0201_UN1Q"; UniqueID = "\VCZWORQO" ("\VCZWORQO")
Change component parameters (AddParameter): Name = "Alternative component"; Value = "Allowed"; VariantName = "[No Variations]"
Change component parameters (AddParameter): Name = "ClassName"; Value = "SMALL"; VariantName = "[No Variations]"
Change component parameters (AddParameter): Name = "Component Type"; Value = "Capacitor"; VariantName = "[No Variations]"
Change component parameters (AddParameter): Name = "ComponentLink1Description"; Value = "1_Datasheet"; VariantName = "[No Variations]"
Change component parameters (AddParameter): Name = "ComponentLink1URL"; Value = ""; VariantName = "[No Variations]"
Change component parameters (AddParameter): Name = "ComponentLink2Description"; Value = "2_Product page"; VariantName = "[No Variations]"
Change component parameters (AddParameter): Name = "ComponentLink2URL"; Value = ""; VariantName = "[No Variations]"
Change component parameters (AddParameter): Name = "ComponentLink3Description"; Value = "3_X-information"; VariantName = "[No Variations]"
Change component parameters (AddParameter): Name = "ComponentLink3URL"; Value = ""; VariantName = "[No Variations]"
Change component parameters (AddParameter): Name = "ComponentLink4Description"; Value = "4_X-information"; VariantName = "[No Variations]"
Change component parameters (AddParameter): Name = "ComponentLink4URL"; Value = ""; VariantName = "[No Variations]"
Change component parameters (AddParameter): Name = "ComponentLink5Description"; Value = ""; VariantName = "[No Variations]"
Change component parameters (AddParameter): Name = "ComponentLink5URL"; Value = ""; VariantName = "[No Variations]"
Change component parameters (AddParameter): Name = "Creation date"; Value = "20190101"; VariantName = "[No Variations]"
Change component parameters (AddParameter): Name = "Dimensions WxLxH"; Value = ""; VariantName = "[No Variations]"
Change component parameters (AddParameter): Name = "ECCN"; Value = ""; VariantName = "[No Variations]"
Change component parameters (AddParameter): Name = "HasBeenBuilt"; Value = "False"; VariantName = "[No Variations]"
Change component parameters (AddParameter): Name = "Manufacturer"; Value = "KYOCERA AVX"; VariantName = "[No Variations]"
Change component parameters (AddParameter): Name = "Manufacturer Part Number"; Value = "KGM03CS61A105MH"; VariantName = "[No Variations]"
Change component parameters (AddParameter): Name = "Operating temperature range"; Value = "-55C to +105C"; VariantName = "[No Variations]"
Change component parameters (AddParameter): Name = "Package"; Value = "0201"; VariantName = "[No Variations]"
Change component parameters (AddParameter): Name = "Part Number"; Value = "KGM03CS61A105MH"; VariantName = "[No Variations]"
Change component parameters (AddParameter): Name = "Remark"; Value = ""; VariantName = "[No Variations]"
Change component parameters (AddParameter): Name = "RoHS"; Value = ""; VariantName = "[No Variations]"
Change component parameters (AddParameter): Name = "Sort order"; Value = "302"; VariantName = "[No Variations]"
Change component parameters (AddParameter): Name = "Source"; Value = "RLC_UN1Q.SchLib"; VariantName = "[No Variations]"
Change component parameters (AddParameter): Name = "System"; Value = "RLC"; VariantName = "[No Variations]"
Change component parameters (AddParameter): Name = "Temperature characteristics"; Value = "X6S"; VariantName = "[No Variations]"
Change component parameters (AddParameter): Name = "Tolerance"; Value = "+/-20%"; VariantName = "[No Variations]"
Change component parameters (AddParameter): Name = "Value"; Value = "1uF"; VariantName = "[No Variations]"
Change component parameters (AddParameter): Name = "Voltage"; Value = "10V"; VariantName = "[No Variations]"
Change component parameters: Designator = "C57" ("C57"); Footprint = "CAP_0201_UN1Q"; UniqueID = "\BFPKRCDB" ("\BFPKRCDB")
Change component parameters (AddParameter): Name = "Alternative component"; Value = "Allowed"; VariantName = "[No Variations]"
Change component parameters (AddParameter): Name = "ClassName"; Value = "SMALL"; VariantName = "[No Variations]"
Change component parameters (AddParameter): Name = "Component Type"; Value = "Capacitor"; VariantName = "[No Variations]"
Change component parameters (AddParameter): Name = "ComponentLink1Description"; Value = "1_Datasheet"; VariantName = "[No Variations]"
Change component parameters (AddParameter): Name = "ComponentLink1URL"; Value = ""; VariantName = "[No Variations]"
Change component parameters (AddParameter): Name = "ComponentLink2Description"; Value = "2_Product page"; VariantName = "[No Variations]"
Change component parameters (AddParameter): Name = "ComponentLink2URL"; Value = ""; VariantName = "[No Variations]"
Change component parameters (AddParameter): Name = "ComponentLink3Description"; Value = "3_X-information"; VariantName = "[No Variations]"
Change component parameters (AddParameter): Name = "ComponentLink3URL"; Value = ""; VariantName = "[No Variations]"
Change component parameters (AddParameter): Name = "ComponentLink4Description"; Value = "4_X-information"; VariantName = "[No Variations]"
Change component parameters (AddParameter): Name = "ComponentLink4URL"; Value = ""; VariantName = "[No Variations]"
Change component parameters (AddParameter): Name = "ComponentLink5Description"; Value = ""; VariantName = "[No Variations]"
Change component parameters (AddParameter): Name = "ComponentLink5URL"; Value = ""; VariantName = "[No Variations]"
Change component parameters (AddParameter): Name = "Creation date"; Value = "20190101"; VariantName = "[No Variations]"
Change component parameters (AddParameter): Name = "Dimensions WxLxH"; Value = ""; VariantName = "[No Variations]"
Change component parameters (AddParameter): Name = "ECCN"; Value = ""; VariantName = "[No Variations]"
Change component parameters (AddParameter): Name = "HasBeenBuilt"; Value = "False"; VariantName = "[No Variations]"
Change component parameters (AddParameter): Name = "Manufacturer"; Value = "KYOCERA AVX"; VariantName = "[No Variations]"
Change component parameters (AddParameter): Name = "Manufacturer Part Number"; Value = "KGM03CS61A105MH"; VariantName = "[No Variations]"
Change component parameters (AddParameter): Name = "Operating temperature range"; Value = "-55C to +105C"; VariantName = "[No Variations]"
Change component parameters (AddParameter): Name = "Package"; Value = "0201"; VariantName = "[No Variations]"
Change component parameters (AddParameter): Name = "Part Number"; Value = "KGM03CS61A105MH"; VariantName = "[No Variations]"
Change component parameters (AddParameter): Name = "Remark"; Value = ""; VariantName = "[No Variations]"
Change component parameters (AddParameter): Name = "RoHS"; Value = ""; VariantName = "[No Variations]"
Change component parameters (AddParameter): Name = "Sort order"; Value = "302"; VariantName = "[No Variations]"
Change component parameters (AddParameter): Name = "Source"; Value = "RLC_UN1Q.SchLib"; VariantName = "[No Variations]"
Change component parameters (AddParameter): Name = "System"; Value = "RLC"; VariantName = "[No Variations]"
Change component parameters (AddParameter): Name = "Temperature characteristics"; Value = "X6S"; VariantName = "[No Variations]"
Change component parameters (AddParameter): Name = "Tolerance"; Value = "+/-20%"; VariantName = "[No Variations]"
Change component parameters (AddParameter): Name = "Value"; Value = "1uF"; VariantName = "[No Variations]"
Change component parameters (AddParameter): Name = "Voltage"; Value = "10V"; VariantName = "[No Variations]"
Change component parameters: Designator = "C58" ("C58"); Footprint = "CAP_0201_UN1Q"; UniqueID = "\HMMTIPMB" ("\HMMTIPMB")
Change component parameters (AddParameter): Name = "Alternative component"; Value = "Allowed"; VariantName = "[No Variations]"
Change component parameters (AddParameter): Name = "ClassName"; Value = "SMALL"; VariantName = "[No Variations]"
Change component parameters (AddParameter): Name = "Component Type"; Value = "Capacitor"; VariantName = "[No Variations]"
Change component parameters (AddParameter): Name = "ComponentLink1Description"; Value = "1_Datasheet"; VariantName = "[No Variations]"
Change component parameters (AddParameter): Name = "ComponentLink1URL"; Value = ""; VariantName = "[No Variations]"
Change component parameters (AddParameter): Name = "ComponentLink2Description"; Value = "2_Product page"; VariantName = "[No Variations]"
Change component parameters (AddParameter): Name = "ComponentLink2URL"; Value = ""; VariantName = "[No Variations]"
Change component parameters (AddParameter): Name = "ComponentLink3Description"; Value = "3_X-information"; VariantName = "[No Variations]"
Change component parameters (AddParameter): Name = "ComponentLink3URL"; Value = ""; VariantName = "[No Variations]"
Change component parameters (AddParameter): Name = "ComponentLink4Description"; Value = "4_X-information"; VariantName = "[No Variations]"
Change component parameters (AddParameter): Name = "ComponentLink4URL"; Value = ""; VariantName = "[No Variations]"
Change component parameters (AddParameter): Name = "ComponentLink5Description"; Value = ""; VariantName = "[No Variations]"
Change component parameters (AddParameter): Name = "ComponentLink5URL"; Value = ""; VariantName = "[No Variations]"
Change component parameters (AddParameter): Name = "Creation date"; Value = "20190101"; VariantName = "[No Variations]"
Change component parameters (AddParameter): Name = "Dimensions WxLxH"; Value = ""; VariantName = "[No Variations]"
Change component parameters (AddParameter): Name = "ECCN"; Value = ""; VariantName = "[No Variations]"
Change component parameters (AddParameter): Name = "HasBeenBuilt"; Value = "False"; VariantName = "[No Variations]"
Change component parameters (AddParameter): Name = "Manufacturer"; Value = "KYOCERA AVX"; VariantName = "[No Variations]"
Change component parameters (AddParameter): Name = "Manufacturer Part Number"; Value = "KGM03CS61A105MH"; VariantName = "[No Variations]"
Change component parameters (AddParameter): Name = "Operating temperature range"; Value = "-55C to +105C"; VariantName = "[No Variations]"
Change component parameters (AddParameter): Name = "Package"; Value = "0201"; VariantName = "[No Variations]"
Change component parameters (AddParameter): Name = "Part Number"; Value = "KGM03CS61A105MH"; VariantName = "[No Variations]"
Change component parameters (AddParameter): Name = "Remark"; Value = ""; VariantName = "[No Variations]"
Change component parameters (AddParameter): Name = "RoHS"; Value = ""; VariantName = "[No Variations]"
Change component parameters (AddParameter): Name = "Sort order"; Value = "302"; VariantName = "[No Variations]"
Change component parameters (AddParameter): Name = "Source"; Value = "RLC_UN1Q.SchLib"; VariantName = "[No Variations]"
Change component parameters (AddParameter): Name = "System"; Value = "RLC"; VariantName = "[No Variations]"
Change component parameters (AddParameter): Name = "Temperature characteristics"; Value = "X6S"; VariantName = "[No Variations]"
Change component parameters (AddParameter): Name = "Tolerance"; Value = "+/-20%"; VariantName = "[No Variations]"
Change component parameters (AddParameter): Name = "Value"; Value = "1uF"; VariantName = "[No Variations]"
Change component parameters (AddParameter): Name = "Voltage"; Value = "10V"; VariantName = "[No Variations]"
Change component parameters: Designator = "C59" ("C59"); Footprint = "CAP_0201_UN1Q"; UniqueID = "\TSVLUPYM" ("\TSVLUPYM")
Change component parameters (AddParameter): Name = "Alternative component"; Value = "Allowed"; VariantName = "[No Variations]"
Change component parameters (AddParameter): Name = "ClassName"; Value = "SMALL"; VariantName = "[No Variations]"
Change component parameters (AddParameter): Name = "Component Type"; Value = "Capacitor"; VariantName = "[No Variations]"
Change component parameters (AddParameter): Name = "ComponentLink1Description"; Value = "1_Datasheet"; VariantName = "[No Variations]"
Change component parameters (AddParameter): Name = "ComponentLink1URL"; Value = ""; VariantName = "[No Variations]"
Change component parameters (AddParameter): Name = "ComponentLink2Description"; Value = "2_Product page"; VariantName = "[No Variations]"
Change component parameters (AddParameter): Name = "ComponentLink2URL"; Value = ""; VariantName = "[No Variations]"
Change component parameters (AddParameter): Name = "ComponentLink3Description"; Value = "3_X-information"; VariantName = "[No Variations]"
Change component parameters (AddParameter): Name = "ComponentLink3URL"; Value = ""; VariantName = "[No Variations]"
Change component parameters (AddParameter): Name = "ComponentLink4Description"; Value = "4_X-information"; VariantName = "[No Variations]"
Change component parameters (AddParameter): Name = "ComponentLink4URL"; Value = ""; VariantName = "[No Variations]"
Change component parameters (AddParameter): Name = "ComponentLink5Description"; Value = ""; VariantName = "[No Variations]"
Change component parameters (AddParameter): Name = "ComponentLink5URL"; Value = ""; VariantName = "[No Variations]"
Change component parameters (AddParameter): Name = "Creation date"; Value = "20190101"; VariantName = "[No Variations]"
Change component parameters (AddParameter): Name = "Dimensions WxLxH"; Value = ""; VariantName = "[No Variations]"
Change component parameters (AddParameter): Name = "ECCN"; Value = ""; VariantName = "[No Variations]"
Change component parameters (AddParameter): Name = "HasBeenBuilt"; Value = "False"; VariantName = "[No Variations]"
Change component parameters (AddParameter): Name = "Manufacturer"; Value = "KYOCERA AVX"; VariantName = "[No Variations]"
Change component parameters (AddParameter): Name = "Manufacturer Part Number"; Value = "KGM03CS61A105MH"; VariantName = "[No Variations]"
Change component parameters (AddParameter): Name = "Operating temperature range"; Value = "-55C to +105C"; VariantName = "[No Variations]"
Change component parameters (AddParameter): Name = "Package"; Value = "0201"; VariantName = "[No Variations]"
Change component parameters (AddParameter): Name = "Part Number"; Value = "KGM03CS61A105MH"; VariantName = "[No Variations]"
Change component parameters (AddParameter): Name = "Remark"; Value = ""; VariantName = "[No Variations]"
Change component parameters (AddParameter): Name = "RoHS"; Value = ""; VariantName = "[No Variations]"
Change component parameters (AddParameter): Name = "Sort order"; Value = "302"; VariantName = "[No Variations]"
Change component parameters (AddParameter): Name = "Source"; Value = "RLC_UN1Q.SchLib"; VariantName = "[No Variations]"
Change component parameters (AddParameter): Name = "System"; Value = "RLC"; VariantName = "[No Variations]"
Change component parameters (AddParameter): Name = "Temperature characteristics"; Value = "X6S"; VariantName = "[No Variations]"
Change component parameters (AddParameter): Name = "Tolerance"; Value = "+/-20%"; VariantName = "[No Variations]"
Change component parameters (AddParameter): Name = "Value"; Value = "1uF"; VariantName = "[No Variations]"
Change component parameters (AddParameter): Name = "Voltage"; Value = "10V"; VariantName = "[No Variations]"
Change component parameters: Designator = "C61" ("C61"); Footprint = "CAP_0402_H09W07_UN1Q"; UniqueID = "\OKNIURHU" ("\OKNIURHU")
Change component parameters (AddParameter): Name = "Alternative component"; Value = "Allowed"; VariantName = "[No Variations]"
Change component parameters (AddParameter): Name = "ClassName"; Value = ""; VariantName = "[No Variations]"
Change component parameters (AddParameter): Name = "Component Type"; Value = "Capacitor"; VariantName = "[No Variations]"
Change component parameters (AddParameter): Name = "ComponentLink1Description"; Value = "1_Datasheet"; VariantName = "[No Variations]"
Change component parameters (AddParameter): Name = "ComponentLink1URL"; Value = ""; VariantName = "[No Variations]"
Change component parameters (AddParameter): Name = "ComponentLink2Description"; Value = "2_Product page"; VariantName = "[No Variations]"
Change component parameters (AddParameter): Name = "ComponentLink2URL"; Value = ""; VariantName = "[No Variations]"
Change component parameters (AddParameter): Name = "ComponentLink3Description"; Value = "3_X-information"; VariantName = "[No Variations]"
Change component parameters (AddParameter): Name = "ComponentLink3URL"; Value = ""; VariantName = "[No Variations]"
Change component parameters (AddParameter): Name = "ComponentLink4Description"; Value = "4_X-information"; VariantName = "[No Variations]"
Change component parameters (AddParameter): Name = "ComponentLink4URL"; Value = ""; VariantName = "[No Variations]"
Change component parameters (AddParameter): Name = "Creation date"; Value = "26042024"; VariantName = "[No Variations]"
Change component parameters (AddParameter): Name = "Dimensions WxLxH"; Value = ""; VariantName = "[No Variations]"
Change component parameters (AddParameter): Name = "ECCN"; Value = ""; VariantName = "[No Variations]"
Change component parameters (AddParameter): Name = "HasBeenBuilt"; Value = "TBD"; VariantName = "[No Variations]"
Change component parameters (AddParameter): Name = "Manufacturer"; Value = "Cal-Chip Electronics"; VariantName = "[No Variations]"
Change component parameters (AddParameter): Name = "Manufacturer Part Number"; Value = "GMC04X6S106M6R3NT"; VariantName = "[No Variations]"
Change component parameters (AddParameter): Name = "Operating temperature range"; Value = ""; VariantName = "[No Variations]"
Change component parameters (AddParameter): Name = "Package"; Value = "0402"; VariantName = "[No Variations]"
Change component parameters (AddParameter): Name = "Part Number"; Value = "GMC04X6S106M6R3NT"; VariantName = "[No Variations]"
Change component parameters (AddParameter): Name = "Remark"; Value = ""; VariantName = "[No Variations]"
Change component parameters (AddParameter): Name = "RoHS"; Value = ""; VariantName = "[No Variations]"
Change component parameters (AddParameter): Name = "Sort order"; Value = "304"; VariantName = "[No Variations]"
Change component parameters (AddParameter): Name = "Source"; Value = ""; VariantName = "[No Variations]"
Change component parameters (AddParameter): Name = "System"; Value = "RLC"; VariantName = "[No Variations]"
Change component parameters (AddParameter): Name = "Temperature characteristics"; Value = "X6S"; VariantName = "[No Variations]"
Change component parameters (AddParameter): Name = "Tolerance"; Value = "+/-20%"; VariantName = "[No Variations]"
Change component parameters (AddParameter): Name = "Value"; Value = "10uF"; VariantName = "[No Variations]"
Change component parameters (AddParameter): Name = "Voltage"; Value = "6.3V"; VariantName = "[No Variations]"
Change component parameters: Designator = "C62" ("C62"); Footprint = "CAP_0402_H09W07_UN1Q"; UniqueID = "\CIBYULOC" ("\CIBYULOC")
Change component parameters (AddParameter): Name = "Alternative component"; Value = "Allowed"; VariantName = "[No Variations]"
Change component parameters (AddParameter): Name = "ClassName"; Value = ""; VariantName = "[No Variations]"
Change component parameters (AddParameter): Name = "Component Type"; Value = "Capacitor"; VariantName = "[No Variations]"
Change component parameters (AddParameter): Name = "ComponentLink1Description"; Value = "1_Datasheet"; VariantName = "[No Variations]"
Change component parameters (AddParameter): Name = "ComponentLink1URL"; Value = ""; VariantName = "[No Variations]"
Change component parameters (AddParameter): Name = "ComponentLink2Description"; Value = "2_Product page"; VariantName = "[No Variations]"
Change component parameters (AddParameter): Name = "ComponentLink2URL"; Value = ""; VariantName = "[No Variations]"
Change component parameters (AddParameter): Name = "ComponentLink3Description"; Value = "3_X-information"; VariantName = "[No Variations]"
Change component parameters (AddParameter): Name = "ComponentLink3URL"; Value = ""; VariantName = "[No Variations]"
Change component parameters (AddParameter): Name = "ComponentLink4Description"; Value = "4_X-information"; VariantName = "[No Variations]"
Change component parameters (AddParameter): Name = "ComponentLink4URL"; Value = ""; VariantName = "[No Variations]"
Change component parameters (AddParameter): Name = "Creation date"; Value = "26042024"; VariantName = "[No Variations]"
Change component parameters (AddParameter): Name = "Dimensions WxLxH"; Value = ""; VariantName = "[No Variations]"
Change component parameters (AddParameter): Name = "ECCN"; Value = ""; VariantName = "[No Variations]"
Change component parameters (AddParameter): Name = "HasBeenBuilt"; Value = "TBD"; VariantName = "[No Variations]"
Change component parameters (AddParameter): Name = "Manufacturer"; Value = "Cal-Chip Electronics"; VariantName = "[No Variations]"
Change component parameters (AddParameter): Name = "Manufacturer Part Number"; Value = "GMC04X6S106M6R3NT"; VariantName = "[No Variations]"
Change component parameters (AddParameter): Name = "Operating temperature range"; Value = ""; VariantName = "[No Variations]"
Change component parameters (AddParameter): Name = "Package"; Value = "0402"; VariantName = "[No Variations]"
Change component parameters (AddParameter): Name = "Part Number"; Value = "GMC04X6S106M6R3NT"; VariantName = "[No Variations]"
Change component parameters (AddParameter): Name = "Remark"; Value = ""; VariantName = "[No Variations]"
Change component parameters (AddParameter): Name = "RoHS"; Value = ""; VariantName = "[No Variations]"
Change component parameters (AddParameter): Name = "Sort order"; Value = "304"; VariantName = "[No Variations]"
Change component parameters (AddParameter): Name = "Source"; Value = ""; VariantName = "[No Variations]"
Change component parameters (AddParameter): Name = "System"; Value = "RLC"; VariantName = "[No Variations]"
Change component parameters (AddParameter): Name = "Temperature characteristics"; Value = "X6S"; VariantName = "[No Variations]"
Change component parameters (AddParameter): Name = "Tolerance"; Value = "+/-20%"; VariantName = "[No Variations]"
Change component parameters (AddParameter): Name = "Value"; Value = "10uF"; VariantName = "[No Variations]"
Change component parameters (AddParameter): Name = "Voltage"; Value = "6.3V"; VariantName = "[No Variations]"
Change component parameters: Designator = "C63" ("C63"); Footprint = "CAP_0201_UN1Q"; UniqueID = "\XJFYHRMC" ("\XJFYHRMC")
Change component parameters (AddParameter): Name = "Alternative component"; Value = "Allowed"; VariantName = "[No Variations]"
Change component parameters (AddParameter): Name = "ClassName"; Value = "SMALL"; VariantName = "[No Variations]"
Change component parameters (AddParameter): Name = "Component Type"; Value = "Capacitor"; VariantName = "[No Variations]"
Change component parameters (AddParameter): Name = "ComponentLink1Description"; Value = "1_Datasheet"; VariantName = "[No Variations]"
Change component parameters (AddParameter): Name = "ComponentLink1URL"; Value = ""; VariantName = "[No Variations]"
Change component parameters (AddParameter): Name = "ComponentLink2Description"; Value = "2_Product page"; VariantName = "[No Variations]"
Change component parameters (AddParameter): Name = "ComponentLink2URL"; Value = ""; VariantName = "[No Variations]"
Change component parameters (AddParameter): Name = "ComponentLink3Description"; Value = "3_X-information"; VariantName = "[No Variations]"
Change component parameters (AddParameter): Name = "ComponentLink3URL"; Value = ""; VariantName = "[No Variations]"
Change component parameters (AddParameter): Name = "ComponentLink4Description"; Value = "4_X-information"; VariantName = "[No Variations]"
Change component parameters (AddParameter): Name = "ComponentLink4URL"; Value = ""; VariantName = "[No Variations]"
Change component parameters (AddParameter): Name = "ComponentLink5Description"; Value = ""; VariantName = "[No Variations]"
Change component parameters (AddParameter): Name = "ComponentLink5URL"; Value = ""; VariantName = "[No Variations]"
Change component parameters (AddParameter): Name = "Creation date"; Value = "20190101"; VariantName = "[No Variations]"
Change component parameters (AddParameter): Name = "Dimensions WxLxH"; Value = ""; VariantName = "[No Variations]"
Change component parameters (AddParameter): Name = "ECCN"; Value = ""; VariantName = "[No Variations]"
Change component parameters (AddParameter): Name = "HasBeenBuilt"; Value = "False"; VariantName = "[No Variations]"
Change component parameters (AddParameter): Name = "Manufacturer"; Value = "KYOCERA AVX"; VariantName = "[No Variations]"
Change component parameters (AddParameter): Name = "Manufacturer Part Number"; Value = "KGM03CS61A105MH"; VariantName = "[No Variations]"
Change component parameters (AddParameter): Name = "Operating temperature range"; Value = "-55C to +105C"; VariantName = "[No Variations]"
Change component parameters (AddParameter): Name = "Package"; Value = "0201"; VariantName = "[No Variations]"
Change component parameters (AddParameter): Name = "Part Number"; Value = "KGM03CS61A105MH"; VariantName = "[No Variations]"
Change component parameters (AddParameter): Name = "Remark"; Value = ""; VariantName = "[No Variations]"
Change component parameters (AddParameter): Name = "RoHS"; Value = ""; VariantName = "[No Variations]"
Change component parameters (AddParameter): Name = "Sort order"; Value = "302"; VariantName = "[No Variations]"
Change component parameters (AddParameter): Name = "Source"; Value = "RLC_UN1Q.SchLib"; VariantName = "[No Variations]"
Change component parameters (AddParameter): Name = "System"; Value = "RLC"; VariantName = "[No Variations]"
Change component parameters (AddParameter): Name = "Temperature characteristics"; Value = "X6S"; VariantName = "[No Variations]"
Change component parameters (AddParameter): Name = "Tolerance"; Value = "+/-20%"; VariantName = "[No Variations]"
Change component parameters (AddParameter): Name = "Value"; Value = "1uF"; VariantName = "[No Variations]"
Change component parameters (AddParameter): Name = "Voltage"; Value = "10V"; VariantName = "[No Variations]"
Change component parameters: Designator = "C64" ("C64"); Footprint = "CAP_0201_UN1Q"; UniqueID = "\RADNRMHH" ("\RADNRMHH")
Change component parameters (AddParameter): Name = "Alternative component"; Value = "Allowed"; VariantName = "[No Variations]"
Change component parameters (AddParameter): Name = "ClassName"; Value = "SMALL"; VariantName = "[No Variations]"
Change component parameters (AddParameter): Name = "Component Type"; Value = "Capacitor"; VariantName = "[No Variations]"
Change component parameters (AddParameter): Name = "ComponentLink1Description"; Value = "1_Datasheet"; VariantName = "[No Variations]"
Change component parameters (AddParameter): Name = "ComponentLink1URL"; Value = ""; VariantName = "[No Variations]"
Change component parameters (AddParameter): Name = "ComponentLink2Description"; Value = "2_Product page"; VariantName = "[No Variations]"
Change component parameters (AddParameter): Name = "ComponentLink2URL"; Value = ""; VariantName = "[No Variations]"
Change component parameters (AddParameter): Name = "ComponentLink3Description"; Value = "3_X-information"; VariantName = "[No Variations]"
Change component parameters (AddParameter): Name = "ComponentLink3URL"; Value = ""; VariantName = "[No Variations]"
Change component parameters (AddParameter): Name = "ComponentLink4Description"; Value = "4_X-information"; VariantName = "[No Variations]"
Change component parameters (AddParameter): Name = "ComponentLink4URL"; Value = ""; VariantName = "[No Variations]"
Change component parameters (AddParameter): Name = "ComponentLink5Description"; Value = ""; VariantName = "[No Variations]"
Change component parameters (AddParameter): Name = "ComponentLink5URL"; Value = ""; VariantName = "[No Variations]"
Change component parameters (AddParameter): Name = "Creation date"; Value = "20190101"; VariantName = "[No Variations]"
Change component parameters (AddParameter): Name = "Dimensions WxLxH"; Value = ""; VariantName = "[No Variations]"
Change component parameters (AddParameter): Name = "ECCN"; Value = ""; VariantName = "[No Variations]"
Change component parameters (AddParameter): Name = "HasBeenBuilt"; Value = "False"; VariantName = "[No Variations]"
Change component parameters (AddParameter): Name = "Manufacturer"; Value = "KYOCERA AVX"; VariantName = "[No Variations]"
Change component parameters (AddParameter): Name = "Manufacturer Part Number"; Value = "KGM03CS61A105MH"; VariantName = "[No Variations]"
Change component parameters (AddParameter): Name = "Operating temperature range"; Value = "-55C to +105C"; VariantName = "[No Variations]"
Change component parameters (AddParameter): Name = "Package"; Value = "0201"; VariantName = "[No Variations]"
Change component parameters (AddParameter): Name = "Part Number"; Value = "KGM03CS61A105MH"; VariantName = "[No Variations]"
Change component parameters (AddParameter): Name = "Remark"; Value = ""; VariantName = "[No Variations]"
Change component parameters (AddParameter): Name = "RoHS"; Value = ""; VariantName = "[No Variations]"
Change component parameters (AddParameter): Name = "Sort order"; Value = "302"; VariantName = "[No Variations]"
Change component parameters (AddParameter): Name = "Source"; Value = "RLC_UN1Q.SchLib"; VariantName = "[No Variations]"
Change component parameters (AddParameter): Name = "System"; Value = "RLC"; VariantName = "[No Variations]"
Change component parameters (AddParameter): Name = "Temperature characteristics"; Value = "X6S"; VariantName = "[No Variations]"
Change component parameters (AddParameter): Name = "Tolerance"; Value = "+/-20%"; VariantName = "[No Variations]"
Change component parameters (AddParameter): Name = "Value"; Value = "1uF"; VariantName = "[No Variations]"
Change component parameters (AddParameter): Name = "Voltage"; Value = "10V"; VariantName = "[No Variations]"
Change component parameters: Designator = "C65" ("C65"); Footprint = "CAP_0201_UN1Q"; UniqueID = "\CDDCOWRP" ("\CDDCOWRP")
Change component parameters (AddParameter): Name = "Alternative component"; Value = "Allowed"; VariantName = "[No Variations]"
Change component parameters (AddParameter): Name = "ClassName"; Value = "SMALL"; VariantName = "[No Variations]"
Change component parameters (AddParameter): Name = "Component Type"; Value = "Capacitor"; VariantName = "[No Variations]"
Change component parameters (AddParameter): Name = "ComponentLink1Description"; Value = "1_Datasheet"; VariantName = "[No Variations]"
Change component parameters (AddParameter): Name = "ComponentLink1URL"; Value = ""; VariantName = "[No Variations]"
Change component parameters (AddParameter): Name = "ComponentLink2Description"; Value = "2_Product page"; VariantName = "[No Variations]"
Change component parameters (AddParameter): Name = "ComponentLink2URL"; Value = ""; VariantName = "[No Variations]"
Change component parameters (AddParameter): Name = "ComponentLink3Description"; Value = "3_X-information"; VariantName = "[No Variations]"
Change component parameters (AddParameter): Name = "ComponentLink3URL"; Value = ""; VariantName = "[No Variations]"
Change component parameters (AddParameter): Name = "ComponentLink4Description"; Value = "4_X-information"; VariantName = "[No Variations]"
Change component parameters (AddParameter): Name = "ComponentLink4URL"; Value = ""; VariantName = "[No Variations]"
Change component parameters (AddParameter): Name = "ComponentLink5Description"; Value = ""; VariantName = "[No Variations]"
Change component parameters (AddParameter): Name = "ComponentLink5URL"; Value = ""; VariantName = "[No Variations]"
Change component parameters (AddParameter): Name = "Creation date"; Value = "20190101"; VariantName = "[No Variations]"
Change component parameters (AddParameter): Name = "Dimensions WxLxH"; Value = ""; VariantName = "[No Variations]"
Change component parameters (AddParameter): Name = "ECCN"; Value = ""; VariantName = "[No Variations]"
Change component parameters (AddParameter): Name = "HasBeenBuilt"; Value = "False"; VariantName = "[No Variations]"
Change component parameters (AddParameter): Name = "Manufacturer"; Value = "KYOCERA AVX"; VariantName = "[No Variations]"
Change component parameters (AddParameter): Name = "Manufacturer Part Number"; Value = "KGM03CS61A105MH"; VariantName = "[No Variations]"
Change component parameters (AddParameter): Name = "Operating temperature range"; Value = "-55C to +105C"; VariantName = "[No Variations]"
Change component parameters (AddParameter): Name = "Package"; Value = "0201"; VariantName = "[No Variations]"
Change component parameters (AddParameter): Name = "Part Number"; Value = "KGM03CS61A105MH"; VariantName = "[No Variations]"
Change component parameters (AddParameter): Name = "Remark"; Value = ""; VariantName = "[No Variations]"
Change component parameters (AddParameter): Name = "RoHS"; Value = ""; VariantName = "[No Variations]"
Change component parameters (AddParameter): Name = "Sort order"; Value = "302"; VariantName = "[No Variations]"
Change component parameters (AddParameter): Name = "Source"; Value = "RLC_UN1Q.SchLib"; VariantName = "[No Variations]"
Change component parameters (AddParameter): Name = "System"; Value = "RLC"; VariantName = "[No Variations]"
Change component parameters (AddParameter): Name = "Temperature characteristics"; Value = "X6S"; VariantName = "[No Variations]"
Change component parameters (AddParameter): Name = "Tolerance"; Value = "+/-20%"; VariantName = "[No Variations]"
Change component parameters (AddParameter): Name = "Value"; Value = "1uF"; VariantName = "[No Variations]"
Change component parameters (AddParameter): Name = "Voltage"; Value = "10V"; VariantName = "[No Variations]"
Change component parameters: Designator = "C66" ("C66"); Footprint = "CAP_0201_UN1Q"; UniqueID = "\IKKOOGOY" ("\IKKOOGOY")
Change component parameters (AddParameter): Name = "Alternative component"; Value = "Allowed"; VariantName = "[No Variations]"
Change component parameters (AddParameter): Name = "ClassName"; Value = "SMALL"; VariantName = "[No Variations]"
Change component parameters (AddParameter): Name = "Component Type"; Value = "Capacitor"; VariantName = "[No Variations]"
Change component parameters (AddParameter): Name = "ComponentLink1Description"; Value = "1_Datasheet"; VariantName = "[No Variations]"
Change component parameters (AddParameter): Name = "ComponentLink1URL"; Value = ""; VariantName = "[No Variations]"
Change component parameters (AddParameter): Name = "ComponentLink2Description"; Value = "2_Product page"; VariantName = "[No Variations]"
Change component parameters (AddParameter): Name = "ComponentLink2URL"; Value = ""; VariantName = "[No Variations]"
Change component parameters (AddParameter): Name = "ComponentLink3Description"; Value = "3_X-information"; VariantName = "[No Variations]"
Change component parameters (AddParameter): Name = "ComponentLink3URL"; Value = ""; VariantName = "[No Variations]"
Change component parameters (AddParameter): Name = "ComponentLink4Description"; Value = "4_X-information"; VariantName = "[No Variations]"
Change component parameters (AddParameter): Name = "ComponentLink4URL"; Value = ""; VariantName = "[No Variations]"
Change component parameters (AddParameter): Name = "ComponentLink5Description"; Value = ""; VariantName = "[No Variations]"
Change component parameters (AddParameter): Name = "ComponentLink5URL"; Value = ""; VariantName = "[No Variations]"
Change component parameters (AddParameter): Name = "Creation date"; Value = "20190101"; VariantName = "[No Variations]"
Change component parameters (AddParameter): Name = "Dimensions WxLxH"; Value = ""; VariantName = "[No Variations]"
Change component parameters (AddParameter): Name = "ECCN"; Value = ""; VariantName = "[No Variations]"
Change component parameters (AddParameter): Name = "HasBeenBuilt"; Value = "False"; VariantName = "[No Variations]"
Change component parameters (AddParameter): Name = "Manufacturer"; Value = "KYOCERA AVX"; VariantName = "[No Variations]"
Change component parameters (AddParameter): Name = "Manufacturer Part Number"; Value = "KGM03CS61A105MH"; VariantName = "[No Variations]"
Change component parameters (AddParameter): Name = "Operating temperature range"; Value = "-55C to +105C"; VariantName = "[No Variations]"
Change component parameters (AddParameter): Name = "Package"; Value = "0201"; VariantName = "[No Variations]"
Change component parameters (AddParameter): Name = "Part Number"; Value = "KGM03CS61A105MH"; VariantName = "[No Variations]"
Change component parameters (AddParameter): Name = "Remark"; Value = ""; VariantName = "[No Variations]"
Change component parameters (AddParameter): Name = "RoHS"; Value = ""; VariantName = "[No Variations]"
Change component parameters (AddParameter): Name = "Sort order"; Value = "302"; VariantName = "[No Variations]"
Change component parameters (AddParameter): Name = "Source"; Value = "RLC_UN1Q.SchLib"; VariantName = "[No Variations]"
Change component parameters (AddParameter): Name = "System"; Value = "RLC"; VariantName = "[No Variations]"
Change component parameters (AddParameter): Name = "Temperature characteristics"; Value = "X6S"; VariantName = "[No Variations]"
Change component parameters (AddParameter): Name = "Tolerance"; Value = "+/-20%"; VariantName = "[No Variations]"
Change component parameters (AddParameter): Name = "Value"; Value = "1uF"; VariantName = "[No Variations]"
Change component parameters (AddParameter): Name = "Voltage"; Value = "10V"; VariantName = "[No Variations]"
Change component parameters: Designator = "C67" ("C67"); Footprint = "CAP_0402_H09W07_UN1Q"; UniqueID = "\QYQTHZMN" ("\QYQTHZMN")
Change component parameters (AddParameter): Name = "Alternative component"; Value = "Allowed"; VariantName = "[No Variations]"
Change component parameters (AddParameter): Name = "ClassName"; Value = ""; VariantName = "[No Variations]"
Change component parameters (AddParameter): Name = "Component Type"; Value = "Capacitor"; VariantName = "[No Variations]"
Change component parameters (AddParameter): Name = "ComponentLink1Description"; Value = "1_Datasheet"; VariantName = "[No Variations]"
Change component parameters (AddParameter): Name = "ComponentLink1URL"; Value = ""; VariantName = "[No Variations]"
Change component parameters (AddParameter): Name = "ComponentLink2Description"; Value = "2_Product page"; VariantName = "[No Variations]"
Change component parameters (AddParameter): Name = "ComponentLink2URL"; Value = ""; VariantName = "[No Variations]"
Change component parameters (AddParameter): Name = "ComponentLink3Description"; Value = "3_X-information"; VariantName = "[No Variations]"
Change component parameters (AddParameter): Name = "ComponentLink3URL"; Value = ""; VariantName = "[No Variations]"
Change component parameters (AddParameter): Name = "ComponentLink4Description"; Value = "4_X-information"; VariantName = "[No Variations]"
Change component parameters (AddParameter): Name = "ComponentLink4URL"; Value = ""; VariantName = "[No Variations]"
Change component parameters (AddParameter): Name = "Creation date"; Value = "26042024"; VariantName = "[No Variations]"
Change component parameters (AddParameter): Name = "Dimensions WxLxH"; Value = ""; VariantName = "[No Variations]"
Change component parameters (AddParameter): Name = "ECCN"; Value = ""; VariantName = "[No Variations]"
Change component parameters (AddParameter): Name = "HasBeenBuilt"; Value = "TBD"; VariantName = "[No Variations]"
Change component parameters (AddParameter): Name = "Manufacturer"; Value = "Cal-Chip Electronics"; VariantName = "[No Variations]"
Change component parameters (AddParameter): Name = "Manufacturer Part Number"; Value = "GMC04X6S106M6R3NT"; VariantName = "[No Variations]"
Change component parameters (AddParameter): Name = "Operating temperature range"; Value = ""; VariantName = "[No Variations]"
Change component parameters (AddParameter): Name = "Package"; Value = "0402"; VariantName = "[No Variations]"
Change component parameters (AddParameter): Name = "Part Number"; Value = "GMC04X6S106M6R3NT"; VariantName = "[No Variations]"
Change component parameters (AddParameter): Name = "Remark"; Value = ""; VariantName = "[No Variations]"
Change component parameters (AddParameter): Name = "RoHS"; Value = ""; VariantName = "[No Variations]"
Change component parameters (AddParameter): Name = "Sort order"; Value = "304"; VariantName = "[No Variations]"
Change component parameters (AddParameter): Name = "Source"; Value = ""; VariantName = "[No Variations]"
Change component parameters (AddParameter): Name = "System"; Value = "RLC"; VariantName = "[No Variations]"
Change component parameters (AddParameter): Name = "Temperature characteristics"; Value = "X6S"; VariantName = "[No Variations]"
Change component parameters (AddParameter): Name = "Tolerance"; Value = "+/-20%"; VariantName = "[No Variations]"
Change component parameters (AddParameter): Name = "Value"; Value = "10uF"; VariantName = "[No Variations]"
Change component parameters (AddParameter): Name = "Voltage"; Value = "6.3V"; VariantName = "[No Variations]"
Change component parameters: Designator = "C68" ("C68"); Footprint = "CAP_0402_H09W07_UN1Q"; UniqueID = "\ULAWHFGV" ("\ULAWHFGV")
Change component parameters (AddParameter): Name = "Alternative component"; Value = "Allowed"; VariantName = "[No Variations]"
Change component parameters (AddParameter): Name = "ClassName"; Value = ""; VariantName = "[No Variations]"
Change component parameters (AddParameter): Name = "Component Type"; Value = "Capacitor"; VariantName = "[No Variations]"
Change component parameters (AddParameter): Name = "ComponentLink1Description"; Value = "1_Datasheet"; VariantName = "[No Variations]"
Change component parameters (AddParameter): Name = "ComponentLink1URL"; Value = ""; VariantName = "[No Variations]"
Change component parameters (AddParameter): Name = "ComponentLink2Description"; Value = "2_Product page"; VariantName = "[No Variations]"
Change component parameters (AddParameter): Name = "ComponentLink2URL"; Value = ""; VariantName = "[No Variations]"
Change component parameters (AddParameter): Name = "ComponentLink3Description"; Value = "3_X-information"; VariantName = "[No Variations]"
Change component parameters (AddParameter): Name = "ComponentLink3URL"; Value = ""; VariantName = "[No Variations]"
Change component parameters (AddParameter): Name = "ComponentLink4Description"; Value = "4_X-information"; VariantName = "[No Variations]"
Change component parameters (AddParameter): Name = "ComponentLink4URL"; Value = ""; VariantName = "[No Variations]"
Change component parameters (AddParameter): Name = "Creation date"; Value = "26042024"; VariantName = "[No Variations]"
Change component parameters (AddParameter): Name = "Dimensions WxLxH"; Value = ""; VariantName = "[No Variations]"
Change component parameters (AddParameter): Name = "ECCN"; Value = ""; VariantName = "[No Variations]"
Change component parameters (AddParameter): Name = "HasBeenBuilt"; Value = "TBD"; VariantName = "[No Variations]"
Change component parameters (AddParameter): Name = "Manufacturer"; Value = "Cal-Chip Electronics"; VariantName = "[No Variations]"
Change component parameters (AddParameter): Name = "Manufacturer Part Number"; Value = "GMC04X6S106M6R3NT"; VariantName = "[No Variations]"
Change component parameters (AddParameter): Name = "Operating temperature range"; Value = ""; VariantName = "[No Variations]"
Change component parameters (AddParameter): Name = "Package"; Value = "0402"; VariantName = "[No Variations]"
Change component parameters (AddParameter): Name = "Part Number"; Value = "GMC04X6S106M6R3NT"; VariantName = "[No Variations]"
Change component parameters (AddParameter): Name = "Remark"; Value = ""; VariantName = "[No Variations]"
Change component parameters (AddParameter): Name = "RoHS"; Value = ""; VariantName = "[No Variations]"
Change component parameters (AddParameter): Name = "Sort order"; Value = "304"; VariantName = "[No Variations]"
Change component parameters (AddParameter): Name = "Source"; Value = ""; VariantName = "[No Variations]"
Change component parameters (AddParameter): Name = "System"; Value = "RLC"; VariantName = "[No Variations]"
Change component parameters (AddParameter): Name = "Temperature characteristics"; Value = "X6S"; VariantName = "[No Variations]"
Change component parameters (AddParameter): Name = "Tolerance"; Value = "+/-20%"; VariantName = "[No Variations]"
Change component parameters (AddParameter): Name = "Value"; Value = "10uF"; VariantName = "[No Variations]"
Change component parameters (AddParameter): Name = "Voltage"; Value = "6.3V"; VariantName = "[No Variations]"
Change component parameters: Designator = "C69" ("C69"); Footprint = "CAP_0201_UN1Q"; UniqueID = "\VKJXNUUE" ("\VKJXNUUE")
Change component parameters (AddParameter): Name = "Alternative component"; Value = "Allowed"; VariantName = "[No Variations]"
Change component parameters (AddParameter): Name = "ClassName"; Value = "SMALL"; VariantName = "[No Variations]"
Change component parameters (AddParameter): Name = "Component Type"; Value = "Capacitor"; VariantName = "[No Variations]"
Change component parameters (AddParameter): Name = "ComponentLink1Description"; Value = "1_Datasheet"; VariantName = "[No Variations]"
Change component parameters (AddParameter): Name = "ComponentLink1URL"; Value = ""; VariantName = "[No Variations]"
Change component parameters (AddParameter): Name = "ComponentLink2Description"; Value = "2_Product page"; VariantName = "[No Variations]"
Change component parameters (AddParameter): Name = "ComponentLink2URL"; Value = ""; VariantName = "[No Variations]"
Change component parameters (AddParameter): Name = "ComponentLink3Description"; Value = "3_X-information"; VariantName = "[No Variations]"
Change component parameters (AddParameter): Name = "ComponentLink3URL"; Value = ""; VariantName = "[No Variations]"
Change component parameters (AddParameter): Name = "ComponentLink4Description"; Value = "4_X-information"; VariantName = "[No Variations]"
Change component parameters (AddParameter): Name = "ComponentLink4URL"; Value = ""; VariantName = "[No Variations]"
Change component parameters (AddParameter): Name = "ComponentLink5Description"; Value = ""; VariantName = "[No Variations]"
Change component parameters (AddParameter): Name = "ComponentLink5URL"; Value = ""; VariantName = "[No Variations]"
Change component parameters (AddParameter): Name = "Creation date"; Value = "20190101"; VariantName = "[No Variations]"
Change component parameters (AddParameter): Name = "Dimensions WxLxH"; Value = ""; VariantName = "[No Variations]"
Change component parameters (AddParameter): Name = "ECCN"; Value = ""; VariantName = "[No Variations]"
Change component parameters (AddParameter): Name = "HasBeenBuilt"; Value = "False"; VariantName = "[No Variations]"
Change component parameters (AddParameter): Name = "Manufacturer"; Value = "KYOCERA AVX"; VariantName = "[No Variations]"
Change component parameters (AddParameter): Name = "Manufacturer Part Number"; Value = "KGM03CS61A105MH"; VariantName = "[No Variations]"
Change component parameters (AddParameter): Name = "Operating temperature range"; Value = "-55C to +105C"; VariantName = "[No Variations]"
Change component parameters (AddParameter): Name = "Package"; Value = "0201"; VariantName = "[No Variations]"
Change component parameters (AddParameter): Name = "Part Number"; Value = "KGM03CS61A105MH"; VariantName = "[No Variations]"
Change component parameters (AddParameter): Name = "Remark"; Value = ""; VariantName = "[No Variations]"
Change component parameters (AddParameter): Name = "RoHS"; Value = ""; VariantName = "[No Variations]"
Change component parameters (AddParameter): Name = "Sort order"; Value = "302"; VariantName = "[No Variations]"
Change component parameters (AddParameter): Name = "Source"; Value = "RLC_UN1Q.SchLib"; VariantName = "[No Variations]"
Change component parameters (AddParameter): Name = "System"; Value = "RLC"; VariantName = "[No Variations]"
Change component parameters (AddParameter): Name = "Temperature characteristics"; Value = "X6S"; VariantName = "[No Variations]"
Change component parameters (AddParameter): Name = "Tolerance"; Value = "+/-20%"; VariantName = "[No Variations]"
Change component parameters (AddParameter): Name = "Value"; Value = "1uF"; VariantName = "[No Variations]"
Change component parameters (AddParameter): Name = "Voltage"; Value = "10V"; VariantName = "[No Variations]"
Change component parameters: Designator = "C70" ("C70"); Footprint = "CAP_0201_UN1Q"; UniqueID = "\GKTUYLUJ" ("\GKTUYLUJ")
Change component parameters (AddParameter): Name = "Alternative component"; Value = "Allowed"; VariantName = "[No Variations]"
Change component parameters (AddParameter): Name = "ClassName"; Value = "SMALL"; VariantName = "[No Variations]"
Change component parameters (AddParameter): Name = "Component Type"; Value = "Capacitor"; VariantName = "[No Variations]"
Change component parameters (AddParameter): Name = "ComponentLink1Description"; Value = "1_Datasheet"; VariantName = "[No Variations]"
Change component parameters (AddParameter): Name = "ComponentLink1URL"; Value = ""; VariantName = "[No Variations]"
Change component parameters (AddParameter): Name = "ComponentLink2Description"; Value = "2_Product page"; VariantName = "[No Variations]"
Change component parameters (AddParameter): Name = "ComponentLink2URL"; Value = ""; VariantName = "[No Variations]"
Change component parameters (AddParameter): Name = "ComponentLink3Description"; Value = "3_X-information"; VariantName = "[No Variations]"
Change component parameters (AddParameter): Name = "ComponentLink3URL"; Value = ""; VariantName = "[No Variations]"
Change component parameters (AddParameter): Name = "ComponentLink4Description"; Value = "4_X-information"; VariantName = "[No Variations]"
Change component parameters (AddParameter): Name = "ComponentLink4URL"; Value = ""; VariantName = "[No Variations]"
Change component parameters (AddParameter): Name = "ComponentLink5Description"; Value = ""; VariantName = "[No Variations]"
Change component parameters (AddParameter): Name = "ComponentLink5URL"; Value = ""; VariantName = "[No Variations]"
Change component parameters (AddParameter): Name = "Creation date"; Value = "20190101"; VariantName = "[No Variations]"
Change component parameters (AddParameter): Name = "Dimensions WxLxH"; Value = ""; VariantName = "[No Variations]"
Change component parameters (AddParameter): Name = "ECCN"; Value = ""; VariantName = "[No Variations]"
Change component parameters (AddParameter): Name = "HasBeenBuilt"; Value = "False"; VariantName = "[No Variations]"
Change component parameters (AddParameter): Name = "Manufacturer"; Value = "KYOCERA AVX"; VariantName = "[No Variations]"
Change component parameters (AddParameter): Name = "Manufacturer Part Number"; Value = "KGM03CS61A105MH"; VariantName = "[No Variations]"
Change component parameters (AddParameter): Name = "Operating temperature range"; Value = "-55C to +105C"; VariantName = "[No Variations]"
Change component parameters (AddParameter): Name = "Package"; Value = "0201"; VariantName = "[No Variations]"
Change component parameters (AddParameter): Name = "Part Number"; Value = "KGM03CS61A105MH"; VariantName = "[No Variations]"
Change component parameters (AddParameter): Name = "Remark"; Value = ""; VariantName = "[No Variations]"
Change component parameters (AddParameter): Name = "RoHS"; Value = ""; VariantName = "[No Variations]"
Change component parameters (AddParameter): Name = "Sort order"; Value = "302"; VariantName = "[No Variations]"
Change component parameters (AddParameter): Name = "Source"; Value = "RLC_UN1Q.SchLib"; VariantName = "[No Variations]"
Change component parameters (AddParameter): Name = "System"; Value = "RLC"; VariantName = "[No Variations]"
Change component parameters (AddParameter): Name = "Temperature characteristics"; Value = "X6S"; VariantName = "[No Variations]"
Change component parameters (AddParameter): Name = "Tolerance"; Value = "+/-20%"; VariantName = "[No Variations]"
Change component parameters (AddParameter): Name = "Value"; Value = "1uF"; VariantName = "[No Variations]"
Change component parameters (AddParameter): Name = "Voltage"; Value = "10V"; VariantName = "[No Variations]"
Change component parameters: Designator = "C71" ("C71"); Footprint = "CAP_0201_UN1Q"; UniqueID = "\OZGQPCLP" ("\OZGQPCLP")
Change component parameters (AddParameter): Name = "Alternative component"; Value = "Allowed"; VariantName = "[No Variations]"
Change component parameters (AddParameter): Name = "ClassName"; Value = "SMALL"; VariantName = "[No Variations]"
Change component parameters (AddParameter): Name = "Component Type"; Value = "Capacitor"; VariantName = "[No Variations]"
Change component parameters (AddParameter): Name = "ComponentLink1Description"; Value = "1_Datasheet"; VariantName = "[No Variations]"
Change component parameters (AddParameter): Name = "ComponentLink1URL"; Value = ""; VariantName = "[No Variations]"
Change component parameters (AddParameter): Name = "ComponentLink2Description"; Value = "2_Product page"; VariantName = "[No Variations]"
Change component parameters (AddParameter): Name = "ComponentLink2URL"; Value = ""; VariantName = "[No Variations]"
Change component parameters (AddParameter): Name = "ComponentLink3Description"; Value = "3_X-information"; VariantName = "[No Variations]"
Change component parameters (AddParameter): Name = "ComponentLink3URL"; Value = ""; VariantName = "[No Variations]"
Change component parameters (AddParameter): Name = "ComponentLink4Description"; Value = "4_X-information"; VariantName = "[No Variations]"
Change component parameters (AddParameter): Name = "ComponentLink4URL"; Value = ""; VariantName = "[No Variations]"
Change component parameters (AddParameter): Name = "ComponentLink5Description"; Value = ""; VariantName = "[No Variations]"
Change component parameters (AddParameter): Name = "ComponentLink5URL"; Value = ""; VariantName = "[No Variations]"
Change component parameters (AddParameter): Name = "Creation date"; Value = "20190101"; VariantName = "[No Variations]"
Change component parameters (AddParameter): Name = "Dimensions WxLxH"; Value = ""; VariantName = "[No Variations]"
Change component parameters (AddParameter): Name = "ECCN"; Value = ""; VariantName = "[No Variations]"
Change component parameters (AddParameter): Name = "HasBeenBuilt"; Value = "False"; VariantName = "[No Variations]"
Change component parameters (AddParameter): Name = "Manufacturer"; Value = "KYOCERA AVX"; VariantName = "[No Variations]"
Change component parameters (AddParameter): Name = "Manufacturer Part Number"; Value = "KGM03CS61A105MH"; VariantName = "[No Variations]"
Change component parameters (AddParameter): Name = "Operating temperature range"; Value = "-55C to +105C"; VariantName = "[No Variations]"
Change component parameters (AddParameter): Name = "Package"; Value = "0201"; VariantName = "[No Variations]"
Change component parameters (AddParameter): Name = "Part Number"; Value = "KGM03CS61A105MH"; VariantName = "[No Variations]"
Change component parameters (AddParameter): Name = "Remark"; Value = ""; VariantName = "[No Variations]"
Change component parameters (AddParameter): Name = "RoHS"; Value = ""; VariantName = "[No Variations]"
Change component parameters (AddParameter): Name = "Sort order"; Value = "302"; VariantName = "[No Variations]"
Change component parameters (AddParameter): Name = "Source"; Value = "RLC_UN1Q.SchLib"; VariantName = "[No Variations]"
Change component parameters (AddParameter): Name = "System"; Value = "RLC"; VariantName = "[No Variations]"
Change component parameters (AddParameter): Name = "Temperature characteristics"; Value = "X6S"; VariantName = "[No Variations]"
Change component parameters (AddParameter): Name = "Tolerance"; Value = "+/-20%"; VariantName = "[No Variations]"
Change component parameters (AddParameter): Name = "Value"; Value = "1uF"; VariantName = "[No Variations]"
Change component parameters (AddParameter): Name = "Voltage"; Value = "10V"; VariantName = "[No Variations]"
Change component parameters: Designator = "C72" ("C72"); Footprint = "CAP_0201_UN1Q"; UniqueID = "\CBFSLYIM" ("\CBFSLYIM")
Change component parameters (AddParameter): Name = "Alternative component"; Value = "Allowed"; VariantName = "[No Variations]"
Change component parameters (AddParameter): Name = "ClassName"; Value = "SMALL"; VariantName = "[No Variations]"
Change component parameters (AddParameter): Name = "Component Type"; Value = "Capacitor"; VariantName = "[No Variations]"
Change component parameters (AddParameter): Name = "ComponentLink1Description"; Value = "1_Datasheet"; VariantName = "[No Variations]"
Change component parameters (AddParameter): Name = "ComponentLink1URL"; Value = ""; VariantName = "[No Variations]"
Change component parameters (AddParameter): Name = "ComponentLink2Description"; Value = "2_Product page"; VariantName = "[No Variations]"
Change component parameters (AddParameter): Name = "ComponentLink2URL"; Value = ""; VariantName = "[No Variations]"
Change component parameters (AddParameter): Name = "ComponentLink3Description"; Value = "3_X-information"; VariantName = "[No Variations]"
Change component parameters (AddParameter): Name = "ComponentLink3URL"; Value = ""; VariantName = "[No Variations]"
Change component parameters (AddParameter): Name = "ComponentLink4Description"; Value = "4_X-information"; VariantName = "[No Variations]"
Change component parameters (AddParameter): Name = "ComponentLink4URL"; Value = ""; VariantName = "[No Variations]"
Change component parameters (AddParameter): Name = "ComponentLink5Description"; Value = ""; VariantName = "[No Variations]"
Change component parameters (AddParameter): Name = "ComponentLink5URL"; Value = ""; VariantName = "[No Variations]"
Change component parameters (AddParameter): Name = "Creation date"; Value = "20190101"; VariantName = "[No Variations]"
Change component parameters (AddParameter): Name = "Dimensions WxLxH"; Value = ""; VariantName = "[No Variations]"
Change component parameters (AddParameter): Name = "ECCN"; Value = ""; VariantName = "[No Variations]"
Change component parameters (AddParameter): Name = "HasBeenBuilt"; Value = "False"; VariantName = "[No Variations]"
Change component parameters (AddParameter): Name = "Manufacturer"; Value = "KYOCERA AVX"; VariantName = "[No Variations]"
Change component parameters (AddParameter): Name = "Manufacturer Part Number"; Value = "KGM03CS61A105MH"; VariantName = "[No Variations]"
Change component parameters (AddParameter): Name = "Operating temperature range"; Value = "-55C to +105C"; VariantName = "[No Variations]"
Change component parameters (AddParameter): Name = "Package"; Value = "0201"; VariantName = "[No Variations]"
Change component parameters (AddParameter): Name = "Part Number"; Value = "KGM03CS61A105MH"; VariantName = "[No Variations]"
Change component parameters (AddParameter): Name = "Remark"; Value = ""; VariantName = "[No Variations]"
Change component parameters (AddParameter): Name = "RoHS"; Value = ""; VariantName = "[No Variations]"
Change component parameters (AddParameter): Name = "Sort order"; Value = "302"; VariantName = "[No Variations]"
Change component parameters (AddParameter): Name = "Source"; Value = "RLC_UN1Q.SchLib"; VariantName = "[No Variations]"
Change component parameters (AddParameter): Name = "System"; Value = "RLC"; VariantName = "[No Variations]"
Change component parameters (AddParameter): Name = "Temperature characteristics"; Value = "X6S"; VariantName = "[No Variations]"
Change component parameters (AddParameter): Name = "Tolerance"; Value = "+/-20%"; VariantName = "[No Variations]"
Change component parameters (AddParameter): Name = "Value"; Value = "1uF"; VariantName = "[No Variations]"
Change component parameters (AddParameter): Name = "Voltage"; Value = "10V"; VariantName = "[No Variations]"
Change component parameters: Designator = "C73" ("C73"); Footprint = "CAP_0201_UN1Q"; UniqueID = "\ETTPSFMI" ("\ETTPSFMI")
Change component parameters (AddParameter): Name = "Alternative component"; Value = "Allowed"; VariantName = "[No Variations]"
Change component parameters (AddParameter): Name = "ClassName"; Value = "SMALL"; VariantName = "[No Variations]"
Change component parameters (AddParameter): Name = "Component Type"; Value = "Capacitor"; VariantName = "[No Variations]"
Change component parameters (AddParameter): Name = "ComponentLink1Description"; Value = "1_Datasheet"; VariantName = "[No Variations]"
Change component parameters (AddParameter): Name = "ComponentLink1URL"; Value = ""; VariantName = "[No Variations]"
Change component parameters (AddParameter): Name = "ComponentLink2Description"; Value = "2_Product page"; VariantName = "[No Variations]"
Change component parameters (AddParameter): Name = "ComponentLink2URL"; Value = ""; VariantName = "[No Variations]"
Change component parameters (AddParameter): Name = "ComponentLink3Description"; Value = "3_X-information"; VariantName = "[No Variations]"
Change component parameters (AddParameter): Name = "ComponentLink3URL"; Value = ""; VariantName = "[No Variations]"
Change component parameters (AddParameter): Name = "ComponentLink4Description"; Value = "4_X-information"; VariantName = "[No Variations]"
Change component parameters (AddParameter): Name = "ComponentLink4URL"; Value = ""; VariantName = "[No Variations]"
Change component parameters (AddParameter): Name = "ComponentLink5Description"; Value = ""; VariantName = "[No Variations]"
Change component parameters (AddParameter): Name = "ComponentLink5URL"; Value = ""; VariantName = "[No Variations]"
Change component parameters (AddParameter): Name = "Creation date"; Value = "20190101"; VariantName = "[No Variations]"
Change component parameters (AddParameter): Name = "Dimensions WxLxH"; Value = ""; VariantName = "[No Variations]"
Change component parameters (AddParameter): Name = "ECCN"; Value = ""; VariantName = "[No Variations]"
Change component parameters (AddParameter): Name = "HasBeenBuilt"; Value = "False"; VariantName = "[No Variations]"
Change component parameters (AddParameter): Name = "Manufacturer"; Value = "KYOCERA AVX"; VariantName = "[No Variations]"
Change component parameters (AddParameter): Name = "Manufacturer Part Number"; Value = "KGM03CS61A105MH"; VariantName = "[No Variations]"
Change component parameters (AddParameter): Name = "Operating temperature range"; Value = "-55C to +105C"; VariantName = "[No Variations]"
Change component parameters (AddParameter): Name = "Package"; Value = "0201"; VariantName = "[No Variations]"
Change component parameters (AddParameter): Name = "Part Number"; Value = "KGM03CS61A105MH"; VariantName = "[No Variations]"
Change component parameters (AddParameter): Name = "Remark"; Value = ""; VariantName = "[No Variations]"
Change component parameters (AddParameter): Name = "RoHS"; Value = ""; VariantName = "[No Variations]"
Change component parameters (AddParameter): Name = "Sort order"; Value = "302"; VariantName = "[No Variations]"
Change component parameters (AddParameter): Name = "Source"; Value = "RLC_UN1Q.SchLib"; VariantName = "[No Variations]"
Change component parameters (AddParameter): Name = "System"; Value = "RLC"; VariantName = "[No Variations]"
Change component parameters (AddParameter): Name = "Temperature characteristics"; Value = "X6S"; VariantName = "[No Variations]"
Change component parameters (AddParameter): Name = "Tolerance"; Value = "+/-20%"; VariantName = "[No Variations]"
Change component parameters (AddParameter): Name = "Value"; Value = "1uF"; VariantName = "[No Variations]"
Change component parameters (AddParameter): Name = "Voltage"; Value = "10V"; VariantName = "[No Variations]"
Change component parameters: Designator = "C74" ("C74"); Footprint = "CAP_0201_UN1Q"; UniqueID = "\EQALDTIU" ("\EQALDTIU")
Change component parameters (AddParameter): Name = "Alternative component"; Value = "Allowed"; VariantName = "[No Variations]"
Change component parameters (AddParameter): Name = "ClassName"; Value = "SMALL"; VariantName = "[No Variations]"
Change component parameters (AddParameter): Name = "Component Type"; Value = "Capacitor"; VariantName = "[No Variations]"
Change component parameters (AddParameter): Name = "ComponentLink1Description"; Value = "1_Datasheet"; VariantName = "[No Variations]"
Change component parameters (AddParameter): Name = "ComponentLink1URL"; Value = ""; VariantName = "[No Variations]"
Change component parameters (AddParameter): Name = "ComponentLink2Description"; Value = "2_Product page"; VariantName = "[No Variations]"
Change component parameters (AddParameter): Name = "ComponentLink2URL"; Value = ""; VariantName = "[No Variations]"
Change component parameters (AddParameter): Name = "ComponentLink3Description"; Value = "3_X-information"; VariantName = "[No Variations]"
Change component parameters (AddParameter): Name = "ComponentLink3URL"; Value = ""; VariantName = "[No Variations]"
Change component parameters (AddParameter): Name = "ComponentLink4Description"; Value = "4_X-information"; VariantName = "[No Variations]"
Change component parameters (AddParameter): Name = "ComponentLink4URL"; Value = ""; VariantName = "[No Variations]"
Change component parameters (AddParameter): Name = "ComponentLink5Description"; Value = ""; VariantName = "[No Variations]"
Change component parameters (AddParameter): Name = "ComponentLink5URL"; Value = ""; VariantName = "[No Variations]"
Change component parameters (AddParameter): Name = "Creation date"; Value = "20190101"; VariantName = "[No Variations]"
Change component parameters (AddParameter): Name = "Dimensions WxLxH"; Value = ""; VariantName = "[No Variations]"
Change component parameters (AddParameter): Name = "ECCN"; Value = ""; VariantName = "[No Variations]"
Change component parameters (AddParameter): Name = "HasBeenBuilt"; Value = "False"; VariantName = "[No Variations]"
Change component parameters (AddParameter): Name = "Manufacturer"; Value = "KYOCERA AVX"; VariantName = "[No Variations]"
Change component parameters (AddParameter): Name = "Manufacturer Part Number"; Value = "KGM03CS61A105MH"; VariantName = "[No Variations]"
Change component parameters (AddParameter): Name = "Operating temperature range"; Value = "-55C to +105C"; VariantName = "[No Variations]"
Change component parameters (AddParameter): Name = "Package"; Value = "0201"; VariantName = "[No Variations]"
Change component parameters (AddParameter): Name = "Part Number"; Value = "KGM03CS61A105MH"; VariantName = "[No Variations]"
Change component parameters (AddParameter): Name = "Remark"; Value = ""; VariantName = "[No Variations]"
Change component parameters (AddParameter): Name = "RoHS"; Value = ""; VariantName = "[No Variations]"
Change component parameters (AddParameter): Name = "Sort order"; Value = "302"; VariantName = "[No Variations]"
Change component parameters (AddParameter): Name = "Source"; Value = "RLC_UN1Q.SchLib"; VariantName = "[No Variations]"
Change component parameters (AddParameter): Name = "System"; Value = "RLC"; VariantName = "[No Variations]"
Change component parameters (AddParameter): Name = "Temperature characteristics"; Value = "X6S"; VariantName = "[No Variations]"
Change component parameters (AddParameter): Name = "Tolerance"; Value = "+/-20%"; VariantName = "[No Variations]"
Change component parameters (AddParameter): Name = "Value"; Value = "1uF"; VariantName = "[No Variations]"
Change component parameters (AddParameter): Name = "Voltage"; Value = "10V"; VariantName = "[No Variations]"
Change component parameters: Designator = "C75" ("C75"); Footprint = "CAP_0402_H09W07_UN1Q"; UniqueID = "\EDQLITER" ("\EDQLITER")
Change component parameters (AddParameter): Name = "Alternative component"; Value = "Allowed"; VariantName = "[No Variations]"
Change component parameters (AddParameter): Name = "ClassName"; Value = ""; VariantName = "[No Variations]"
Change component parameters (AddParameter): Name = "Component Type"; Value = "Capacitor"; VariantName = "[No Variations]"
Change component parameters (AddParameter): Name = "ComponentLink1Description"; Value = "1_Datasheet"; VariantName = "[No Variations]"
Change component parameters (AddParameter): Name = "ComponentLink1URL"; Value = ""; VariantName = "[No Variations]"
Change component parameters (AddParameter): Name = "ComponentLink2Description"; Value = "2_Product page"; VariantName = "[No Variations]"
Change component parameters (AddParameter): Name = "ComponentLink2URL"; Value = ""; VariantName = "[No Variations]"
Change component parameters (AddParameter): Name = "ComponentLink3Description"; Value = "3_X-information"; VariantName = "[No Variations]"
Change component parameters (AddParameter): Name = "ComponentLink3URL"; Value = ""; VariantName = "[No Variations]"
Change component parameters (AddParameter): Name = "ComponentLink4Description"; Value = "4_X-information"; VariantName = "[No Variations]"
Change component parameters (AddParameter): Name = "ComponentLink4URL"; Value = ""; VariantName = "[No Variations]"
Change component parameters (AddParameter): Name = "Creation date"; Value = "26042024"; VariantName = "[No Variations]"
Change component parameters (AddParameter): Name = "Dimensions WxLxH"; Value = ""; VariantName = "[No Variations]"
Change component parameters (AddParameter): Name = "ECCN"; Value = ""; VariantName = "[No Variations]"
Change component parameters (AddParameter): Name = "HasBeenBuilt"; Value = "TBD"; VariantName = "[No Variations]"
Change component parameters (AddParameter): Name = "Manufacturer"; Value = "Cal-Chip Electronics"; VariantName = "[No Variations]"
Change component parameters (AddParameter): Name = "Manufacturer Part Number"; Value = "GMC04X6S106M6R3NT"; VariantName = "[No Variations]"
Change component parameters (AddParameter): Name = "Operating temperature range"; Value = ""; VariantName = "[No Variations]"
Change component parameters (AddParameter): Name = "Package"; Value = "0402"; VariantName = "[No Variations]"
Change component parameters (AddParameter): Name = "Part Number"; Value = "GMC04X6S106M6R3NT"; VariantName = "[No Variations]"
Change component parameters (AddParameter): Name = "Remark"; Value = ""; VariantName = "[No Variations]"
Change component parameters (AddParameter): Name = "RoHS"; Value = ""; VariantName = "[No Variations]"
Change component parameters (AddParameter): Name = "Sort order"; Value = "304"; VariantName = "[No Variations]"
Change component parameters (AddParameter): Name = "Source"; Value = ""; VariantName = "[No Variations]"
Change component parameters (AddParameter): Name = "System"; Value = "RLC"; VariantName = "[No Variations]"
Change component parameters (AddParameter): Name = "Temperature characteristics"; Value = "X6S"; VariantName = "[No Variations]"
Change component parameters (AddParameter): Name = "Tolerance"; Value = "+/-20%"; VariantName = "[No Variations]"
Change component parameters (AddParameter): Name = "Value"; Value = "10uF"; VariantName = "[No Variations]"
Change component parameters (AddParameter): Name = "Voltage"; Value = "6.3V"; VariantName = "[No Variations]"
Change component parameters: Designator = "C76" ("C76"); Footprint = "CAP_0201_UN1Q"; UniqueID = "\BTFZBGQP" ("\BTFZBGQP")
Change component parameters (AddParameter): Name = "Alternative component"; Value = "Allowed"; VariantName = "[No Variations]"
Change component parameters (AddParameter): Name = "ClassName"; Value = "SMALL"; VariantName = "[No Variations]"
Change component parameters (AddParameter): Name = "Component Type"; Value = "Capacitor"; VariantName = "[No Variations]"
Change component parameters (AddParameter): Name = "ComponentLink1Description"; Value = "1_Datasheet"; VariantName = "[No Variations]"
Change component parameters (AddParameter): Name = "ComponentLink1URL"; Value = ""; VariantName = "[No Variations]"
Change component parameters (AddParameter): Name = "ComponentLink2Description"; Value = "2_Product page"; VariantName = "[No Variations]"
Change component parameters (AddParameter): Name = "ComponentLink2URL"; Value = ""; VariantName = "[No Variations]"
Change component parameters (AddParameter): Name = "ComponentLink3Description"; Value = "3_X-information"; VariantName = "[No Variations]"
Change component parameters (AddParameter): Name = "ComponentLink3URL"; Value = ""; VariantName = "[No Variations]"
Change component parameters (AddParameter): Name = "ComponentLink4Description"; Value = "4_X-information"; VariantName = "[No Variations]"
Change component parameters (AddParameter): Name = "ComponentLink4URL"; Value = ""; VariantName = "[No Variations]"
Change component parameters (AddParameter): Name = "ComponentLink5Description"; Value = ""; VariantName = "[No Variations]"
Change component parameters (AddParameter): Name = "ComponentLink5URL"; Value = ""; VariantName = "[No Variations]"
Change component parameters (AddParameter): Name = "Creation date"; Value = "20190101"; VariantName = "[No Variations]"
Change component parameters (AddParameter): Name = "Dimensions WxLxH"; Value = ""; VariantName = "[No Variations]"
Change component parameters (AddParameter): Name = "ECCN"; Value = ""; VariantName = "[No Variations]"
Change component parameters (AddParameter): Name = "HasBeenBuilt"; Value = "False"; VariantName = "[No Variations]"
Change component parameters (AddParameter): Name = "Manufacturer"; Value = "KYOCERA AVX"; VariantName = "[No Variations]"
Change component parameters (AddParameter): Name = "Manufacturer Part Number"; Value = "KGM03CS61A105MH"; VariantName = "[No Variations]"
Change component parameters (AddParameter): Name = "Operating temperature range"; Value = "-55C to +105C"; VariantName = "[No Variations]"
Change component parameters (AddParameter): Name = "Package"; Value = "0201"; VariantName = "[No Variations]"
Change component parameters (AddParameter): Name = "Part Number"; Value = "KGM03CS61A105MH"; VariantName = "[No Variations]"
Change component parameters (AddParameter): Name = "Remark"; Value = ""; VariantName = "[No Variations]"
Change component parameters (AddParameter): Name = "RoHS"; Value = ""; VariantName = "[No Variations]"
Change component parameters (AddParameter): Name = "Sort order"; Value = "302"; VariantName = "[No Variations]"
Change component parameters (AddParameter): Name = "Source"; Value = "RLC_UN1Q.SchLib"; VariantName = "[No Variations]"
Change component parameters (AddParameter): Name = "System"; Value = "RLC"; VariantName = "[No Variations]"
Change component parameters (AddParameter): Name = "Temperature characteristics"; Value = "X6S"; VariantName = "[No Variations]"
Change component parameters (AddParameter): Name = "Tolerance"; Value = "+/-20%"; VariantName = "[No Variations]"
Change component parameters (AddParameter): Name = "Value"; Value = "1uF"; VariantName = "[No Variations]"
Change component parameters (AddParameter): Name = "Voltage"; Value = "10V"; VariantName = "[No Variations]"
Change component parameters: Designator = "C77" ("C77"); Footprint = "CAP_0201_UN1Q"; UniqueID = "\ZWWFUGDC" ("\ZWWFUGDC")
Change component parameters (AddParameter): Name = "Alternative component"; Value = "Allowed"; VariantName = "[No Variations]"
Change component parameters (AddParameter): Name = "ClassName"; Value = "SMALL"; VariantName = "[No Variations]"
Change component parameters (AddParameter): Name = "Component Type"; Value = "Capacitor"; VariantName = "[No Variations]"
Change component parameters (AddParameter): Name = "ComponentLink1Description"; Value = "1_Datasheet"; VariantName = "[No Variations]"
Change component parameters (AddParameter): Name = "ComponentLink1URL"; Value = ""; VariantName = "[No Variations]"
Change component parameters (AddParameter): Name = "ComponentLink2Description"; Value = "2_Product page"; VariantName = "[No Variations]"
Change component parameters (AddParameter): Name = "ComponentLink2URL"; Value = ""; VariantName = "[No Variations]"
Change component parameters (AddParameter): Name = "ComponentLink3Description"; Value = "3_X-information"; VariantName = "[No Variations]"
Change component parameters (AddParameter): Name = "ComponentLink3URL"; Value = ""; VariantName = "[No Variations]"
Change component parameters (AddParameter): Name = "ComponentLink4Description"; Value = "4_X-information"; VariantName = "[No Variations]"
Change component parameters (AddParameter): Name = "ComponentLink4URL"; Value = ""; VariantName = "[No Variations]"
Change component parameters (AddParameter): Name = "ComponentLink5Description"; Value = ""; VariantName = "[No Variations]"
Change component parameters (AddParameter): Name = "ComponentLink5URL"; Value = ""; VariantName = "[No Variations]"
Change component parameters (AddParameter): Name = "Creation date"; Value = "20190101"; VariantName = "[No Variations]"
Change component parameters (AddParameter): Name = "Dimensions WxLxH"; Value = ""; VariantName = "[No Variations]"
Change component parameters (AddParameter): Name = "ECCN"; Value = ""; VariantName = "[No Variations]"
Change component parameters (AddParameter): Name = "HasBeenBuilt"; Value = "False"; VariantName = "[No Variations]"
Change component parameters (AddParameter): Name = "Manufacturer"; Value = "KYOCERA AVX"; VariantName = "[No Variations]"
Change component parameters (AddParameter): Name = "Manufacturer Part Number"; Value = "KGM03CS61A105MH"; VariantName = "[No Variations]"
Change component parameters (AddParameter): Name = "Operating temperature range"; Value = "-55C to +105C"; VariantName = "[No Variations]"
Change component parameters (AddParameter): Name = "Package"; Value = "0201"; VariantName = "[No Variations]"
Change component parameters (AddParameter): Name = "Part Number"; Value = "KGM03CS61A105MH"; VariantName = "[No Variations]"
Change component parameters (AddParameter): Name = "Remark"; Value = ""; VariantName = "[No Variations]"
Change component parameters (AddParameter): Name = "RoHS"; Value = ""; VariantName = "[No Variations]"
Change component parameters (AddParameter): Name = "Sort order"; Value = "302"; VariantName = "[No Variations]"
Change component parameters (AddParameter): Name = "Source"; Value = "RLC_UN1Q.SchLib"; VariantName = "[No Variations]"
Change component parameters (AddParameter): Name = "System"; Value = "RLC"; VariantName = "[No Variations]"
Change component parameters (AddParameter): Name = "Temperature characteristics"; Value = "X6S"; VariantName = "[No Variations]"
Change component parameters (AddParameter): Name = "Tolerance"; Value = "+/-20%"; VariantName = "[No Variations]"
Change component parameters (AddParameter): Name = "Value"; Value = "1uF"; VariantName = "[No Variations]"
Change component parameters (AddParameter): Name = "Voltage"; Value = "10V"; VariantName = "[No Variations]"
Change component parameters: Designator = "C78" ("C78"); Footprint = "CAP_0201_UN1Q"; UniqueID = "\CTPNIRAY" ("\CTPNIRAY")
Change component parameters (AddParameter): Name = "Alternative component"; Value = "Allowed"; VariantName = "[No Variations]"
Change component parameters (AddParameter): Name = "ClassName"; Value = "SMALL"; VariantName = "[No Variations]"
Change component parameters (AddParameter): Name = "Component Type"; Value = "Capacitor"; VariantName = "[No Variations]"
Change component parameters (AddParameter): Name = "ComponentLink1Description"; Value = "1_Datasheet"; VariantName = "[No Variations]"
Change component parameters (AddParameter): Name = "ComponentLink1URL"; Value = ""; VariantName = "[No Variations]"
Change component parameters (AddParameter): Name = "ComponentLink2Description"; Value = "2_Product page"; VariantName = "[No Variations]"
Change component parameters (AddParameter): Name = "ComponentLink2URL"; Value = ""; VariantName = "[No Variations]"
Change component parameters (AddParameter): Name = "ComponentLink3Description"; Value = "3_X-information"; VariantName = "[No Variations]"
Change component parameters (AddParameter): Name = "ComponentLink3URL"; Value = ""; VariantName = "[No Variations]"
Change component parameters (AddParameter): Name = "ComponentLink4Description"; Value = "4_X-information"; VariantName = "[No Variations]"
Change component parameters (AddParameter): Name = "ComponentLink4URL"; Value = ""; VariantName = "[No Variations]"
Change component parameters (AddParameter): Name = "ComponentLink5Description"; Value = ""; VariantName = "[No Variations]"
Change component parameters (AddParameter): Name = "ComponentLink5URL"; Value = ""; VariantName = "[No Variations]"
Change component parameters (AddParameter): Name = "Creation date"; Value = "20190101"; VariantName = "[No Variations]"
Change component parameters (AddParameter): Name = "Dimensions WxLxH"; Value = ""; VariantName = "[No Variations]"
Change component parameters (AddParameter): Name = "ECCN"; Value = ""; VariantName = "[No Variations]"
Change component parameters (AddParameter): Name = "HasBeenBuilt"; Value = "False"; VariantName = "[No Variations]"
Change component parameters (AddParameter): Name = "Manufacturer"; Value = "KYOCERA AVX"; VariantName = "[No Variations]"
Change component parameters (AddParameter): Name = "Manufacturer Part Number"; Value = "KGM03CS61A105MH"; VariantName = "[No Variations]"
Change component parameters (AddParameter): Name = "Operating temperature range"; Value = "-55C to +105C"; VariantName = "[No Variations]"
Change component parameters (AddParameter): Name = "Package"; Value = "0201"; VariantName = "[No Variations]"
Change component parameters (AddParameter): Name = "Part Number"; Value = "KGM03CS61A105MH"; VariantName = "[No Variations]"
Change component parameters (AddParameter): Name = "Remark"; Value = ""; VariantName = "[No Variations]"
Change component parameters (AddParameter): Name = "RoHS"; Value = ""; VariantName = "[No Variations]"
Change component parameters (AddParameter): Name = "Sort order"; Value = "302"; VariantName = "[No Variations]"
Change component parameters (AddParameter): Name = "Source"; Value = "RLC_UN1Q.SchLib"; VariantName = "[No Variations]"
Change component parameters (AddParameter): Name = "System"; Value = "RLC"; VariantName = "[No Variations]"
Change component parameters (AddParameter): Name = "Temperature characteristics"; Value = "X6S"; VariantName = "[No Variations]"
Change component parameters (AddParameter): Name = "Tolerance"; Value = "+/-20%"; VariantName = "[No Variations]"
Change component parameters (AddParameter): Name = "Value"; Value = "1uF"; VariantName = "[No Variations]"
Change component parameters (AddParameter): Name = "Voltage"; Value = "10V"; VariantName = "[No Variations]"
Change component parameters: Designator = "C79" ("C79"); Footprint = "CAP_0201_UN1Q"; UniqueID = "\RVCVCSOT" ("\RVCVCSOT")
Change component parameters (AddParameter): Name = "Alternative component"; Value = "Allowed"; VariantName = "[No Variations]"
Change component parameters (AddParameter): Name = "ClassName"; Value = "SMALL"; VariantName = "[No Variations]"
Change component parameters (AddParameter): Name = "Component Type"; Value = "Capacitor"; VariantName = "[No Variations]"
Change component parameters (AddParameter): Name = "ComponentLink1Description"; Value = "1_Datasheet"; VariantName = "[No Variations]"
Change component parameters (AddParameter): Name = "ComponentLink1URL"; Value = ""; VariantName = "[No Variations]"
Change component parameters (AddParameter): Name = "ComponentLink2Description"; Value = "2_Product page"; VariantName = "[No Variations]"
Change component parameters (AddParameter): Name = "ComponentLink2URL"; Value = ""; VariantName = "[No Variations]"
Change component parameters (AddParameter): Name = "ComponentLink3Description"; Value = "3_X-information"; VariantName = "[No Variations]"
Change component parameters (AddParameter): Name = "ComponentLink3URL"; Value = ""; VariantName = "[No Variations]"
Change component parameters (AddParameter): Name = "ComponentLink4Description"; Value = "4_X-information"; VariantName = "[No Variations]"
Change component parameters (AddParameter): Name = "ComponentLink4URL"; Value = ""; VariantName = "[No Variations]"
Change component parameters (AddParameter): Name = "ComponentLink5Description"; Value = ""; VariantName = "[No Variations]"
Change component parameters (AddParameter): Name = "ComponentLink5URL"; Value = ""; VariantName = "[No Variations]"
Change component parameters (AddParameter): Name = "Creation date"; Value = "20190101"; VariantName = "[No Variations]"
Change component parameters (AddParameter): Name = "Dimensions WxLxH"; Value = ""; VariantName = "[No Variations]"
Change component parameters (AddParameter): Name = "ECCN"; Value = ""; VariantName = "[No Variations]"
Change component parameters (AddParameter): Name = "HasBeenBuilt"; Value = "False"; VariantName = "[No Variations]"
Change component parameters (AddParameter): Name = "Manufacturer"; Value = "KYOCERA AVX"; VariantName = "[No Variations]"
Change component parameters (AddParameter): Name = "Manufacturer Part Number"; Value = "KGM03CS61A105MH"; VariantName = "[No Variations]"
Change component parameters (AddParameter): Name = "Operating temperature range"; Value = "-55C to +105C"; VariantName = "[No Variations]"
Change component parameters (AddParameter): Name = "Package"; Value = "0201"; VariantName = "[No Variations]"
Change component parameters (AddParameter): Name = "Part Number"; Value = "KGM03CS61A105MH"; VariantName = "[No Variations]"
Change component parameters (AddParameter): Name = "Remark"; Value = ""; VariantName = "[No Variations]"
Change component parameters (AddParameter): Name = "RoHS"; Value = ""; VariantName = "[No Variations]"
Change component parameters (AddParameter): Name = "Sort order"; Value = "302"; VariantName = "[No Variations]"
Change component parameters (AddParameter): Name = "Source"; Value = "RLC_UN1Q.SchLib"; VariantName = "[No Variations]"
Change component parameters (AddParameter): Name = "System"; Value = "RLC"; VariantName = "[No Variations]"
Change component parameters (AddParameter): Name = "Temperature characteristics"; Value = "X6S"; VariantName = "[No Variations]"
Change component parameters (AddParameter): Name = "Tolerance"; Value = "+/-20%"; VariantName = "[No Variations]"
Change component parameters (AddParameter): Name = "Value"; Value = "1uF"; VariantName = "[No Variations]"
Change component parameters (AddParameter): Name = "Voltage"; Value = "10V"; VariantName = "[No Variations]"
Change component parameters: Designator = "C80" ("C80"); Footprint = "CAP_0201_UN1Q"; UniqueID = "\ABYSLZLU" ("\ABYSLZLU")
Change component parameters (AddParameter): Name = "Alternative component"; Value = "Allowed"; VariantName = "[No Variations]"
Change component parameters (AddParameter): Name = "ClassName"; Value = "SMALL"; VariantName = "[No Variations]"
Change component parameters (AddParameter): Name = "Component Type"; Value = "Capacitor"; VariantName = "[No Variations]"
Change component parameters (AddParameter): Name = "ComponentLink1Description"; Value = "1_Datasheet"; VariantName = "[No Variations]"
Change component parameters (AddParameter): Name = "ComponentLink1URL"; Value = ""; VariantName = "[No Variations]"
Change component parameters (AddParameter): Name = "ComponentLink2Description"; Value = "2_Product page"; VariantName = "[No Variations]"
Change component parameters (AddParameter): Name = "ComponentLink2URL"; Value = ""; VariantName = "[No Variations]"
Change component parameters (AddParameter): Name = "ComponentLink3Description"; Value = "3_X-information"; VariantName = "[No Variations]"
Change component parameters (AddParameter): Name = "ComponentLink3URL"; Value = ""; VariantName = "[No Variations]"
Change component parameters (AddParameter): Name = "ComponentLink4Description"; Value = "4_X-information"; VariantName = "[No Variations]"
Change component parameters (AddParameter): Name = "ComponentLink4URL"; Value = ""; VariantName = "[No Variations]"
Change component parameters (AddParameter): Name = "ComponentLink5Description"; Value = ""; VariantName = "[No Variations]"
Change component parameters (AddParameter): Name = "ComponentLink5URL"; Value = ""; VariantName = "[No Variations]"
Change component parameters (AddParameter): Name = "Creation date"; Value = "20190101"; VariantName = "[No Variations]"
Change component parameters (AddParameter): Name = "Dimensions WxLxH"; Value = ""; VariantName = "[No Variations]"
Change component parameters (AddParameter): Name = "ECCN"; Value = ""; VariantName = "[No Variations]"
Change component parameters (AddParameter): Name = "HasBeenBuilt"; Value = "False"; VariantName = "[No Variations]"
Change component parameters (AddParameter): Name = "Manufacturer"; Value = "KYOCERA AVX"; VariantName = "[No Variations]"
Change component parameters (AddParameter): Name = "Manufacturer Part Number"; Value = "KGM03CS61A105MH"; VariantName = "[No Variations]"
Change component parameters (AddParameter): Name = "Operating temperature range"; Value = "-55C to +105C"; VariantName = "[No Variations]"
Change component parameters (AddParameter): Name = "Package"; Value = "0201"; VariantName = "[No Variations]"
Change component parameters (AddParameter): Name = "Part Number"; Value = "KGM03CS61A105MH"; VariantName = "[No Variations]"
Change component parameters (AddParameter): Name = "Remark"; Value = ""; VariantName = "[No Variations]"
Change component parameters (AddParameter): Name = "RoHS"; Value = ""; VariantName = "[No Variations]"
Change component parameters (AddParameter): Name = "Sort order"; Value = "302"; VariantName = "[No Variations]"
Change component parameters (AddParameter): Name = "Source"; Value = "RLC_UN1Q.SchLib"; VariantName = "[No Variations]"
Change component parameters (AddParameter): Name = "System"; Value = "RLC"; VariantName = "[No Variations]"
Change component parameters (AddParameter): Name = "Temperature characteristics"; Value = "X6S"; VariantName = "[No Variations]"
Change component parameters (AddParameter): Name = "Tolerance"; Value = "+/-20%"; VariantName = "[No Variations]"
Change component parameters (AddParameter): Name = "Value"; Value = "1uF"; VariantName = "[No Variations]"
Change component parameters (AddParameter): Name = "Voltage"; Value = "10V"; VariantName = "[No Variations]"
Change component parameters: Designator = "C81" ("C81"); Footprint = "CAP_0201_UN1Q"; UniqueID = "\BZBXXADA" ("\BZBXXADA")
Change component parameters (AddParameter): Name = "Alternative component"; Value = "Allowed"; VariantName = "[No Variations]"
Change component parameters (AddParameter): Name = "ClassName"; Value = "SMALL"; VariantName = "[No Variations]"
Change component parameters (AddParameter): Name = "Component Type"; Value = "Capacitor"; VariantName = "[No Variations]"
Change component parameters (AddParameter): Name = "ComponentLink1Description"; Value = "1_Datasheet"; VariantName = "[No Variations]"
Change component parameters (AddParameter): Name = "ComponentLink1URL"; Value = ""; VariantName = "[No Variations]"
Change component parameters (AddParameter): Name = "ComponentLink2Description"; Value = "2_Product page"; VariantName = "[No Variations]"
Change component parameters (AddParameter): Name = "ComponentLink2URL"; Value = ""; VariantName = "[No Variations]"
Change component parameters (AddParameter): Name = "ComponentLink3Description"; Value = "3_X-information"; VariantName = "[No Variations]"
Change component parameters (AddParameter): Name = "ComponentLink3URL"; Value = ""; VariantName = "[No Variations]"
Change component parameters (AddParameter): Name = "ComponentLink4Description"; Value = "4_X-information"; VariantName = "[No Variations]"
Change component parameters (AddParameter): Name = "ComponentLink4URL"; Value = ""; VariantName = "[No Variations]"
Change component parameters (AddParameter): Name = "ComponentLink5Description"; Value = ""; VariantName = "[No Variations]"
Change component parameters (AddParameter): Name = "ComponentLink5URL"; Value = ""; VariantName = "[No Variations]"
Change component parameters (AddParameter): Name = "Creation date"; Value = "20190101"; VariantName = "[No Variations]"
Change component parameters (AddParameter): Name = "Dimensions WxLxH"; Value = ""; VariantName = "[No Variations]"
Change component parameters (AddParameter): Name = "ECCN"; Value = ""; VariantName = "[No Variations]"
Change component parameters (AddParameter): Name = "HasBeenBuilt"; Value = "False"; VariantName = "[No Variations]"
Change component parameters (AddParameter): Name = "Manufacturer"; Value = "KYOCERA AVX"; VariantName = "[No Variations]"
Change component parameters (AddParameter): Name = "Manufacturer Part Number"; Value = "KGM03CS61A105MH"; VariantName = "[No Variations]"
Change component parameters (AddParameter): Name = "Operating temperature range"; Value = "-55C to +105C"; VariantName = "[No Variations]"
Change component parameters (AddParameter): Name = "Package"; Value = "0201"; VariantName = "[No Variations]"
Change component parameters (AddParameter): Name = "Part Number"; Value = "KGM03CS61A105MH"; VariantName = "[No Variations]"
Change component parameters (AddParameter): Name = "Remark"; Value = ""; VariantName = "[No Variations]"
Change component parameters (AddParameter): Name = "RoHS"; Value = ""; VariantName = "[No Variations]"
Change component parameters (AddParameter): Name = "Sort order"; Value = "302"; VariantName = "[No Variations]"
Change component parameters (AddParameter): Name = "Source"; Value = "RLC_UN1Q.SchLib"; VariantName = "[No Variations]"
Change component parameters (AddParameter): Name = "System"; Value = "RLC"; VariantName = "[No Variations]"
Change component parameters (AddParameter): Name = "Temperature characteristics"; Value = "X6S"; VariantName = "[No Variations]"
Change component parameters (AddParameter): Name = "Tolerance"; Value = "+/-20%"; VariantName = "[No Variations]"
Change component parameters (AddParameter): Name = "Value"; Value = "1uF"; VariantName = "[No Variations]"
Change component parameters (AddParameter): Name = "Voltage"; Value = "10V"; VariantName = "[No Variations]"
Change component parameters: Designator = "C82" ("C82"); Footprint = "CAP_0201_UN1Q"; UniqueID = "\NCCTAXOW" ("\NCCTAXOW")
Change component parameters (AddParameter): Name = "Alternative component"; Value = "Allowed"; VariantName = "[No Variations]"
Change component parameters (AddParameter): Name = "ClassName"; Value = "SMALL"; VariantName = "[No Variations]"
Change component parameters (AddParameter): Name = "Component Type"; Value = "Capacitor"; VariantName = "[No Variations]"
Change component parameters (AddParameter): Name = "ComponentLink1Description"; Value = "1_Datasheet"; VariantName = "[No Variations]"
Change component parameters (AddParameter): Name = "ComponentLink1URL"; Value = ""; VariantName = "[No Variations]"
Change component parameters (AddParameter): Name = "ComponentLink2Description"; Value = "2_Product page"; VariantName = "[No Variations]"
Change component parameters (AddParameter): Name = "ComponentLink2URL"; Value = ""; VariantName = "[No Variations]"
Change component parameters (AddParameter): Name = "ComponentLink3Description"; Value = "3_X-information"; VariantName = "[No Variations]"
Change component parameters (AddParameter): Name = "ComponentLink3URL"; Value = ""; VariantName = "[No Variations]"
Change component parameters (AddParameter): Name = "ComponentLink4Description"; Value = "4_X-information"; VariantName = "[No Variations]"
Change component parameters (AddParameter): Name = "ComponentLink4URL"; Value = ""; VariantName = "[No Variations]"
Change component parameters (AddParameter): Name = "ComponentLink5Description"; Value = ""; VariantName = "[No Variations]"
Change component parameters (AddParameter): Name = "ComponentLink5URL"; Value = ""; VariantName = "[No Variations]"
Change component parameters (AddParameter): Name = "Creation date"; Value = "20190101"; VariantName = "[No Variations]"
Change component parameters (AddParameter): Name = "Dimensions WxLxH"; Value = ""; VariantName = "[No Variations]"
Change component parameters (AddParameter): Name = "ECCN"; Value = ""; VariantName = "[No Variations]"
Change component parameters (AddParameter): Name = "HasBeenBuilt"; Value = "False"; VariantName = "[No Variations]"
Change component parameters (AddParameter): Name = "Manufacturer"; Value = "KYOCERA AVX"; VariantName = "[No Variations]"
Change component parameters (AddParameter): Name = "Manufacturer Part Number"; Value = "KGM03CS61A105MH"; VariantName = "[No Variations]"
Change component parameters (AddParameter): Name = "Operating temperature range"; Value = "-55C to +105C"; VariantName = "[No Variations]"
Change component parameters (AddParameter): Name = "Package"; Value = "0201"; VariantName = "[No Variations]"
Change component parameters (AddParameter): Name = "Part Number"; Value = "KGM03CS61A105MH"; VariantName = "[No Variations]"
Change component parameters (AddParameter): Name = "Remark"; Value = ""; VariantName = "[No Variations]"
Change component parameters (AddParameter): Name = "RoHS"; Value = ""; VariantName = "[No Variations]"
Change component parameters (AddParameter): Name = "Sort order"; Value = "302"; VariantName = "[No Variations]"
Change component parameters (AddParameter): Name = "Source"; Value = "RLC_UN1Q.SchLib"; VariantName = "[No Variations]"
Change component parameters (AddParameter): Name = "System"; Value = "RLC"; VariantName = "[No Variations]"
Change component parameters (AddParameter): Name = "Temperature characteristics"; Value = "X6S"; VariantName = "[No Variations]"
Change component parameters (AddParameter): Name = "Tolerance"; Value = "+/-20%"; VariantName = "[No Variations]"
Change component parameters (AddParameter): Name = "Value"; Value = "1uF"; VariantName = "[No Variations]"
Change component parameters (AddParameter): Name = "Voltage"; Value = "10V"; VariantName = "[No Variations]"
Change component parameters: Designator = "C98" ("C98"); Footprint = "CAP_0402_H09W07_UN1Q"; UniqueID = "\ZWTBGCWR" ("\ZWTBGCWR")
Change component parameters (AddParameter): Name = "Alternative component"; Value = "Allowed"; VariantName = "[No Variations]"
Change component parameters (AddParameter): Name = "ClassName"; Value = ""; VariantName = "[No Variations]"
Change component parameters (AddParameter): Name = "Component Type"; Value = "Capacitor"; VariantName = "[No Variations]"
Change component parameters (AddParameter): Name = "ComponentLink1Description"; Value = "1_Datasheet"; VariantName = "[No Variations]"
Change component parameters (AddParameter): Name = "ComponentLink1URL"; Value = ""; VariantName = "[No Variations]"
Change component parameters (AddParameter): Name = "ComponentLink2Description"; Value = "2_Product page"; VariantName = "[No Variations]"
Change component parameters (AddParameter): Name = "ComponentLink2URL"; Value = ""; VariantName = "[No Variations]"
Change component parameters (AddParameter): Name = "ComponentLink3Description"; Value = "3_X-information"; VariantName = "[No Variations]"
Change component parameters (AddParameter): Name = "ComponentLink3URL"; Value = ""; VariantName = "[No Variations]"
Change component parameters (AddParameter): Name = "ComponentLink4Description"; Value = "4_X-information"; VariantName = "[No Variations]"
Change component parameters (AddParameter): Name = "ComponentLink4URL"; Value = ""; VariantName = "[No Variations]"
Change component parameters (AddParameter): Name = "Creation date"; Value = "26042024"; VariantName = "[No Variations]"
Change component parameters (AddParameter): Name = "Dimensions WxLxH"; Value = ""; VariantName = "[No Variations]"
Change component parameters (AddParameter): Name = "ECCN"; Value = ""; VariantName = "[No Variations]"
Change component parameters (AddParameter): Name = "HasBeenBuilt"; Value = "TBD"; VariantName = "[No Variations]"
Change component parameters (AddParameter): Name = "Manufacturer"; Value = "Cal-Chip Electronics"; VariantName = "[No Variations]"
Change component parameters (AddParameter): Name = "Manufacturer Part Number"; Value = "GMC04X6S106M6R3NT"; VariantName = "[No Variations]"
Change component parameters (AddParameter): Name = "Operating temperature range"; Value = ""; VariantName = "[No Variations]"
Change component parameters (AddParameter): Name = "Package"; Value = "0402"; VariantName = "[No Variations]"
Change component parameters (AddParameter): Name = "Part Number"; Value = "GMC04X6S106M6R3NT"; VariantName = "[No Variations]"
Change component parameters (AddParameter): Name = "Remark"; Value = ""; VariantName = "[No Variations]"
Change component parameters (AddParameter): Name = "RoHS"; Value = ""; VariantName = "[No Variations]"
Change component parameters (AddParameter): Name = "Sort order"; Value = "304"; VariantName = "[No Variations]"
Change component parameters (AddParameter): Name = "Source"; Value = ""; VariantName = "[No Variations]"
Change component parameters (AddParameter): Name = "System"; Value = "RLC"; VariantName = "[No Variations]"
Change component parameters (AddParameter): Name = "Temperature characteristics"; Value = "X6S"; VariantName = "[No Variations]"
Change component parameters (AddParameter): Name = "Tolerance"; Value = "+/-20%"; VariantName = "[No Variations]"
Change component parameters (AddParameter): Name = "Value"; Value = "10uF"; VariantName = "[No Variations]"
Change component parameters (AddParameter): Name = "Voltage"; Value = "6.3V"; VariantName = "[No Variations]"
Change component parameters: Designator = "C104" ("C104"); Footprint = "CAP_0402_H09W07_UN1Q"; UniqueID = "\MXHIEBHI" ("\MXHIEBHI")
Change component parameters (AddParameter): Name = "Alternative component"; Value = "Allowed"; VariantName = "[No Variations]"
Change component parameters (AddParameter): Name = "ClassName"; Value = ""; VariantName = "[No Variations]"
Change component parameters (AddParameter): Name = "Component Type"; Value = "Capacitor"; VariantName = "[No Variations]"
Change component parameters (AddParameter): Name = "ComponentLink1Description"; Value = "1_Datasheet"; VariantName = "[No Variations]"
Change component parameters (AddParameter): Name = "ComponentLink1URL"; Value = ""; VariantName = "[No Variations]"
Change component parameters (AddParameter): Name = "ComponentLink2Description"; Value = "2_Product page"; VariantName = "[No Variations]"
Change component parameters (AddParameter): Name = "ComponentLink2URL"; Value = ""; VariantName = "[No Variations]"
Change component parameters (AddParameter): Name = "ComponentLink3Description"; Value = "3_X-information"; VariantName = "[No Variations]"
Change component parameters (AddParameter): Name = "ComponentLink3URL"; Value = ""; VariantName = "[No Variations]"
Change component parameters (AddParameter): Name = "ComponentLink4Description"; Value = "4_X-information"; VariantName = "[No Variations]"
Change component parameters (AddParameter): Name = "ComponentLink4URL"; Value = ""; VariantName = "[No Variations]"
Change component parameters (AddParameter): Name = "Creation date"; Value = "26042024"; VariantName = "[No Variations]"
Change component parameters (AddParameter): Name = "Dimensions WxLxH"; Value = ""; VariantName = "[No Variations]"
Change component parameters (AddParameter): Name = "ECCN"; Value = ""; VariantName = "[No Variations]"
Change component parameters (AddParameter): Name = "HasBeenBuilt"; Value = "TBD"; VariantName = "[No Variations]"
Change component parameters (AddParameter): Name = "Manufacturer"; Value = "Cal-Chip Electronics"; VariantName = "[No Variations]"
Change component parameters (AddParameter): Name = "Manufacturer Part Number"; Value = "GMC04X6S106M6R3NT"; VariantName = "[No Variations]"
Change component parameters (AddParameter): Name = "Operating temperature range"; Value = ""; VariantName = "[No Variations]"
Change component parameters (AddParameter): Name = "Package"; Value = "0402"; VariantName = "[No Variations]"
Change component parameters (AddParameter): Name = "Part Number"; Value = "GMC04X6S106M6R3NT"; VariantName = "[No Variations]"
Change component parameters (AddParameter): Name = "Remark"; Value = ""; VariantName = "[No Variations]"
Change component parameters (AddParameter): Name = "RoHS"; Value = ""; VariantName = "[No Variations]"
Change component parameters (AddParameter): Name = "Sort order"; Value = "304"; VariantName = "[No Variations]"
Change component parameters (AddParameter): Name = "Source"; Value = ""; VariantName = "[No Variations]"
Change component parameters (AddParameter): Name = "System"; Value = "RLC"; VariantName = "[No Variations]"
Change component parameters (AddParameter): Name = "Temperature characteristics"; Value = "X6S"; VariantName = "[No Variations]"
Change component parameters (AddParameter): Name = "Tolerance"; Value = "+/-20%"; VariantName = "[No Variations]"
Change component parameters (AddParameter): Name = "Value"; Value = "10uF"; VariantName = "[No Variations]"
Change component parameters (AddParameter): Name = "Voltage"; Value = "6.3V"; VariantName = "[No Variations]"
Change component parameters: Designator = "C108" ("C108"); Footprint = "CAP_0402_H09W07_UN1Q"; UniqueID = "\GQKSUOVU" ("\GQKSUOVU")
Change component parameters (AddParameter): Name = "Alternative component"; Value = "Allowed"; VariantName = "[No Variations]"
Change component parameters (AddParameter): Name = "ClassName"; Value = ""; VariantName = "[No Variations]"
Change component parameters (AddParameter): Name = "Component Type"; Value = "Capacitor"; VariantName = "[No Variations]"
Change component parameters (AddParameter): Name = "ComponentLink1Description"; Value = "1_Datasheet"; VariantName = "[No Variations]"
Change component parameters (AddParameter): Name = "ComponentLink1URL"; Value = ""; VariantName = "[No Variations]"
Change component parameters (AddParameter): Name = "ComponentLink2Description"; Value = "2_Product page"; VariantName = "[No Variations]"
Change component parameters (AddParameter): Name = "ComponentLink2URL"; Value = ""; VariantName = "[No Variations]"
Change component parameters (AddParameter): Name = "ComponentLink3Description"; Value = "3_X-information"; VariantName = "[No Variations]"
Change component parameters (AddParameter): Name = "ComponentLink3URL"; Value = ""; VariantName = "[No Variations]"
Change component parameters (AddParameter): Name = "ComponentLink4Description"; Value = "4_X-information"; VariantName = "[No Variations]"
Change component parameters (AddParameter): Name = "ComponentLink4URL"; Value = ""; VariantName = "[No Variations]"
Change component parameters (AddParameter): Name = "Creation date"; Value = "26042024"; VariantName = "[No Variations]"
Change component parameters (AddParameter): Name = "Dimensions WxLxH"; Value = ""; VariantName = "[No Variations]"
Change component parameters (AddParameter): Name = "ECCN"; Value = ""; VariantName = "[No Variations]"
Change component parameters (AddParameter): Name = "HasBeenBuilt"; Value = "TBD"; VariantName = "[No Variations]"
Change component parameters (AddParameter): Name = "Manufacturer"; Value = "Cal-Chip Electronics"; VariantName = "[No Variations]"
Change component parameters (AddParameter): Name = "Manufacturer Part Number"; Value = "GMC04X6S106M6R3NT"; VariantName = "[No Variations]"
Change component parameters (AddParameter): Name = "Operating temperature range"; Value = ""; VariantName = "[No Variations]"
Change component parameters (AddParameter): Name = "Package"; Value = "0402"; VariantName = "[No Variations]"
Change component parameters (AddParameter): Name = "Part Number"; Value = "GMC04X6S106M6R3NT"; VariantName = "[No Variations]"
Change component parameters (AddParameter): Name = "Remark"; Value = ""; VariantName = "[No Variations]"
Change component parameters (AddParameter): Name = "RoHS"; Value = ""; VariantName = "[No Variations]"
Change component parameters (AddParameter): Name = "Sort order"; Value = "304"; VariantName = "[No Variations]"
Change component parameters (AddParameter): Name = "Source"; Value = ""; VariantName = "[No Variations]"
Change component parameters (AddParameter): Name = "System"; Value = "RLC"; VariantName = "[No Variations]"
Change component parameters (AddParameter): Name = "Temperature characteristics"; Value = "X6S"; VariantName = "[No Variations]"
Change component parameters (AddParameter): Name = "Tolerance"; Value = "+/-20%"; VariantName = "[No Variations]"
Change component parameters (AddParameter): Name = "Value"; Value = "10uF"; VariantName = "[No Variations]"
Change component parameters (AddParameter): Name = "Voltage"; Value = "6.3V"; VariantName = "[No Variations]"
Change component parameters: Designator = "C112" ("C112"); Footprint = "CAP_0201_UN1Q"; UniqueID = "\KXPZTANU" ("\KXPZTANU")
Change component parameters (AddParameter): Name = "Alternative component"; Value = "Allowed"; VariantName = "[No Variations]"
Change component parameters (AddParameter): Name = "ClassName"; Value = "SMALL"; VariantName = "[No Variations]"
Change component parameters (AddParameter): Name = "Component Type"; Value = "Capacitor"; VariantName = "[No Variations]"
Change component parameters (AddParameter): Name = "ComponentLink1Description"; Value = "1_Datasheet"; VariantName = "[No Variations]"
Change component parameters (AddParameter): Name = "ComponentLink1URL"; Value = ""; VariantName = "[No Variations]"
Change component parameters (AddParameter): Name = "ComponentLink2Description"; Value = "2_Product page"; VariantName = "[No Variations]"
Change component parameters (AddParameter): Name = "ComponentLink2URL"; Value = ""; VariantName = "[No Variations]"
Change component parameters (AddParameter): Name = "ComponentLink3Description"; Value = "3_X-information"; VariantName = "[No Variations]"
Change component parameters (AddParameter): Name = "ComponentLink3URL"; Value = ""; VariantName = "[No Variations]"
Change component parameters (AddParameter): Name = "ComponentLink4Description"; Value = "4_X-information"; VariantName = "[No Variations]"
Change component parameters (AddParameter): Name = "ComponentLink4URL"; Value = ""; VariantName = "[No Variations]"
Change component parameters (AddParameter): Name = "ComponentLink5Description"; Value = ""; VariantName = "[No Variations]"
Change component parameters (AddParameter): Name = "ComponentLink5URL"; Value = ""; VariantName = "[No Variations]"
Change component parameters (AddParameter): Name = "Creation date"; Value = "20190101"; VariantName = "[No Variations]"
Change component parameters (AddParameter): Name = "Dimensions WxLxH"; Value = ""; VariantName = "[No Variations]"
Change component parameters (AddParameter): Name = "ECCN"; Value = ""; VariantName = "[No Variations]"
Change component parameters (AddParameter): Name = "HasBeenBuilt"; Value = "False"; VariantName = "[No Variations]"
Change component parameters (AddParameter): Name = "Manufacturer"; Value = "KYOCERA AVX"; VariantName = "[No Variations]"
Change component parameters (AddParameter): Name = "Manufacturer Part Number"; Value = "KGM03CS61A105MH"; VariantName = "[No Variations]"
Change component parameters (AddParameter): Name = "Operating temperature range"; Value = "-55C to +105C"; VariantName = "[No Variations]"
Change component parameters (AddParameter): Name = "Package"; Value = "0201"; VariantName = "[No Variations]"
Change component parameters (AddParameter): Name = "Part Number"; Value = "KGM03CS61A105MH"; VariantName = "[No Variations]"
Change component parameters (AddParameter): Name = "Remark"; Value = ""; VariantName = "[No Variations]"
Change component parameters (AddParameter): Name = "RoHS"; Value = ""; VariantName = "[No Variations]"
Change component parameters (AddParameter): Name = "Sort order"; Value = "302"; VariantName = "[No Variations]"
Change component parameters (AddParameter): Name = "Source"; Value = "RLC_UN1Q.SchLib"; VariantName = "[No Variations]"
Change component parameters (AddParameter): Name = "System"; Value = "RLC"; VariantName = "[No Variations]"
Change component parameters (AddParameter): Name = "Temperature characteristics"; Value = "X6S"; VariantName = "[No Variations]"
Change component parameters (AddParameter): Name = "Tolerance"; Value = "+/-20%"; VariantName = "[No Variations]"
Change component parameters (AddParameter): Name = "Value"; Value = "1uF"; VariantName = "[No Variations]"
Change component parameters (AddParameter): Name = "Voltage"; Value = "10V"; VariantName = "[No Variations]"
Change component parameters: Designator = "C115" ("C115"); Footprint = "CAP_0201_UN1Q"; UniqueID = "\JESSTMCA" ("\JESSTMCA")
Change component parameters (AddParameter): Name = "Alternative component"; Value = "Allowed"; VariantName = "[No Variations]"
Change component parameters (AddParameter): Name = "ClassName"; Value = "SMALL"; VariantName = "[No Variations]"
Change component parameters (AddParameter): Name = "Component Type"; Value = "Capacitor"; VariantName = "[No Variations]"
Change component parameters (AddParameter): Name = "ComponentLink1Description"; Value = "1_Datasheet"; VariantName = "[No Variations]"
Change component parameters (AddParameter): Name = "ComponentLink1URL"; Value = ""; VariantName = "[No Variations]"
Change component parameters (AddParameter): Name = "ComponentLink2Description"; Value = "2_Product page"; VariantName = "[No Variations]"
Change component parameters (AddParameter): Name = "ComponentLink2URL"; Value = ""; VariantName = "[No Variations]"
Change component parameters (AddParameter): Name = "ComponentLink3Description"; Value = "3_X-information"; VariantName = "[No Variations]"
Change component parameters (AddParameter): Name = "ComponentLink3URL"; Value = ""; VariantName = "[No Variations]"
Change component parameters (AddParameter): Name = "ComponentLink4Description"; Value = "4_X-information"; VariantName = "[No Variations]"
Change component parameters (AddParameter): Name = "ComponentLink4URL"; Value = ""; VariantName = "[No Variations]"
Change component parameters (AddParameter): Name = "ComponentLink5Description"; Value = ""; VariantName = "[No Variations]"
Change component parameters (AddParameter): Name = "ComponentLink5URL"; Value = ""; VariantName = "[No Variations]"
Change component parameters (AddParameter): Name = "Creation date"; Value = "20190101"; VariantName = "[No Variations]"
Change component parameters (AddParameter): Name = "Dimensions WxLxH"; Value = ""; VariantName = "[No Variations]"
Change component parameters (AddParameter): Name = "ECCN"; Value = ""; VariantName = "[No Variations]"
Change component parameters (AddParameter): Name = "HasBeenBuilt"; Value = "False"; VariantName = "[No Variations]"
Change component parameters (AddParameter): Name = "Manufacturer"; Value = "KYOCERA AVX"; VariantName = "[No Variations]"
Change component parameters (AddParameter): Name = "Manufacturer Part Number"; Value = "KGM03CS61A105MH"; VariantName = "[No Variations]"
Change component parameters (AddParameter): Name = "Operating temperature range"; Value = "-55C to +105C"; VariantName = "[No Variations]"
Change component parameters (AddParameter): Name = "Package"; Value = "0201"; VariantName = "[No Variations]"
Change component parameters (AddParameter): Name = "Part Number"; Value = "KGM03CS61A105MH"; VariantName = "[No Variations]"
Change component parameters (AddParameter): Name = "Remark"; Value = ""; VariantName = "[No Variations]"
Change component parameters (AddParameter): Name = "RoHS"; Value = ""; VariantName = "[No Variations]"
Change component parameters (AddParameter): Name = "Sort order"; Value = "302"; VariantName = "[No Variations]"
Change component parameters (AddParameter): Name = "Source"; Value = "RLC_UN1Q.SchLib"; VariantName = "[No Variations]"
Change component parameters (AddParameter): Name = "System"; Value = "RLC"; VariantName = "[No Variations]"
Change component parameters (AddParameter): Name = "Temperature characteristics"; Value = "X6S"; VariantName = "[No Variations]"
Change component parameters (AddParameter): Name = "Tolerance"; Value = "+/-20%"; VariantName = "[No Variations]"
Change component parameters (AddParameter): Name = "Value"; Value = "1uF"; VariantName = "[No Variations]"
Change component parameters (AddParameter): Name = "Voltage"; Value = "10V"; VariantName = "[No Variations]"
Change component parameters: Designator = "C119" ("C119"); Footprint = "CAP_0402_H09W07_UN1Q"; UniqueID = "\IHSEPQEL" ("\IHSEPQEL")
Change component parameters (AddParameter): Name = "Alternative component"; Value = "Allowed"; VariantName = "[No Variations]"
Change component parameters (AddParameter): Name = "ClassName"; Value = ""; VariantName = "[No Variations]"
Change component parameters (AddParameter): Name = "Component Type"; Value = "Capacitor"; VariantName = "[No Variations]"
Change component parameters (AddParameter): Name = "ComponentLink1Description"; Value = "1_Datasheet"; VariantName = "[No Variations]"
Change component parameters (AddParameter): Name = "ComponentLink1URL"; Value = ""; VariantName = "[No Variations]"
Change component parameters (AddParameter): Name = "ComponentLink2Description"; Value = "2_Product page"; VariantName = "[No Variations]"
Change component parameters (AddParameter): Name = "ComponentLink2URL"; Value = ""; VariantName = "[No Variations]"
Change component parameters (AddParameter): Name = "ComponentLink3Description"; Value = "3_X-information"; VariantName = "[No Variations]"
Change component parameters (AddParameter): Name = "ComponentLink3URL"; Value = ""; VariantName = "[No Variations]"
Change component parameters (AddParameter): Name = "ComponentLink4Description"; Value = "4_X-information"; VariantName = "[No Variations]"
Change component parameters (AddParameter): Name = "ComponentLink4URL"; Value = ""; VariantName = "[No Variations]"
Change component parameters (AddParameter): Name = "Creation date"; Value = "26042024"; VariantName = "[No Variations]"
Change component parameters (AddParameter): Name = "Dimensions WxLxH"; Value = ""; VariantName = "[No Variations]"
Change component parameters (AddParameter): Name = "ECCN"; Value = ""; VariantName = "[No Variations]"
Change component parameters (AddParameter): Name = "HasBeenBuilt"; Value = "TBD"; VariantName = "[No Variations]"
Change component parameters (AddParameter): Name = "Manufacturer"; Value = "Cal-Chip Electronics"; VariantName = "[No Variations]"
Change component parameters (AddParameter): Name = "Manufacturer Part Number"; Value = "GMC04X6S106M6R3NT"; VariantName = "[No Variations]"
Change component parameters (AddParameter): Name = "Operating temperature range"; Value = ""; VariantName = "[No Variations]"
Change component parameters (AddParameter): Name = "Package"; Value = "0402"; VariantName = "[No Variations]"
Change component parameters (AddParameter): Name = "Part Number"; Value = "GMC04X6S106M6R3NT"; VariantName = "[No Variations]"
Change component parameters (AddParameter): Name = "Remark"; Value = ""; VariantName = "[No Variations]"
Change component parameters (AddParameter): Name = "RoHS"; Value = ""; VariantName = "[No Variations]"
Change component parameters (AddParameter): Name = "Sort order"; Value = "304"; VariantName = "[No Variations]"
Change component parameters (AddParameter): Name = "Source"; Value = ""; VariantName = "[No Variations]"
Change component parameters (AddParameter): Name = "System"; Value = "RLC"; VariantName = "[No Variations]"
Change component parameters (AddParameter): Name = "Temperature characteristics"; Value = "X6S"; VariantName = "[No Variations]"
Change component parameters (AddParameter): Name = "Tolerance"; Value = "+/-20%"; VariantName = "[No Variations]"
Change component parameters (AddParameter): Name = "Value"; Value = "10uF"; VariantName = "[No Variations]"
Change component parameters (AddParameter): Name = "Voltage"; Value = "6.3V"; VariantName = "[No Variations]"
Change component parameters: Designator = "R19" ("R19"); Footprint = "RES_0201_UN1Q"; UniqueID = "\ZVHWXDSR" ("\ZVHWXDSR")
Change component parameters (AddParameter): Name = "Alternative component"; Value = "Allowed"; VariantName = "[No Variations]"
Change component parameters (AddParameter): Name = "ClassName"; Value = "SMALL"; VariantName = "[No Variations]"
Change component parameters (AddParameter): Name = "Component Type"; Value = "Resistor"; VariantName = "[No Variations]"
Change component parameters (AddParameter): Name = "ComponentLink1Description"; Value = "1_Datasheet"; VariantName = "[No Variations]"
Change component parameters (AddParameter): Name = "ComponentLink1URL"; Value = ""; VariantName = "[No Variations]"
Change component parameters (AddParameter): Name = "ComponentLink2Description"; Value = "2_Product page"; VariantName = "[No Variations]"
Change component parameters (AddParameter): Name = "ComponentLink2URL"; Value = ""; VariantName = "[No Variations]"
Change component parameters (AddParameter): Name = "ComponentLink3Description"; Value = "3_X-information"; VariantName = "[No Variations]"
Change component parameters (AddParameter): Name = "ComponentLink3URL"; Value = ""; VariantName = "[No Variations]"
Change component parameters (AddParameter): Name = "ComponentLink4Description"; Value = "4_X-information"; VariantName = "[No Variations]"
Change component parameters (AddParameter): Name = "ComponentLink4URL"; Value = ""; VariantName = "[No Variations]"
Change component parameters (AddParameter): Name = "Creation date"; Value = "20240404"; VariantName = "[No Variations]"
Change component parameters (AddParameter): Name = "Dimensions WxLxH"; Value = ""; VariantName = "[No Variations]"
Change component parameters (AddParameter): Name = "ECCN"; Value = ""; VariantName = "[No Variations]"
Change component parameters (AddParameter): Name = "HasBeenBuilt"; Value = ""; VariantName = "[No Variations]"
Change component parameters (AddParameter): Name = "Manufacturer"; Value = "Panasonic"; VariantName = "[No Variations]"
Change component parameters (AddParameter): Name = "Manufacturer Part Number"; Value = "ERJ1GNF8201C"; VariantName = "[No Variations]"
Change component parameters (AddParameter): Name = "Operating temperature range"; Value = ""; VariantName = "[No Variations]"
Change component parameters (AddParameter): Name = "Package"; Value = "0201"; VariantName = "[No Variations]"
Change component parameters (AddParameter): Name = "Part Number"; Value = "ERJ1GNF8201C"; VariantName = "[No Variations]"
Change component parameters (AddParameter): Name = "Power Rating"; Value = "1/20W"; VariantName = "[No Variations]"
Change component parameters (AddParameter): Name = "Remark"; Value = ""; VariantName = "[No Variations]"
Change component parameters (AddParameter): Name = "RoHS"; Value = ""; VariantName = "[No Variations]"
Change component parameters (AddParameter): Name = "Rule"; Value = ""; VariantName = "[No Variations]"
Change component parameters (AddParameter): Name = "Sort order"; Value = "322"; VariantName = "[No Variations]"
Change component parameters (AddParameter): Name = "Source"; Value = ""; VariantName = "[No Variations]"
Change component parameters (AddParameter): Name = "System"; Value = "RLC"; VariantName = "[No Variations]"
Change component parameters (AddParameter): Name = "Temperature characteristics"; Value = ""; VariantName = "[No Variations]"
Change component parameters (AddParameter): Name = "Tolerance"; Value = "1%"; VariantName = "[No Variations]"
Change component parameters (AddParameter): Name = "Value"; Value = "8k2"; VariantName = "[No Variations]"
Change component parameters (AddParameter): Name = "Voltage"; Value = ""; VariantName = "[No Variations]"
Change component parameters: Designator = "R27" ("R27"); Footprint = "RES_0201_UN1Q"; UniqueID = "\PFEHWIAX" ("\PFEHWIAX")
Change component parameters (AddParameter): Name = "Alternative component"; Value = ""; VariantName = "[No Variations]"
Change component parameters (AddParameter): Name = "ClassName"; Value = "SMALL"; VariantName = "[No Variations]"
Change component parameters (AddParameter): Name = "Component Type"; Value = "Resistor"; VariantName = "[No Variations]"
Change component parameters (AddParameter): Name = "ComponentLink1Description"; Value = "1_Datasheet"; VariantName = "[No Variations]"
Change component parameters (AddParameter): Name = "ComponentLink1URL"; Value = ""; VariantName = "[No Variations]"
Change component parameters (AddParameter): Name = "ComponentLink2Description"; Value = "2_Product page"; VariantName = "[No Variations]"
Change component parameters (AddParameter): Name = "ComponentLink2URL"; Value = ""; VariantName = "[No Variations]"
Change component parameters (AddParameter): Name = "ComponentLink3Description"; Value = "3_X-information"; VariantName = "[No Variations]"
Change component parameters (AddParameter): Name = "ComponentLink3URL"; Value = ""; VariantName = "[No Variations]"
Change component parameters (AddParameter): Name = "ComponentLink4Description"; Value = "4_X-information"; VariantName = "[No Variations]"
Change component parameters (AddParameter): Name = "ComponentLink4URL"; Value = ""; VariantName = "[No Variations]"
Change component parameters (AddParameter): Name = "Creation date"; Value = "20190101"; VariantName = "[No Variations]"
Change component parameters (AddParameter): Name = "Dimensions WxLxH"; Value = ""; VariantName = "[No Variations]"
Change component parameters (AddParameter): Name = "ECCN"; Value = ""; VariantName = "[No Variations]"
Change component parameters (AddParameter): Name = "HasBeenBuilt"; Value = "TBD"; VariantName = "[No Variations]"
Change component parameters (AddParameter): Name = "Manufacturer"; Value = ""; VariantName = "[No Variations]"
Change component parameters (AddParameter): Name = "Operating temperature range"; Value = ""; VariantName = "[No Variations]"
Change component parameters (AddParameter): Name = "Package"; Value = "0201"; VariantName = "[No Variations]"
Change component parameters (AddParameter): Name = "Part Number"; Value = ""; VariantName = "[No Variations]"
Change component parameters (AddParameter): Name = "Power Rating"; Value = ""; VariantName = "[No Variations]"
Change component parameters (AddParameter): Name = "Remark"; Value = ""; VariantName = "[No Variations]"
Change component parameters (AddParameter): Name = "RoHS"; Value = ""; VariantName = "[No Variations]"
Change component parameters (AddParameter): Name = "Sort order"; Value = "999"; VariantName = "[No Variations]"
Change component parameters (AddParameter): Name = "Source"; Value = "RLC_UN1Q.SchLib"; VariantName = "[No Variations]"
Change component parameters (AddParameter): Name = "System"; Value = "RLC"; VariantName = "[No Variations]"
Change component parameters (AddParameter): Name = "Temperature characteristics"; Value = ""; VariantName = "[No Variations]"
Change component parameters (AddParameter): Name = "Tolerance"; Value = ""; VariantName = "[No Variations]"
Change component parameters (AddParameter): Name = "Value"; Value = "NA"; VariantName = "[No Variations]"
Change component parameters (AddParameter): Name = "Voltage"; Value = ""; VariantName = "[No Variations]"
Change component parameters: Designator = "R28" ("R28"); Footprint = "RES_0201_UN1Q"; UniqueID = "\DBEGBTTU" ("\DBEGBTTU")
Change component parameters (AddParameter): Name = "Alternative component"; Value = ""; VariantName = "[No Variations]"
Change component parameters (AddParameter): Name = "ClassName"; Value = "SMALL"; VariantName = "[No Variations]"
Change component parameters (AddParameter): Name = "Component Type"; Value = "Resistor"; VariantName = "[No Variations]"
Change component parameters (AddParameter): Name = "ComponentLink1Description"; Value = "1_Datasheet"; VariantName = "[No Variations]"
Change component parameters (AddParameter): Name = "ComponentLink1URL"; Value = ""; VariantName = "[No Variations]"
Change component parameters (AddParameter): Name = "ComponentLink2Description"; Value = "2_Product page"; VariantName = "[No Variations]"
Change component parameters (AddParameter): Name = "ComponentLink2URL"; Value = ""; VariantName = "[No Variations]"
Change component parameters (AddParameter): Name = "ComponentLink3Description"; Value = "3_X-information"; VariantName = "[No Variations]"
Change component parameters (AddParameter): Name = "ComponentLink3URL"; Value = ""; VariantName = "[No Variations]"
Change component parameters (AddParameter): Name = "ComponentLink4Description"; Value = "4_X-information"; VariantName = "[No Variations]"
Change component parameters (AddParameter): Name = "ComponentLink4URL"; Value = ""; VariantName = "[No Variations]"
Change component parameters (AddParameter): Name = "Creation date"; Value = "20190101"; VariantName = "[No Variations]"
Change component parameters (AddParameter): Name = "Dimensions WxLxH"; Value = ""; VariantName = "[No Variations]"
Change component parameters (AddParameter): Name = "ECCN"; Value = ""; VariantName = "[No Variations]"
Change component parameters (AddParameter): Name = "HasBeenBuilt"; Value = "TBD"; VariantName = "[No Variations]"
Change component parameters (AddParameter): Name = "Manufacturer"; Value = ""; VariantName = "[No Variations]"
Change component parameters (AddParameter): Name = "Operating temperature range"; Value = ""; VariantName = "[No Variations]"
Change component parameters (AddParameter): Name = "Package"; Value = "0201"; VariantName = "[No Variations]"
Change component parameters (AddParameter): Name = "Part Number"; Value = ""; VariantName = "[No Variations]"
Change component parameters (AddParameter): Name = "Power Rating"; Value = ""; VariantName = "[No Variations]"
Change component parameters (AddParameter): Name = "Remark"; Value = ""; VariantName = "[No Variations]"
Change component parameters (AddParameter): Name = "RoHS"; Value = ""; VariantName = "[No Variations]"
Change component parameters (AddParameter): Name = "Sort order"; Value = "999"; VariantName = "[No Variations]"
Change component parameters (AddParameter): Name = "Source"; Value = "RLC_UN1Q.SchLib"; VariantName = "[No Variations]"
Change component parameters (AddParameter): Name = "System"; Value = "RLC"; VariantName = "[No Variations]"
Change component parameters (AddParameter): Name = "Temperature characteristics"; Value = ""; VariantName = "[No Variations]"
Change component parameters (AddParameter): Name = "Tolerance"; Value = ""; VariantName = "[No Variations]"
Change component parameters (AddParameter): Name = "Value"; Value = "NA"; VariantName = "[No Variations]"
Change component parameters (AddParameter): Name = "Voltage"; Value = ""; VariantName = "[No Variations]"
Change component parameters: Designator = "R74" ("R74"); Footprint = "RES_0201_UN1Q"; UniqueID = "\XVTJLAHM" ("\XVTJLAHM")
Change component parameters (AddParameter): Name = "Alternative component"; Value = "Allowed"; VariantName = "[No Variations]"
Change component parameters (AddParameter): Name = "ClassName"; Value = "SMALL"; VariantName = "[No Variations]"
Change component parameters (AddParameter): Name = "Component Type"; Value = "Resistor"; VariantName = "[No Variations]"
Change component parameters (AddParameter): Name = "ComponentLink1Description"; Value = "1_Datasheet"; VariantName = "[No Variations]"
Change component parameters (AddParameter): Name = "ComponentLink1URL"; Value = ""; VariantName = "[No Variations]"
Change component parameters (AddParameter): Name = "ComponentLink2Description"; Value = "2_Product page"; VariantName = "[No Variations]"
Change component parameters (AddParameter): Name = "ComponentLink2URL"; Value = ""; VariantName = "[No Variations]"
Change component parameters (AddParameter): Name = "ComponentLink3Description"; Value = "3_X-information"; VariantName = "[No Variations]"
Change component parameters (AddParameter): Name = "ComponentLink3URL"; Value = ""; VariantName = "[No Variations]"
Change component parameters (AddParameter): Name = "ComponentLink4Description"; Value = "4_X-information"; VariantName = "[No Variations]"
Change component parameters (AddParameter): Name = "ComponentLink4URL"; Value = ""; VariantName = "[No Variations]"
Change component parameters (AddParameter): Name = "Creation date"; Value = "20190101"; VariantName = "[No Variations]"
Change component parameters (AddParameter): Name = "Dimensions WxLxH"; Value = ""; VariantName = "[No Variations]"
Change component parameters (AddParameter): Name = "ECCN"; Value = ""; VariantName = "[No Variations]"
Change component parameters (AddParameter): Name = "HasBeenBuilt"; Value = "TBD"; VariantName = "[No Variations]"
Change component parameters (AddParameter): Name = "Manufacturer"; Value = "Yageo Group"; VariantName = "[No Variations]"
Change component parameters (AddParameter): Name = "Manufacturer Part Number"; Value = "RC0201FR-074K7L"; VariantName = "[No Variations]"
Change component parameters (AddParameter): Name = "Operating temperature range"; Value = ""; VariantName = "[No Variations]"
Change component parameters (AddParameter): Name = "Package"; Value = "0201"; VariantName = "[No Variations]"
Change component parameters (AddParameter): Name = "Part Number"; Value = "RC0201FR-074K7L"; VariantName = "[No Variations]"
Change component parameters (AddParameter): Name = "Power Rating"; Value = "1/20W"; VariantName = "[No Variations]"
Change component parameters (AddParameter): Name = "Remark"; Value = ""; VariantName = "[No Variations]"
Change component parameters (AddParameter): Name = "RoHS"; Value = ""; VariantName = "[No Variations]"
Change component parameters (AddParameter): Name = "Rule"; Value = ""; VariantName = "[No Variations]"
Change component parameters (AddParameter): Name = "Sort order"; Value = "322"; VariantName = "[No Variations]"
Change component parameters (AddParameter): Name = "Source"; Value = "RLC_UN1Q.SchLib"; VariantName = "[No Variations]"
Change component parameters (AddParameter): Name = "System"; Value = "RLC"; VariantName = "[No Variations]"
Change component parameters (AddParameter): Name = "Temperature characteristics"; Value = ""; VariantName = "[No Variations]"
Change component parameters (AddParameter): Name = "Tolerance"; Value = "1%"; VariantName = "[No Variations]"
Change component parameters (AddParameter): Name = "Value"; Value = "4k7"; VariantName = "[No Variations]"
Change component parameters (AddParameter): Name = "Voltage"; Value = ""; VariantName = "[No Variations]"
Change component parameters: Designator = "R75" ("R75"); Footprint = "RES_0201_UN1Q"; UniqueID = "\HTUNXIAL" ("\HTUNXIAL")
Change component parameters (AddParameter): Name = "Alternative component"; Value = "Allowed"; VariantName = "[No Variations]"
Change component parameters (AddParameter): Name = "ClassName"; Value = "SMALL"; VariantName = "[No Variations]"
Change component parameters (AddParameter): Name = "Component Type"; Value = "Resistor"; VariantName = "[No Variations]"
Change component parameters (AddParameter): Name = "ComponentLink1Description"; Value = "1_Datasheet"; VariantName = "[No Variations]"
Change component parameters (AddParameter): Name = "ComponentLink1URL"; Value = ""; VariantName = "[No Variations]"
Change component parameters (AddParameter): Name = "ComponentLink2Description"; Value = "2_Product page"; VariantName = "[No Variations]"
Change component parameters (AddParameter): Name = "ComponentLink2URL"; Value = ""; VariantName = "[No Variations]"
Change component parameters (AddParameter): Name = "ComponentLink3Description"; Value = "3_X-information"; VariantName = "[No Variations]"
Change component parameters (AddParameter): Name = "ComponentLink3URL"; Value = ""; VariantName = "[No Variations]"
Change component parameters (AddParameter): Name = "ComponentLink4Description"; Value = "4_X-information"; VariantName = "[No Variations]"
Change component parameters (AddParameter): Name = "ComponentLink4URL"; Value = ""; VariantName = "[No Variations]"
Change component parameters (AddParameter): Name = "Creation date"; Value = "20190101"; VariantName = "[No Variations]"
Change component parameters (AddParameter): Name = "Dimensions WxLxH"; Value = ""; VariantName = "[No Variations]"
Change component parameters (AddParameter): Name = "ECCN"; Value = ""; VariantName = "[No Variations]"
Change component parameters (AddParameter): Name = "HasBeenBuilt"; Value = "TBD"; VariantName = "[No Variations]"
Change component parameters (AddParameter): Name = "Manufacturer"; Value = "Yageo Group"; VariantName = "[No Variations]"
Change component parameters (AddParameter): Name = "Manufacturer Part Number"; Value = "RC0201FR-074K7L"; VariantName = "[No Variations]"
Change component parameters (AddParameter): Name = "Operating temperature range"; Value = ""; VariantName = "[No Variations]"
Change component parameters (AddParameter): Name = "Package"; Value = "0201"; VariantName = "[No Variations]"
Change component parameters (AddParameter): Name = "Part Number"; Value = "RC0201FR-074K7L"; VariantName = "[No Variations]"
Change component parameters (AddParameter): Name = "Power Rating"; Value = "1/20W"; VariantName = "[No Variations]"
Change component parameters (AddParameter): Name = "Remark"; Value = ""; VariantName = "[No Variations]"
Change component parameters (AddParameter): Name = "RoHS"; Value = ""; VariantName = "[No Variations]"
Change component parameters (AddParameter): Name = "Rule"; Value = ""; VariantName = "[No Variations]"
Change component parameters (AddParameter): Name = "Sort order"; Value = "322"; VariantName = "[No Variations]"
Change component parameters (AddParameter): Name = "Source"; Value = "RLC_UN1Q.SchLib"; VariantName = "[No Variations]"
Change component parameters (AddParameter): Name = "System"; Value = "RLC"; VariantName = "[No Variations]"
Change component parameters (AddParameter): Name = "Temperature characteristics"; Value = ""; VariantName = "[No Variations]"
Change component parameters (AddParameter): Name = "Tolerance"; Value = "1%"; VariantName = "[No Variations]"
Change component parameters (AddParameter): Name = "Value"; Value = "4k7"; VariantName = "[No Variations]"
Change component parameters (AddParameter): Name = "Voltage"; Value = ""; VariantName = "[No Variations]"
Change component parameters: Designator = "R76" ("R76"); Footprint = "RES_0201_UN1Q"; UniqueID = "\YHYHHGJK" ("\YHYHHGJK")
Change component parameters (AddParameter): Name = "Alternative component"; Value = "Allowed"; VariantName = "[No Variations]"
Change component parameters (AddParameter): Name = "ClassName"; Value = "SMALL"; VariantName = "[No Variations]"
Change component parameters (AddParameter): Name = "Component Type"; Value = "Resistor"; VariantName = "[No Variations]"
Change component parameters (AddParameter): Name = "ComponentLink1Description"; Value = "1_Datasheet"; VariantName = "[No Variations]"
Change component parameters (AddParameter): Name = "ComponentLink1URL"; Value = ""; VariantName = "[No Variations]"
Change component parameters (AddParameter): Name = "ComponentLink2Description"; Value = "2_Product page"; VariantName = "[No Variations]"
Change component parameters (AddParameter): Name = "ComponentLink2URL"; Value = ""; VariantName = "[No Variations]"
Change component parameters (AddParameter): Name = "ComponentLink3Description"; Value = "3_X-information"; VariantName = "[No Variations]"
Change component parameters (AddParameter): Name = "ComponentLink3URL"; Value = ""; VariantName = "[No Variations]"
Change component parameters (AddParameter): Name = "ComponentLink4Description"; Value = "4_X-information"; VariantName = "[No Variations]"
Change component parameters (AddParameter): Name = "ComponentLink4URL"; Value = ""; VariantName = "[No Variations]"
Change component parameters (AddParameter): Name = "Creation date"; Value = "20190101"; VariantName = "[No Variations]"
Change component parameters (AddParameter): Name = "Dimensions WxLxH"; Value = ""; VariantName = "[No Variations]"
Change component parameters (AddParameter): Name = "ECCN"; Value = ""; VariantName = "[No Variations]"
Change component parameters (AddParameter): Name = "HasBeenBuilt"; Value = "TBD"; VariantName = "[No Variations]"
Change component parameters (AddParameter): Name = "Manufacturer"; Value = "Yageo Group"; VariantName = "[No Variations]"
Change component parameters (AddParameter): Name = "Manufacturer Part Number"; Value = "RC0201FR-074K7L"; VariantName = "[No Variations]"
Change component parameters (AddParameter): Name = "Operating temperature range"; Value = ""; VariantName = "[No Variations]"
Change component parameters (AddParameter): Name = "Package"; Value = "0201"; VariantName = "[No Variations]"
Change component parameters (AddParameter): Name = "Part Number"; Value = "RC0201FR-074K7L"; VariantName = "[No Variations]"
Change component parameters (AddParameter): Name = "Power Rating"; Value = "1/20W"; VariantName = "[No Variations]"
Change component parameters (AddParameter): Name = "Remark"; Value = ""; VariantName = "[No Variations]"
Change component parameters (AddParameter): Name = "RoHS"; Value = ""; VariantName = "[No Variations]"
Change component parameters (AddParameter): Name = "Rule"; Value = ""; VariantName = "[No Variations]"
Change component parameters (AddParameter): Name = "Sort order"; Value = "322"; VariantName = "[No Variations]"
Change component parameters (AddParameter): Name = "Source"; Value = "RLC_UN1Q.SchLib"; VariantName = "[No Variations]"
Change component parameters (AddParameter): Name = "System"; Value = "RLC"; VariantName = "[No Variations]"
Change component parameters (AddParameter): Name = "Temperature characteristics"; Value = ""; VariantName = "[No Variations]"
Change component parameters (AddParameter): Name = "Tolerance"; Value = "1%"; VariantName = "[No Variations]"
Change component parameters (AddParameter): Name = "Value"; Value = "4k7"; VariantName = "[No Variations]"
Change component parameters (AddParameter): Name = "Voltage"; Value = ""; VariantName = "[No Variations]"
Change component parameters: Designator = "R77" ("R77"); Footprint = "RES_0201_UN1Q"; UniqueID = "\JSVVKYLC" ("\JSVVKYLC")
Change component parameters (AddParameter): Name = "Alternative component"; Value = "Allowed"; VariantName = "[No Variations]"
Change component parameters (AddParameter): Name = "ClassName"; Value = "SMALL"; VariantName = "[No Variations]"
Change component parameters (AddParameter): Name = "Component Type"; Value = "Resistor"; VariantName = "[No Variations]"
Change component parameters (AddParameter): Name = "ComponentLink1Description"; Value = "1_Datasheet"; VariantName = "[No Variations]"
Change component parameters (AddParameter): Name = "ComponentLink1URL"; Value = ""; VariantName = "[No Variations]"
Change component parameters (AddParameter): Name = "ComponentLink2Description"; Value = "2_Product page"; VariantName = "[No Variations]"
Change component parameters (AddParameter): Name = "ComponentLink2URL"; Value = ""; VariantName = "[No Variations]"
Change component parameters (AddParameter): Name = "ComponentLink3Description"; Value = "3_X-information"; VariantName = "[No Variations]"
Change component parameters (AddParameter): Name = "ComponentLink3URL"; Value = ""; VariantName = "[No Variations]"
Change component parameters (AddParameter): Name = "ComponentLink4Description"; Value = "4_X-information"; VariantName = "[No Variations]"
Change component parameters (AddParameter): Name = "ComponentLink4URL"; Value = ""; VariantName = "[No Variations]"
Change component parameters (AddParameter): Name = "Creation date"; Value = "20190101"; VariantName = "[No Variations]"
Change component parameters (AddParameter): Name = "Dimensions WxLxH"; Value = ""; VariantName = "[No Variations]"
Change component parameters (AddParameter): Name = "ECCN"; Value = ""; VariantName = "[No Variations]"
Change component parameters (AddParameter): Name = "HasBeenBuilt"; Value = "TBD"; VariantName = "[No Variations]"
Change component parameters (AddParameter): Name = "Manufacturer"; Value = "Yageo Group"; VariantName = "[No Variations]"
Change component parameters (AddParameter): Name = "Manufacturer Part Number"; Value = "RC0201FR-074K7L"; VariantName = "[No Variations]"
Change component parameters (AddParameter): Name = "Operating temperature range"; Value = ""; VariantName = "[No Variations]"
Change component parameters (AddParameter): Name = "Package"; Value = "0201"; VariantName = "[No Variations]"
Change component parameters (AddParameter): Name = "Part Number"; Value = "RC0201FR-074K7L"; VariantName = "[No Variations]"
Change component parameters (AddParameter): Name = "Power Rating"; Value = "1/20W"; VariantName = "[No Variations]"
Change component parameters (AddParameter): Name = "Remark"; Value = ""; VariantName = "[No Variations]"
Change component parameters (AddParameter): Name = "RoHS"; Value = ""; VariantName = "[No Variations]"
Change component parameters (AddParameter): Name = "Rule"; Value = ""; VariantName = "[No Variations]"
Change component parameters (AddParameter): Name = "Sort order"; Value = "322"; VariantName = "[No Variations]"
Change component parameters (AddParameter): Name = "Source"; Value = "RLC_UN1Q.SchLib"; VariantName = "[No Variations]"
Change component parameters (AddParameter): Name = "System"; Value = "RLC"; VariantName = "[No Variations]"
Change component parameters (AddParameter): Name = "Temperature characteristics"; Value = ""; VariantName = "[No Variations]"
Change component parameters (AddParameter): Name = "Tolerance"; Value = "1%"; VariantName = "[No Variations]"
Change component parameters (AddParameter): Name = "Value"; Value = "4k7"; VariantName = "[No Variations]"
Change component parameters (AddParameter): Name = "Voltage"; Value = ""; VariantName = "[No Variations]"
Change component parameters: Designator = "R78" ("R78"); Footprint = "RES_0201_UN1Q"; UniqueID = "\SLXUKWEQ" ("\SLXUKWEQ")
Change component parameters (AddParameter): Name = "Alternative component"; Value = "Allowed"; VariantName = "[No Variations]"
Change component parameters (AddParameter): Name = "ClassName"; Value = "SMALL"; VariantName = "[No Variations]"
Change component parameters (AddParameter): Name = "Component Type"; Value = "Resistor"; VariantName = "[No Variations]"
Change component parameters (AddParameter): Name = "ComponentLink1Description"; Value = "1_Datasheet"; VariantName = "[No Variations]"
Change component parameters (AddParameter): Name = "ComponentLink1URL"; Value = ""; VariantName = "[No Variations]"
Change component parameters (AddParameter): Name = "ComponentLink2Description"; Value = "2_Product page"; VariantName = "[No Variations]"
Change component parameters (AddParameter): Name = "ComponentLink2URL"; Value = ""; VariantName = "[No Variations]"
Change component parameters (AddParameter): Name = "ComponentLink3Description"; Value = "3_X-information"; VariantName = "[No Variations]"
Change component parameters (AddParameter): Name = "ComponentLink3URL"; Value = ""; VariantName = "[No Variations]"
Change component parameters (AddParameter): Name = "ComponentLink4Description"; Value = "4_X-information"; VariantName = "[No Variations]"
Change component parameters (AddParameter): Name = "ComponentLink4URL"; Value = ""; VariantName = "[No Variations]"
Change component parameters (AddParameter): Name = "Creation date"; Value = "20190101"; VariantName = "[No Variations]"
Change component parameters (AddParameter): Name = "Dimensions WxLxH"; Value = ""; VariantName = "[No Variations]"
Change component parameters (AddParameter): Name = "ECCN"; Value = ""; VariantName = "[No Variations]"
Change component parameters (AddParameter): Name = "HasBeenBuilt"; Value = "TBD"; VariantName = "[No Variations]"
Change component parameters (AddParameter): Name = "Manufacturer"; Value = "Yageo Group"; VariantName = "[No Variations]"
Change component parameters (AddParameter): Name = "Manufacturer Part Number"; Value = "RC0201FR-074K7L"; VariantName = "[No Variations]"
Change component parameters (AddParameter): Name = "Operating temperature range"; Value = ""; VariantName = "[No Variations]"
Change component parameters (AddParameter): Name = "Package"; Value = "0201"; VariantName = "[No Variations]"
Change component parameters (AddParameter): Name = "Part Number"; Value = "RC0201FR-074K7L"; VariantName = "[No Variations]"
Change component parameters (AddParameter): Name = "Power Rating"; Value = "1/20W"; VariantName = "[No Variations]"
Change component parameters (AddParameter): Name = "Remark"; Value = ""; VariantName = "[No Variations]"
Change component parameters (AddParameter): Name = "RoHS"; Value = ""; VariantName = "[No Variations]"
Change component parameters (AddParameter): Name = "Rule"; Value = ""; VariantName = "[No Variations]"
Change component parameters (AddParameter): Name = "Sort order"; Value = "322"; VariantName = "[No Variations]"
Change component parameters (AddParameter): Name = "Source"; Value = "RLC_UN1Q.SchLib"; VariantName = "[No Variations]"
Change component parameters (AddParameter): Name = "System"; Value = "RLC"; VariantName = "[No Variations]"
Change component parameters (AddParameter): Name = "Temperature characteristics"; Value = ""; VariantName = "[No Variations]"
Change component parameters (AddParameter): Name = "Tolerance"; Value = "1%"; VariantName = "[No Variations]"
Change component parameters (AddParameter): Name = "Value"; Value = "4k7"; VariantName = "[No Variations]"
Change component parameters (AddParameter): Name = "Voltage"; Value = ""; VariantName = "[No Variations]"
Change component parameters: Designator = "R79" ("R79"); Footprint = "RES_0201_UN1Q"; UniqueID = "\AYAIXXTB" ("\AYAIXXTB")
Change component parameters (AddParameter): Name = "Alternative component"; Value = "Allowed"; VariantName = "[No Variations]"
Change component parameters (AddParameter): Name = "ClassName"; Value = "SMALL"; VariantName = "[No Variations]"
Change component parameters (AddParameter): Name = "Component Type"; Value = "Resistor"; VariantName = "[No Variations]"
Change component parameters (AddParameter): Name = "ComponentLink1Description"; Value = "1_Datasheet"; VariantName = "[No Variations]"
Change component parameters (AddParameter): Name = "ComponentLink1URL"; Value = ""; VariantName = "[No Variations]"
Change component parameters (AddParameter): Name = "ComponentLink2Description"; Value = "2_Product page"; VariantName = "[No Variations]"
Change component parameters (AddParameter): Name = "ComponentLink2URL"; Value = ""; VariantName = "[No Variations]"
Change component parameters (AddParameter): Name = "ComponentLink3Description"; Value = "3_X-information"; VariantName = "[No Variations]"
Change component parameters (AddParameter): Name = "ComponentLink3URL"; Value = ""; VariantName = "[No Variations]"
Change component parameters (AddParameter): Name = "ComponentLink4Description"; Value = "4_X-information"; VariantName = "[No Variations]"
Change component parameters (AddParameter): Name = "ComponentLink4URL"; Value = ""; VariantName = "[No Variations]"
Change component parameters (AddParameter): Name = "Creation date"; Value = "20190101"; VariantName = "[No Variations]"
Change component parameters (AddParameter): Name = "Dimensions WxLxH"; Value = ""; VariantName = "[No Variations]"
Change component parameters (AddParameter): Name = "ECCN"; Value = ""; VariantName = "[No Variations]"
Change component parameters (AddParameter): Name = "HasBeenBuilt"; Value = "TBD"; VariantName = "[No Variations]"
Change component parameters (AddParameter): Name = "Manufacturer"; Value = "Yageo Group"; VariantName = "[No Variations]"
Change component parameters (AddParameter): Name = "Manufacturer Part Number"; Value = "RC0201FR-074K7L"; VariantName = "[No Variations]"
Change component parameters (AddParameter): Name = "Operating temperature range"; Value = ""; VariantName = "[No Variations]"
Change component parameters (AddParameter): Name = "Package"; Value = "0201"; VariantName = "[No Variations]"
Change component parameters (AddParameter): Name = "Part Number"; Value = "RC0201FR-074K7L"; VariantName = "[No Variations]"
Change component parameters (AddParameter): Name = "Power Rating"; Value = "1/20W"; VariantName = "[No Variations]"
Change component parameters (AddParameter): Name = "Remark"; Value = ""; VariantName = "[No Variations]"
Change component parameters (AddParameter): Name = "RoHS"; Value = ""; VariantName = "[No Variations]"
Change component parameters (AddParameter): Name = "Rule"; Value = ""; VariantName = "[No Variations]"
Change component parameters (AddParameter): Name = "Sort order"; Value = "322"; VariantName = "[No Variations]"
Change component parameters (AddParameter): Name = "Source"; Value = "RLC_UN1Q.SchLib"; VariantName = "[No Variations]"
Change component parameters (AddParameter): Name = "System"; Value = "RLC"; VariantName = "[No Variations]"
Change component parameters (AddParameter): Name = "Temperature characteristics"; Value = ""; VariantName = "[No Variations]"
Change component parameters (AddParameter): Name = "Tolerance"; Value = "1%"; VariantName = "[No Variations]"
Change component parameters (AddParameter): Name = "Value"; Value = "4k7"; VariantName = "[No Variations]"
Change component parameters (AddParameter): Name = "Voltage"; Value = ""; VariantName = "[No Variations]"
Change component parameters: Designator = "R80" ("R80"); Footprint = "RES_0201_UN1Q"; UniqueID = "\KOEWDNMG" ("\KOEWDNMG")
Change component parameters (AddParameter): Name = "Alternative component"; Value = "Allowed"; VariantName = "[No Variations]"
Change component parameters (AddParameter): Name = "ClassName"; Value = "SMALL"; VariantName = "[No Variations]"
Change component parameters (AddParameter): Name = "Component Type"; Value = "Resistor"; VariantName = "[No Variations]"
Change component parameters (AddParameter): Name = "ComponentLink1Description"; Value = "1_Datasheet"; VariantName = "[No Variations]"
Change component parameters (AddParameter): Name = "ComponentLink1URL"; Value = ""; VariantName = "[No Variations]"
Change component parameters (AddParameter): Name = "ComponentLink2Description"; Value = "2_Product page"; VariantName = "[No Variations]"
Change component parameters (AddParameter): Name = "ComponentLink2URL"; Value = ""; VariantName = "[No Variations]"
Change component parameters (AddParameter): Name = "ComponentLink3Description"; Value = "3_X-information"; VariantName = "[No Variations]"
Change component parameters (AddParameter): Name = "ComponentLink3URL"; Value = ""; VariantName = "[No Variations]"
Change component parameters (AddParameter): Name = "ComponentLink4Description"; Value = "4_X-information"; VariantName = "[No Variations]"
Change component parameters (AddParameter): Name = "ComponentLink4URL"; Value = ""; VariantName = "[No Variations]"
Change component parameters (AddParameter): Name = "Creation date"; Value = "20190101"; VariantName = "[No Variations]"
Change component parameters (AddParameter): Name = "Dimensions WxLxH"; Value = ""; VariantName = "[No Variations]"
Change component parameters (AddParameter): Name = "ECCN"; Value = ""; VariantName = "[No Variations]"
Change component parameters (AddParameter): Name = "HasBeenBuilt"; Value = "TBD"; VariantName = "[No Variations]"
Change component parameters (AddParameter): Name = "Manufacturer"; Value = "Yageo Group"; VariantName = "[No Variations]"
Change component parameters (AddParameter): Name = "Manufacturer Part Number"; Value = "RC0201FR-074K7L"; VariantName = "[No Variations]"
Change component parameters (AddParameter): Name = "Operating temperature range"; Value = ""; VariantName = "[No Variations]"
Change component parameters (AddParameter): Name = "Package"; Value = "0201"; VariantName = "[No Variations]"
Change component parameters (AddParameter): Name = "Part Number"; Value = "RC0201FR-074K7L"; VariantName = "[No Variations]"
Change component parameters (AddParameter): Name = "Power Rating"; Value = "1/20W"; VariantName = "[No Variations]"
Change component parameters (AddParameter): Name = "Remark"; Value = ""; VariantName = "[No Variations]"
Change component parameters (AddParameter): Name = "RoHS"; Value = ""; VariantName = "[No Variations]"
Change component parameters (AddParameter): Name = "Rule"; Value = ""; VariantName = "[No Variations]"
Change component parameters (AddParameter): Name = "Sort order"; Value = "322"; VariantName = "[No Variations]"
Change component parameters (AddParameter): Name = "Source"; Value = "RLC_UN1Q.SchLib"; VariantName = "[No Variations]"
Change component parameters (AddParameter): Name = "System"; Value = "RLC"; VariantName = "[No Variations]"
Change component parameters (AddParameter): Name = "Temperature characteristics"; Value = ""; VariantName = "[No Variations]"
Change component parameters (AddParameter): Name = "Tolerance"; Value = "1%"; VariantName = "[No Variations]"
Change component parameters (AddParameter): Name = "Value"; Value = "4k7"; VariantName = "[No Variations]"
Change component parameters (AddParameter): Name = "Voltage"; Value = ""; VariantName = "[No Variations]"
Change component parameters: Designator = "R81" ("R81"); Footprint = "RES_0201_UN1Q"; UniqueID = "\GDUGHNAG" ("\GDUGHNAG")
Change component parameters (AddParameter): Name = "Alternative component"; Value = "Allowed"; VariantName = "[No Variations]"
Change component parameters (AddParameter): Name = "ClassName"; Value = "SMALL"; VariantName = "[No Variations]"
Change component parameters (AddParameter): Name = "Component Type"; Value = "Resistor"; VariantName = "[No Variations]"
Change component parameters (AddParameter): Name = "ComponentLink1Description"; Value = "1_Datasheet"; VariantName = "[No Variations]"
Change component parameters (AddParameter): Name = "ComponentLink1URL"; Value = ""; VariantName = "[No Variations]"
Change component parameters (AddParameter): Name = "ComponentLink2Description"; Value = "2_Product page"; VariantName = "[No Variations]"
Change component parameters (AddParameter): Name = "ComponentLink2URL"; Value = ""; VariantName = "[No Variations]"
Change component parameters (AddParameter): Name = "ComponentLink3Description"; Value = "3_X-information"; VariantName = "[No Variations]"
Change component parameters (AddParameter): Name = "ComponentLink3URL"; Value = ""; VariantName = "[No Variations]"
Change component parameters (AddParameter): Name = "ComponentLink4Description"; Value = "4_X-information"; VariantName = "[No Variations]"
Change component parameters (AddParameter): Name = "ComponentLink4URL"; Value = ""; VariantName = "[No Variations]"
Change component parameters (AddParameter): Name = "Creation date"; Value = "20190101"; VariantName = "[No Variations]"
Change component parameters (AddParameter): Name = "Dimensions WxLxH"; Value = ""; VariantName = "[No Variations]"
Change component parameters (AddParameter): Name = "ECCN"; Value = ""; VariantName = "[No Variations]"
Change component parameters (AddParameter): Name = "HasBeenBuilt"; Value = "TBD"; VariantName = "[No Variations]"
Change component parameters (AddParameter): Name = "Manufacturer"; Value = "Yageo Group"; VariantName = "[No Variations]"
Change component parameters (AddParameter): Name = "Manufacturer Part Number"; Value = "RC0201FR-074K7L"; VariantName = "[No Variations]"
Change component parameters (AddParameter): Name = "Operating temperature range"; Value = ""; VariantName = "[No Variations]"
Change component parameters (AddParameter): Name = "Package"; Value = "0201"; VariantName = "[No Variations]"
Change component parameters (AddParameter): Name = "Part Number"; Value = "RC0201FR-074K7L"; VariantName = "[No Variations]"
Change component parameters (AddParameter): Name = "Power Rating"; Value = "1/20W"; VariantName = "[No Variations]"
Change component parameters (AddParameter): Name = "Remark"; Value = ""; VariantName = "[No Variations]"
Change component parameters (AddParameter): Name = "RoHS"; Value = ""; VariantName = "[No Variations]"
Change component parameters (AddParameter): Name = "Rule"; Value = ""; VariantName = "[No Variations]"
Change component parameters (AddParameter): Name = "Sort order"; Value = "322"; VariantName = "[No Variations]"
Change component parameters (AddParameter): Name = "Source"; Value = "RLC_UN1Q.SchLib"; VariantName = "[No Variations]"
Change component parameters (AddParameter): Name = "System"; Value = "RLC"; VariantName = "[No Variations]"
Change component parameters (AddParameter): Name = "Temperature characteristics"; Value = ""; VariantName = "[No Variations]"
Change component parameters (AddParameter): Name = "Tolerance"; Value = "1%"; VariantName = "[No Variations]"
Change component parameters (AddParameter): Name = "Value"; Value = "4k7"; VariantName = "[No Variations]"
Change component parameters (AddParameter): Name = "Voltage"; Value = ""; VariantName = "[No Variations]"
Change component parameters: Designator = "R82" ("R82"); Footprint = "RES_0201_UN1Q"; UniqueID = "\KWWHSTBG" ("\KWWHSTBG")
Change component parameters (AddParameter): Name = "Alternative component"; Value = "Allowed"; VariantName = "[No Variations]"
Change component parameters (AddParameter): Name = "ClassName"; Value = "SMALL"; VariantName = "[No Variations]"
Change component parameters (AddParameter): Name = "Component Type"; Value = "Resistor"; VariantName = "[No Variations]"
Change component parameters (AddParameter): Name = "ComponentLink1Description"; Value = "1_Datasheet"; VariantName = "[No Variations]"
Change component parameters (AddParameter): Name = "ComponentLink1URL"; Value = ""; VariantName = "[No Variations]"
Change component parameters (AddParameter): Name = "ComponentLink2Description"; Value = "2_Product page"; VariantName = "[No Variations]"
Change component parameters (AddParameter): Name = "ComponentLink2URL"; Value = ""; VariantName = "[No Variations]"
Change component parameters (AddParameter): Name = "ComponentLink3Description"; Value = "3_X-information"; VariantName = "[No Variations]"
Change component parameters (AddParameter): Name = "ComponentLink3URL"; Value = ""; VariantName = "[No Variations]"
Change component parameters (AddParameter): Name = "ComponentLink4Description"; Value = "4_X-information"; VariantName = "[No Variations]"
Change component parameters (AddParameter): Name = "ComponentLink4URL"; Value = ""; VariantName = "[No Variations]"
Change component parameters (AddParameter): Name = "Creation date"; Value = "20190101"; VariantName = "[No Variations]"
Change component parameters (AddParameter): Name = "Dimensions WxLxH"; Value = ""; VariantName = "[No Variations]"
Change component parameters (AddParameter): Name = "ECCN"; Value = ""; VariantName = "[No Variations]"
Change component parameters (AddParameter): Name = "HasBeenBuilt"; Value = "TBD"; VariantName = "[No Variations]"
Change component parameters (AddParameter): Name = "Manufacturer"; Value = "Yageo Group"; VariantName = "[No Variations]"
Change component parameters (AddParameter): Name = "Manufacturer Part Number"; Value = "RC0201FR-074K7L"; VariantName = "[No Variations]"
Change component parameters (AddParameter): Name = "Operating temperature range"; Value = ""; VariantName = "[No Variations]"
Change component parameters (AddParameter): Name = "Package"; Value = "0201"; VariantName = "[No Variations]"
Change component parameters (AddParameter): Name = "Part Number"; Value = "RC0201FR-074K7L"; VariantName = "[No Variations]"
Change component parameters (AddParameter): Name = "Power Rating"; Value = "1/20W"; VariantName = "[No Variations]"
Change component parameters (AddParameter): Name = "Remark"; Value = ""; VariantName = "[No Variations]"
Change component parameters (AddParameter): Name = "RoHS"; Value = ""; VariantName = "[No Variations]"
Change component parameters (AddParameter): Name = "Rule"; Value = ""; VariantName = "[No Variations]"
Change component parameters (AddParameter): Name = "Sort order"; Value = "322"; VariantName = "[No Variations]"
Change component parameters (AddParameter): Name = "Source"; Value = "RLC_UN1Q.SchLib"; VariantName = "[No Variations]"
Change component parameters (AddParameter): Name = "System"; Value = "RLC"; VariantName = "[No Variations]"
Change component parameters (AddParameter): Name = "Temperature characteristics"; Value = ""; VariantName = "[No Variations]"
Change component parameters (AddParameter): Name = "Tolerance"; Value = "1%"; VariantName = "[No Variations]"
Change component parameters (AddParameter): Name = "Value"; Value = "4k7"; VariantName = "[No Variations]"
Change component parameters (AddParameter): Name = "Voltage"; Value = ""; VariantName = "[No Variations]"
Change component parameters: Designator = "R83" ("R83"); Footprint = "RES_0201_UN1Q"; UniqueID = "\UDJVTBAH" ("\UDJVTBAH")
Change component parameters (AddParameter): Name = "Alternative component"; Value = "Allowed"; VariantName = "[No Variations]"
Change component parameters (AddParameter): Name = "ClassName"; Value = "SMALL"; VariantName = "[No Variations]"
Change component parameters (AddParameter): Name = "Component Type"; Value = "Resistor"; VariantName = "[No Variations]"
Change component parameters (AddParameter): Name = "ComponentLink1Description"; Value = "1_Datasheet"; VariantName = "[No Variations]"
Change component parameters (AddParameter): Name = "ComponentLink1URL"; Value = ""; VariantName = "[No Variations]"
Change component parameters (AddParameter): Name = "ComponentLink2Description"; Value = "2_Product page"; VariantName = "[No Variations]"
Change component parameters (AddParameter): Name = "ComponentLink2URL"; Value = ""; VariantName = "[No Variations]"
Change component parameters (AddParameter): Name = "ComponentLink3Description"; Value = "3_X-information"; VariantName = "[No Variations]"
Change component parameters (AddParameter): Name = "ComponentLink3URL"; Value = ""; VariantName = "[No Variations]"
Change component parameters (AddParameter): Name = "ComponentLink4Description"; Value = "4_X-information"; VariantName = "[No Variations]"
Change component parameters (AddParameter): Name = "ComponentLink4URL"; Value = ""; VariantName = "[No Variations]"
Change component parameters (AddParameter): Name = "Creation date"; Value = "20190101"; VariantName = "[No Variations]"
Change component parameters (AddParameter): Name = "Dimensions WxLxH"; Value = ""; VariantName = "[No Variations]"
Change component parameters (AddParameter): Name = "ECCN"; Value = ""; VariantName = "[No Variations]"
Change component parameters (AddParameter): Name = "HasBeenBuilt"; Value = "TBD"; VariantName = "[No Variations]"
Change component parameters (AddParameter): Name = "Manufacturer"; Value = "Yageo Group"; VariantName = "[No Variations]"
Change component parameters (AddParameter): Name = "Manufacturer Part Number"; Value = "RC0201FR-074K7L"; VariantName = "[No Variations]"
Change component parameters (AddParameter): Name = "Operating temperature range"; Value = ""; VariantName = "[No Variations]"
Change component parameters (AddParameter): Name = "Package"; Value = "0201"; VariantName = "[No Variations]"
Change component parameters (AddParameter): Name = "Part Number"; Value = "RC0201FR-074K7L"; VariantName = "[No Variations]"
Change component parameters (AddParameter): Name = "Power Rating"; Value = "1/20W"; VariantName = "[No Variations]"
Change component parameters (AddParameter): Name = "Remark"; Value = ""; VariantName = "[No Variations]"
Change component parameters (AddParameter): Name = "RoHS"; Value = ""; VariantName = "[No Variations]"
Change component parameters (AddParameter): Name = "Rule"; Value = ""; VariantName = "[No Variations]"
Change component parameters (AddParameter): Name = "Sort order"; Value = "322"; VariantName = "[No Variations]"
Change component parameters (AddParameter): Name = "Source"; Value = "RLC_UN1Q.SchLib"; VariantName = "[No Variations]"
Change component parameters (AddParameter): Name = "System"; Value = "RLC"; VariantName = "[No Variations]"
Change component parameters (AddParameter): Name = "Temperature characteristics"; Value = ""; VariantName = "[No Variations]"
Change component parameters (AddParameter): Name = "Tolerance"; Value = "1%"; VariantName = "[No Variations]"
Change component parameters (AddParameter): Name = "Value"; Value = "4k7"; VariantName = "[No Variations]"
Change component parameters (AddParameter): Name = "Voltage"; Value = ""; VariantName = "[No Variations]"
Change component parameters: Designator = "R84" ("R84"); Footprint = "RES_0201_UN1Q"; UniqueID = "\RHYPWJLU" ("\RHYPWJLU")
Change component parameters (AddParameter): Name = "Alternative component"; Value = "Allowed"; VariantName = "[No Variations]"
Change component parameters (AddParameter): Name = "ClassName"; Value = "SMALL"; VariantName = "[No Variations]"
Change component parameters (AddParameter): Name = "Component Type"; Value = "Resistor"; VariantName = "[No Variations]"
Change component parameters (AddParameter): Name = "ComponentLink1Description"; Value = "1_Datasheet"; VariantName = "[No Variations]"
Change component parameters (AddParameter): Name = "ComponentLink1URL"; Value = ""; VariantName = "[No Variations]"
Change component parameters (AddParameter): Name = "ComponentLink2Description"; Value = "2_Product page"; VariantName = "[No Variations]"
Change component parameters (AddParameter): Name = "ComponentLink2URL"; Value = ""; VariantName = "[No Variations]"
Change component parameters (AddParameter): Name = "ComponentLink3Description"; Value = "3_X-information"; VariantName = "[No Variations]"
Change component parameters (AddParameter): Name = "ComponentLink3URL"; Value = ""; VariantName = "[No Variations]"
Change component parameters (AddParameter): Name = "ComponentLink4Description"; Value = "4_X-information"; VariantName = "[No Variations]"
Change component parameters (AddParameter): Name = "ComponentLink4URL"; Value = ""; VariantName = "[No Variations]"
Change component parameters (AddParameter): Name = "Creation date"; Value = "20190101"; VariantName = "[No Variations]"
Change component parameters (AddParameter): Name = "Dimensions WxLxH"; Value = ""; VariantName = "[No Variations]"
Change component parameters (AddParameter): Name = "ECCN"; Value = ""; VariantName = "[No Variations]"
Change component parameters (AddParameter): Name = "HasBeenBuilt"; Value = "TBD"; VariantName = "[No Variations]"
Change component parameters (AddParameter): Name = "Manufacturer"; Value = "Yageo Group"; VariantName = "[No Variations]"
Change component parameters (AddParameter): Name = "Manufacturer Part Number"; Value = "RC0201FR-074K7L"; VariantName = "[No Variations]"
Change component parameters (AddParameter): Name = "Operating temperature range"; Value = ""; VariantName = "[No Variations]"
Change component parameters (AddParameter): Name = "Package"; Value = "0201"; VariantName = "[No Variations]"
Change component parameters (AddParameter): Name = "Part Number"; Value = "RC0201FR-074K7L"; VariantName = "[No Variations]"
Change component parameters (AddParameter): Name = "Power Rating"; Value = "1/20W"; VariantName = "[No Variations]"
Change component parameters (AddParameter): Name = "Remark"; Value = ""; VariantName = "[No Variations]"
Change component parameters (AddParameter): Name = "RoHS"; Value = ""; VariantName = "[No Variations]"
Change component parameters (AddParameter): Name = "Rule"; Value = ""; VariantName = "[No Variations]"
Change component parameters (AddParameter): Name = "Sort order"; Value = "322"; VariantName = "[No Variations]"
Change component parameters (AddParameter): Name = "Source"; Value = "RLC_UN1Q.SchLib"; VariantName = "[No Variations]"
Change component parameters (AddParameter): Name = "System"; Value = "RLC"; VariantName = "[No Variations]"
Change component parameters (AddParameter): Name = "Temperature characteristics"; Value = ""; VariantName = "[No Variations]"
Change component parameters (AddParameter): Name = "Tolerance"; Value = "1%"; VariantName = "[No Variations]"
Change component parameters (AddParameter): Name = "Value"; Value = "4k7"; VariantName = "[No Variations]"
Change component parameters (AddParameter): Name = "Voltage"; Value = ""; VariantName = "[No Variations]"
Change component parameters: Designator = "R85" ("R85"); Footprint = "RES_0201_UN1Q"; UniqueID = "\FXWNZKAH" ("\FXWNZKAH")
Change component parameters (AddParameter): Name = "Alternative component"; Value = "Allowed"; VariantName = "[No Variations]"
Change component parameters (AddParameter): Name = "ClassName"; Value = "SMALL"; VariantName = "[No Variations]"
Change component parameters (AddParameter): Name = "Component Type"; Value = "Resistor"; VariantName = "[No Variations]"
Change component parameters (AddParameter): Name = "ComponentLink1Description"; Value = "1_Datasheet"; VariantName = "[No Variations]"
Change component parameters (AddParameter): Name = "ComponentLink1URL"; Value = ""; VariantName = "[No Variations]"
Change component parameters (AddParameter): Name = "ComponentLink2Description"; Value = "2_Product page"; VariantName = "[No Variations]"
Change component parameters (AddParameter): Name = "ComponentLink2URL"; Value = ""; VariantName = "[No Variations]"
Change component parameters (AddParameter): Name = "ComponentLink3Description"; Value = "3_X-information"; VariantName = "[No Variations]"
Change component parameters (AddParameter): Name = "ComponentLink3URL"; Value = ""; VariantName = "[No Variations]"
Change component parameters (AddParameter): Name = "ComponentLink4Description"; Value = "4_X-information"; VariantName = "[No Variations]"
Change component parameters (AddParameter): Name = "ComponentLink4URL"; Value = ""; VariantName = "[No Variations]"
Change component parameters (AddParameter): Name = "Creation date"; Value = "20190101"; VariantName = "[No Variations]"
Change component parameters (AddParameter): Name = "Dimensions WxLxH"; Value = ""; VariantName = "[No Variations]"
Change component parameters (AddParameter): Name = "ECCN"; Value = ""; VariantName = "[No Variations]"
Change component parameters (AddParameter): Name = "HasBeenBuilt"; Value = "TBD"; VariantName = "[No Variations]"
Change component parameters (AddParameter): Name = "Manufacturer"; Value = "Yageo Group"; VariantName = "[No Variations]"
Change component parameters (AddParameter): Name = "Manufacturer Part Number"; Value = "RC0201FR-074K7L"; VariantName = "[No Variations]"
Change component parameters (AddParameter): Name = "Operating temperature range"; Value = ""; VariantName = "[No Variations]"
Change component parameters (AddParameter): Name = "Package"; Value = "0201"; VariantName = "[No Variations]"
Change component parameters (AddParameter): Name = "Part Number"; Value = "RC0201FR-074K7L"; VariantName = "[No Variations]"
Change component parameters (AddParameter): Name = "Power Rating"; Value = "1/20W"; VariantName = "[No Variations]"
Change component parameters (AddParameter): Name = "Remark"; Value = ""; VariantName = "[No Variations]"
Change component parameters (AddParameter): Name = "RoHS"; Value = ""; VariantName = "[No Variations]"
Change component parameters (AddParameter): Name = "Rule"; Value = ""; VariantName = "[No Variations]"
Change component parameters (AddParameter): Name = "Sort order"; Value = "322"; VariantName = "[No Variations]"
Change component parameters (AddParameter): Name = "Source"; Value = "RLC_UN1Q.SchLib"; VariantName = "[No Variations]"
Change component parameters (AddParameter): Name = "System"; Value = "RLC"; VariantName = "[No Variations]"
Change component parameters (AddParameter): Name = "Temperature characteristics"; Value = ""; VariantName = "[No Variations]"
Change component parameters (AddParameter): Name = "Tolerance"; Value = "1%"; VariantName = "[No Variations]"
Change component parameters (AddParameter): Name = "Value"; Value = "4k7"; VariantName = "[No Variations]"
Change component parameters (AddParameter): Name = "Voltage"; Value = ""; VariantName = "[No Variations]"
Change component parameters: Designator = "U1" ("U1"); Footprint = "BGA548C50P29X29_1500X1500X148"; UniqueID = "\CDHLBRQI" ("\CDHLBRQI")
Change component parameters (AddParameter): Name = "Alternative component"; Value = ""; VariantName = "[No Variations]"
Change component parameters (AddParameter): Name = "ClassName"; Value = "BIG"; VariantName = "[No Variations]"
Change component parameters (AddParameter): Name = "Component Type"; Value = "Processor"; VariantName = "[No Variations]"
Change component parameters (AddParameter): Name = "ComponentLink1Description"; Value = "1_Datasheet"; VariantName = "[No Variations]"
Change component parameters (AddParameter): Name = "ComponentLink1URL"; Value = "https://www.nxp.com/part/MIMX8ML8CVNKZAB#/"; VariantName = "[No Variations]"
Change component parameters (AddParameter): Name = "ComponentLink2Description"; Value = "2_Product page"; VariantName = "[No Variations]"
Change component parameters (AddParameter): Name = "ComponentLink2URL"; Value = ""; VariantName = "[No Variations]"
Change component parameters (AddParameter): Name = "ComponentLink3Description"; Value = "3_X-information"; VariantName = "[No Variations]"
Change component parameters (AddParameter): Name = "ComponentLink3URL"; Value = ""; VariantName = "[No Variations]"
Change component parameters (AddParameter): Name = "ComponentLink4Description"; Value = "4_X-information"; VariantName = "[No Variations]"
Change component parameters (AddParameter): Name = "ComponentLink4URL"; Value = ""; VariantName = "[No Variations]"
Change component parameters (AddParameter): Name = "Creation date"; Value = "20240524"; VariantName = "[No Variations]"
Change component parameters (AddParameter): Name = "Design Item ID"; Value = "MIMX8ML8CVNKZAB"; VariantName = "[No Variations]"
Change component parameters (AddParameter): Name = "Dimensions WxLxH"; Value = "15 x 15 x 1.33mm"; VariantName = "[No Variations]"
Change component parameters (AddParameter): Name = "ECCN"; Value = ""; VariantName = "[No Variations]"
Change component parameters (AddParameter): Name = "HasBeenBuilt"; Value = ""; VariantName = "[No Variations]"
Change component parameters (AddParameter): Name = "Manufacturer"; Value = "NXP Semiconductors"; VariantName = "[No Variations]"
Change component parameters (AddParameter): Name = "Manufacturer Part Number"; Value = "MIMX8ML8CVNKZAB"; VariantName = "[No Variations]"
Change component parameters (AddParameter): Name = "Operating temperature range"; Value = "-40... +105 °C"; VariantName = "[No Variations]"
Change component parameters (AddParameter): Name = "Package"; Value = "FCBGA548"; VariantName = "[No Variations]"
Change component parameters (AddParameter): Name = "Part Number"; Value = "MIMX8ML8CVNKZAB"; VariantName = "[No Variations]"
Change component parameters (AddParameter): Name = "Remark"; Value = ""; VariantName = "[No Variations]"
Change component parameters (AddParameter): Name = "RoHS"; Value = ""; VariantName = "[No Variations]"
Change component parameters (AddParameter): Name = "Sort order"; Value = "501"; VariantName = "[No Variations]"
Change component parameters (AddParameter): Name = "Source"; Value = "UUDET_KOMPONENTIT.SchLib"; VariantName = "[No Variations]"
Change component parameters (AddParameter): Name = "System"; Value = "IC"; VariantName = "[No Variations]"
Change component parameters: Duplicated parameters (ClassName) in variant "[No Variations]" were ignored
Change component parameters: Designator = "U4" ("U4"); Footprint = "GA153C50P14X14_1150X1300X120"; UniqueID = "\OLZLWSSJ" ("\OLZLWSSJ")
Change component parameters (AddParameter): Name = "Alternative component"; Value = ""; VariantName = "[No Variations]"
Change component parameters (AddParameter): Name = "ClassName"; Value = ""; VariantName = "[No Variations]"
Change component parameters (AddParameter): Name = "Component Type"; Value = "Memory"; VariantName = "[No Variations]"
Change component parameters (AddParameter): Name = "ComponentLink1Description"; Value = "1_Datasheet"; VariantName = "[No Variations]"
Change component parameters (AddParameter): Name = "ComponentLink1URL"; Value = ""; VariantName = "[No Variations]"
Change component parameters (AddParameter): Name = "ComponentLink2Description"; Value = "2_Product page"; VariantName = "[No Variations]"
Change component parameters (AddParameter): Name = "ComponentLink2URL"; Value = "https://www.siliconmotion.com/products/Ferri-eMMC/detail"; VariantName = "[No Variations]"
Change component parameters (AddParameter): Name = "ComponentLink3Description"; Value = "3_Product brief"; VariantName = "[No Variations]"
Change component parameters (AddParameter): Name = "ComponentLink3URL"; Value = "https://www.siliconmotion.com/download/DWo5/a/Ferri-eMMC_PB_EN.pdf"; VariantName = "[No Variations]"
Change component parameters (AddParameter): Name = "ComponentLink4Description"; Value = "4_X-information"; VariantName = "[No Variations]"
Change component parameters (AddParameter): Name = "ComponentLink4URL"; Value = ""; VariantName = "[No Variations]"
Change component parameters (AddParameter): Name = "Creation Date"; Value = "20250508"; VariantName = "[No Variations]"
Change component parameters (AddParameter): Name = "Design Item ID"; Value = ""; VariantName = "[No Variations]"
Change component parameters (AddParameter): Name = "Dimensions WxLxH"; Value = "11.5 x 13 x 1.2 mm"; VariantName = "[No Variations]"
Change component parameters (AddParameter): Name = "ECCN"; Value = ""; VariantName = "[No Variations]"
Change component parameters (AddParameter): Name = "HasBeenBuilt"; Value = ""; VariantName = "[No Variations]"
Change component parameters (AddParameter): Name = "Manufacturer"; Value = "Silicon Motion"; VariantName = "[No Variations]"
Change component parameters (AddParameter): Name = "Manufacturer Part Number"; Value = "SM662PBFBFSS"; VariantName = "[No Variations]"
Change component parameters (AddParameter): Name = "Operating temperature range"; Value = "-40 .... +105 °C"; VariantName = "[No Variations]"
Change component parameters (AddParameter): Name = "Package"; Value = "TFBGA-153"; VariantName = "[No Variations]"
Change component parameters (AddParameter): Name = "Part Number"; Value = "SM662PBF BFS"; VariantName = "[No Variations]"
Change component parameters (AddParameter): Name = "Remark"; Value = ""; VariantName = "[No Variations]"
Change component parameters (AddParameter): Name = "RoHS"; Value = ""; VariantName = "[No Variations]"
Change component parameters (AddParameter): Name = "Sort order"; Value = "511"; VariantName = "[No Variations]"
Change component parameters (AddParameter): Name = "Source"; Value = ""; VariantName = "[No Variations]"
Change component parameters (AddParameter): Name = "System"; Value = "IC"; VariantName = "[No Variations]"
Change component parameters: Duplicated parameters (ClassName) in variant "[No Variations]" found
Change component parameters: Designator = "Y1" ("Y1"); Footprint = "XTAL_3225_EPSON"; UniqueID = "\QGPUCIJS" ("\QGPUCIJS")
Change component parameters (AddParameter): Name = "Alternative component"; Value = ""; VariantName = "[No Variations]"
Change component parameters (AddParameter): Name = "ClassName"; Value = ""; VariantName = "[No Variations]"
Change component parameters (AddParameter): Name = "Component Type"; Value = "Crystal & Oscillator"; VariantName = "[No Variations]"
Change component parameters (AddParameter): Name = "ComponentLink1Description"; Value = "1_Datasheet"; VariantName = "[No Variations]"
Change component parameters (AddParameter): Name = "ComponentLink1URL"; Value = "https://support.epson.biz/td/api/doc_check.php?dl=brief_TSX-3225&lang=en"; VariantName = "[No Variations]"
Change component parameters (AddParameter): Name = "ComponentLink2Description"; Value = "2_Product page"; VariantName = "[No Variations]"
Change component parameters (AddParameter): Name = "ComponentLink2URL"; Value = ""; VariantName = "[No Variations]"
Change component parameters (AddParameter): Name = "ComponentLink3Description"; Value = "3_X-information"; VariantName = "[No Variations]"
Change component parameters (AddParameter): Name = "ComponentLink3URL"; Value = ""; VariantName = "[No Variations]"
Change component parameters (AddParameter): Name = "ComponentLink4Description"; Value = "4_X-information"; VariantName = "[No Variations]"
Change component parameters (AddParameter): Name = "ComponentLink4URL"; Value = ""; VariantName = "[No Variations]"
Change component parameters (AddParameter): Name = "Creation date"; Value = "20240430"; VariantName = "[No Variations]"
Change component parameters (AddParameter): Name = "Dimensions WxLxH"; Value = "3.2 x 2.5 x 0.6mm"; VariantName = "[No Variations]"
Change component parameters (AddParameter): Name = "ECCN"; Value = ""; VariantName = "[No Variations]"
Change component parameters (AddParameter): Name = "HasBeenBuilt"; Value = ""; VariantName = "[No Variations]"
Change component parameters (AddParameter): Name = "Manufacturer"; Value = "Epson"; VariantName = "[No Variations]"
Change component parameters (AddParameter): Name = "Manufacturer Part Number"; Value = "TSX-3225 24.0000MF20G-AC3"; VariantName = "[No Variations]"
Change component parameters (AddParameter): Name = "Operating temperature range"; Value = "-40 ... +105C"; VariantName = "[No Variations]"
Change component parameters (AddParameter): Name = "Package"; Value = ""; VariantName = "[No Variations]"
Change component parameters (AddParameter): Name = "Part Number"; Value = "TSX-3225 24.0000MF20G-AC3"; VariantName = "[No Variations]"
Change component parameters (AddParameter): Name = "Remark"; Value = ""; VariantName = "[No Variations]"
Change component parameters (AddParameter): Name = "RoHS"; Value = ""; VariantName = "[No Variations]"
Change component parameters (AddParameter): Name = "Sort order"; Value = "455"; VariantName = "[No Variations]"
Change component parameters (AddParameter): Name = "Source"; Value = ""; VariantName = "[No Variations]"
Change component parameters (AddParameter): Name = "System"; Value = "Discrete"; VariantName = "[No Variations]"
Change component parameters (AddParameter): Name = "Tolerance"; Value = "+/-10ppm"; VariantName = "[No Variations]"
Change component parameters (AddParameter): Name = "Value"; Value = "24MHz"; VariantName = "[No Variations]"
Add component: Footprint Not Found CAP_0201_UN1Q
Add component: Footprint Not Found CAP_0201_UN1Q
Add component: Footprint Not Found CAP_0201_UN1Q
Add component: Footprint Not Found CAP_0201_UN1Q
Add component: Footprint Not Found HIROSE_DF40C-100DP-0.4V(51)
Add component: Footprint Not Found PTP_0.4mm
Add component: Footprint Not Found PTP_0.4mm
Add component: Footprint Not Found PTP_0.4mm
Add component: Footprint Not Found PTP_0.4mm
Add component: Footprint Not Found RES_0201_UN1Q
Add component: Footprint Not Found W-PDFN-8MLP8_W7_MRN
Add Pin To Net: Unknown Pin: Pin C83-1
Add Pin To Net: Unknown Pin: Pin C83-2
Add Pin To Net: Unknown Pin: Pin C84-1
Add Pin To Net: Unknown Pin: Pin C84-2
Add Pin To Net: Unknown Pin: Pin C85-1
Add Pin To Net: Unknown Pin: Pin C85-2
Add Pin To Net: Unknown Pin: Pin C86-1
Add Pin To Net: Unknown Pin: Pin C86-2
Added Pin To Net: NetName=SAI5_RXD0 Pin=J3-1
Added Pin To Net: NetName=I2C6_SCL Pin=J3-2
Added Pin To Net: NetName=SAI5_RXD1 Pin=J3-3
Added Pin To Net: NetName=I2C6_SDA Pin=J3-4
Added Pin To Net: NetName=SAI5_RXD2 Pin=J3-5
Added Pin To Net: NetName=SAI5_RXD3 Pin=J3-7
Added Pin To Net: NetName=SAI5_MCLK Pin=J3-8
Added Pin To Net: NetName=GND Pin=J3-9
Added Pin To Net: NetName=GND Pin=J3-10
Added Pin To Net: NetName=SAI2_TXC Pin=J3-11
Added Pin To Net: NetName=SAI2_RXFS Pin=J3-12
Added Pin To Net: NetName=SAI2_TXFS Pin=J3-13
Added Pin To Net: NetName=SAI2_RXC Pin=J3-14
Added Pin To Net: NetName=SAI2_TXD Pin=J3-15
Added Pin To Net: NetName=GND Pin=J3-16
Added Pin To Net: NetName=SAI2_RXD Pin=J3-17
Added Pin To Net: NetName=SAI2_MCLK Pin=J3-18
Added Pin To Net: NetName=GND Pin=J3-19
Added Pin To Net: NetName=GND Pin=J3-20
Added Pin To Net: NetName=SAI3_TXC Pin=J3-21
Added Pin To Net: NetName=SAI3_MCLK Pin=J3-22
Added Pin To Net: NetName=SAI3_TXFS Pin=J3-23
Added Pin To Net: NetName=SAI3_RXC Pin=J3-24
Added Pin To Net: NetName=SAI3_TXD Pin=J3-25
Added Pin To Net: NetName=SAI3_RXFS Pin=J3-26
Added Pin To Net: NetName=SAI3_RXD Pin=J3-28
Added Pin To Net: NetName=GND Pin=J3-29
Added Pin To Net: NetName=GND Pin=J3-30
Added Pin To Net: NetName=ECSPI2_SS0 Pin=J3-31
Added Pin To Net: NetName=I2C5_SCL Pin=J3-32
Added Pin To Net: NetName=ECSPI2_MOSI Pin=J3-33
Added Pin To Net: NetName=SPDIF_RX Pin=J3-34
Added Pin To Net: NetName=ECSPI2_MISO Pin=J3-35
Added Pin To Net: NetName=I2C5_SDA Pin=J3-36
Added Pin To Net: NetName=ECSPI2_SCLK Pin=J3-37
Added Pin To Net: NetName=GND Pin=J3-39
Added Pin To Net: NetName=GND Pin=J3-40
Added Pin To Net: NetName=HDMI_DDC_SCL Pin=J3-41
Added Pin To Net: NetName=ECSPI1_MISO Pin=J3-42
Added Pin To Net: NetName=HDMI_DDC_SDA Pin=J3-43
Added Pin To Net: NetName=\USB_HUB_RST Pin=J3-44
Added Pin To Net: NetName=GND Pin=J3-45
Added Pin To Net: NetName=ECSPI1_MOSI Pin=J3-46
Added Pin To Net: NetName=HDMI_HPD Pin=J3-47
Added Pin To Net: NetName=\mPCIe_RST Pin=J3-48
Added Pin To Net: NetName=HDMI_CEC Pin=J3-49
Added Pin To Net: NetName=GND Pin=J3-50
Added Pin To Net: NetName=GND Pin=J3-51
Added Pin To Net: NetName=ENET2_MDC Pin=J3-52
Added Pin To Net: NetName=EARC_N_HPD Pin=J3-53
Added Pin To Net: NetName=ENET2_MDIO Pin=J3-54
Added Pin To Net: NetName=EARC_P_UTIL Pin=J3-55
Added Pin To Net: NetName=ENET2_TX_CTL Pin=J3-56
Added Pin To Net: NetName=GND Pin=J3-57
Added Pin To Net: NetName=ENET2_TXC Pin=J3-58
Added Pin To Net: NetName=HDMI_TXC_N Pin=J3-59
Added Pin To Net: NetName=GND Pin=J3-60
Added Pin To Net: NetName=HDMI_TXC_P Pin=J3-61
Added Pin To Net: NetName=ENET2_TD0 Pin=J3-62
Added Pin To Net: NetName=GND Pin=J3-63
Added Pin To Net: NetName=ENET2_TD1 Pin=J3-64
Added Pin To Net: NetName=HDMI_TX0_N Pin=J3-65
Added Pin To Net: NetName=ENET2_TD2 Pin=J3-66
Added Pin To Net: NetName=HDMI_TX0_P Pin=J3-67
Added Pin To Net: NetName=ENET2_TD3 Pin=J3-68
Added Pin To Net: NetName=GND Pin=J3-69
Added Pin To Net: NetName=GND Pin=J3-70
Added Pin To Net: NetName=HDMI_TX1_N Pin=J3-71
Added Pin To Net: NetName=ENET2_RX_CTL Pin=J3-72
Added Pin To Net: NetName=HDMI_TX1_P Pin=J3-73
Added Pin To Net: NetName=ENET2_RXC Pin=J3-74
Added Pin To Net: NetName=GND Pin=J3-75
Added Pin To Net: NetName=HDMI_TX2_N Pin=J3-77
Added Pin To Net: NetName=HDMI_TX2_P Pin=J3-79
Added Pin To Net: NetName=GND Pin=J3-80
Added Pin To Net: NetName=GND Pin=J3-81
Added Pin To Net: NetName=ENET2_RD0 Pin=J3-82
Added Pin To Net: NetName=ENET2_RD1 Pin=J3-84
Added Pin To Net: NetName=ENET2_RD2 Pin=J3-86
Added Pin To Net: NetName=SD2_RESET_B Pin=J3-87
Added Pin To Net: NetName=ENET2_RD3 Pin=J3-88
Added Pin To Net: NetName=GND Pin=J3-89
Added Pin To Net: NetName=GND Pin=J3-90
Added Pin To Net: NetName=SD2_DATA0 Pin=J3-91
Added Pin To Net: NetName=SD2_WP Pin=J3-92
Added Pin To Net: NetName=SD2_DATA1 Pin=J3-93
Added Pin To Net: NetName=SD2_nCD Pin=J3-94
Added Pin To Net: NetName=SD2_DATA2 Pin=J3-95
Added Pin To Net: NetName=SD2_CLK Pin=J3-96
Added Pin To Net: NetName=SD2_DATA3 Pin=J3-97
Added Pin To Net: NetName=SD2_CMD Pin=J3-98
Added Pin To Net: NetName=GND Pin=J3-99
Added Pin To Net: NetName=GND Pin=J3-100
Added Pin To Net: NetName=GND Pin=J4-7
Added Pin To Net: NetName=GND Pin=J4-8
Added Pin To Net: NetName=BOOT_MODE0 Pin=J4-9
Added Pin To Net: NetName=GND Pin=J4-10
Added Pin To Net: NetName=BOOT_MODE1 Pin=J4-11
Added Pin To Net: NetName=GPIO1_IO15 Pin=J4-12
Added Pin To Net: NetName=BOOT_MODE2 Pin=J4-13
Added Pin To Net: NetName=GND Pin=J4-14
Added Pin To Net: NetName=BOOT_MODE3 Pin=J4-15
Added Pin To Net: NetName=GPIO1_IO14 Pin=J4-16
Added Pin To Net: NetName=GND Pin=J4-17
Added Pin To Net: NetName=GPIO1_IO13 Pin=J4-18
Added Pin To Net: NetName=GPIO1_IO06 Pin=J4-19
Added Pin To Net: NetName=GPIO1_IO12 Pin=J4-20
Added Pin To Net: NetName=GPIO1_IO05 Pin=J4-21
Added Pin To Net: NetName=GPIO1_IO11 Pin=J4-22
Added Pin To Net: NetName=GPIO1_IO01 Pin=J4-23
Added Pin To Net: NetName=GND Pin=J4-24
Added Pin To Net: NetName=GPIO1_IO00 Pin=J4-25
Added Pin To Net: NetName=GPIO1_IO10 Pin=J4-26
Added Pin To Net: NetName=GND Pin=J4-27
Added Pin To Net: NetName=GPIO1_IO09 Pin=J4-28
Added Pin To Net: NetName=USB1_RX_N Pin=J4-29
Added Pin To Net: NetName=GPIO1_IO08 Pin=J4-30
Added Pin To Net: NetName=USB1_RX_P Pin=J4-31
Added Pin To Net: NetName=GPIO1_IO07 Pin=J4-32
Added Pin To Net: NetName=GND Pin=J4-33
Added Pin To Net: NetName=GND Pin=J4-34
Added Pin To Net: NetName=USB1_TX_N Pin=J4-35
Added Pin To Net: NetName=USB1_D_N Pin=J4-36
Added Pin To Net: NetName=USB1_TX_P Pin=J4-37
Added Pin To Net: NetName=USB1_D_P Pin=J4-38
Added Pin To Net: NetName=GND Pin=J4-39
Added Pin To Net: NetName=GND Pin=J4-40
Added Pin To Net: NetName=USB2_RX_N Pin=J4-41
Added Pin To Net: NetName=USB2_RX_P Pin=J4-43
Added Pin To Net: NetName=USB1_VBUS_3V3 Pin=J4-44
Added Pin To Net: NetName=GND Pin=J4-45
Added Pin To Net: NetName=GND Pin=J4-46
Added Pin To Net: NetName=USB2_TX_N Pin=J4-47
Added Pin To Net: NetName=USB2_TX_P Pin=J4-49
Added Pin To Net: NetName=USB2_VBUS_3V3 Pin=J4-50
Added Pin To Net: NetName=GND Pin=J4-51
Added Pin To Net: NetName=GND Pin=J4-52
Added Pin To Net: NetName=PCIE_CLK_N Pin=J4-53
Added Pin To Net: NetName=PCIE_CLK_P Pin=J4-55
Added Pin To Net: NetName=GND Pin=J4-57
Added Pin To Net: NetName=GND Pin=J4-58
Added Pin To Net: NetName=PCIE_RX_N Pin=J4-59
Added Pin To Net: NetName=JTAG_TMS Pin=J4-60
Added Pin To Net: NetName=PCIE_RX_P Pin=J4-61
Added Pin To Net: NetName=JTAG_TDO Pin=J4-62
Added Pin To Net: NetName=GND Pin=J4-63
Added Pin To Net: NetName=JTAG_TDI Pin=J4-64
Added Pin To Net: NetName=PCIE_TX_N Pin=J4-65
Added Pin To Net: NetName=JTAG_MOD Pin=J4-66
Added Pin To Net: NetName=PCIE_TX_P Pin=J4-67
Added Pin To Net: NetName=JTAG_TCK Pin=J4-68
Added Pin To Net: NetName=GND Pin=J4-69
Added Pin To Net: NetName=GND Pin=J4-70
Added Pin To Net: NetName=DSI_DN0 Pin=J4-71
Added Pin To Net: NetName=CSI1_DN0 Pin=J4-72
Added Pin To Net: NetName=DSI_DP0 Pin=J4-73
Added Pin To Net: NetName=CSI1_DP0 Pin=J4-74
Added Pin To Net: NetName=GND Pin=J4-75
Added Pin To Net: NetName=GND Pin=J4-76
Added Pin To Net: NetName=DSI_DN1 Pin=J4-77
Added Pin To Net: NetName=CSI1_DN1 Pin=J4-78
Added Pin To Net: NetName=DSI_DP1 Pin=J4-79
Added Pin To Net: NetName=CSI1_DP1 Pin=J4-80
Added Pin To Net: NetName=GND Pin=J4-81
Added Pin To Net: NetName=GND Pin=J4-82
Added Pin To Net: NetName=DSI_CKN Pin=J4-83
Added Pin To Net: NetName=CSI1_CKN Pin=J4-84
Added Pin To Net: NetName=DSI_CKP Pin=J4-85
Added Pin To Net: NetName=CSI1_CKP Pin=J4-86
Added Pin To Net: NetName=GND Pin=J4-87
Added Pin To Net: NetName=GND Pin=J4-88
Added Pin To Net: NetName=DSI_DN2 Pin=J4-89
Added Pin To Net: NetName=CSI1_DN2 Pin=J4-90
Added Pin To Net: NetName=DSI_DP2 Pin=J4-91
Added Pin To Net: NetName=CSI1_DP2 Pin=J4-92
Added Pin To Net: NetName=GND Pin=J4-93
Added Pin To Net: NetName=GND Pin=J4-94
Added Pin To Net: NetName=DSI_DN3 Pin=J4-95
Added Pin To Net: NetName=CSI1_DN3 Pin=J4-96
Added Pin To Net: NetName=DSI_DP3 Pin=J4-97
Added Pin To Net: NetName=CSI1_DP3 Pin=J4-98
Added Pin To Net: NetName=GND Pin=J4-99
Added Pin To Net: NetName=GND Pin=J4-100
Add Pin To Net: Unknown Pin: Pin J5-1
Add Pin To Net: Unknown Pin: Pin J5-2
Add Pin To Net: Unknown Pin: Pin J5-3
Add Pin To Net: Unknown Pin: Pin J5-4
Add Pin To Net: Unknown Pin: Pin J5-5
Add Pin To Net: Unknown Pin: Pin J5-6
Add Pin To Net: Unknown Pin: Pin J5-7
Add Pin To Net: Unknown Pin: Pin J5-8
Add Pin To Net: Unknown Pin: Pin J5-9
Add Pin To Net: Unknown Pin: Pin J5-10
Add Pin To Net: Unknown Pin: Pin J5-11
Add Pin To Net: Unknown Pin: Pin J5-12
Add Pin To Net: Unknown Pin: Pin J5-13
Add Pin To Net: Unknown Pin: Pin J5-14
Add Pin To Net: Unknown Pin: Pin J5-15
Add Pin To Net: Unknown Pin: Pin J5-16
Add Pin To Net: Unknown Pin: Pin J5-17
Add Pin To Net: Unknown Pin: Pin J5-18
Add Pin To Net: Unknown Pin: Pin J5-19
Add Pin To Net: Unknown Pin: Pin J5-20
Add Pin To Net: Unknown Pin: Pin J5-21
Add Pin To Net: Unknown Pin: Pin J5-22
Add Pin To Net: Unknown Pin: Pin J5-23
Add Pin To Net: Unknown Pin: Pin J5-24
Add Pin To Net: Unknown Pin: Pin J5-25
Add Pin To Net: Unknown Pin: Pin J5-26
Add Pin To Net: Unknown Pin: Pin J5-27
Add Pin To Net: Unknown Pin: Pin J5-28
Add Pin To Net: Unknown Pin: Pin J5-29
Add Pin To Net: Unknown Pin: Pin J5-30
Add Pin To Net: Unknown Pin: Pin J5-31
Add Pin To Net: Unknown Pin: Pin J5-32
Add Pin To Net: Unknown Pin: Pin J5-33
Add Pin To Net: Unknown Pin: Pin J5-34
Add Pin To Net: Unknown Pin: Pin J5-35
Add Pin To Net: Unknown Pin: Pin J5-36
Add Pin To Net: Unknown Pin: Pin J5-37
Add Pin To Net: Unknown Pin: Pin J5-38
Add Pin To Net: Unknown Pin: Pin J5-39
Add Pin To Net: Unknown Pin: Pin J5-40
Add Pin To Net: Unknown Pin: Pin J5-41
Add Pin To Net: Unknown Pin: Pin J5-42
Add Pin To Net: Unknown Pin: Pin J5-43
Add Pin To Net: Unknown Pin: Pin J5-44
Add Pin To Net: Unknown Pin: Pin J5-45
Add Pin To Net: Unknown Pin: Pin J5-46
Add Pin To Net: Unknown Pin: Pin J5-47
Add Pin To Net: Unknown Pin: Pin J5-49
Add Pin To Net: Unknown Pin: Pin J5-50
Add Pin To Net: Unknown Pin: Pin J5-51
Add Pin To Net: Unknown Pin: Pin J5-52
Add Pin To Net: Unknown Pin: Pin J5-53
Add Pin To Net: Unknown Pin: Pin J5-54
Add Pin To Net: Unknown Pin: Pin J5-55
Add Pin To Net: Unknown Pin: Pin J5-56
Add Pin To Net: Unknown Pin: Pin J5-57
Add Pin To Net: Unknown Pin: Pin J5-58
Add Pin To Net: Unknown Pin: Pin J5-59
Add Pin To Net: Unknown Pin: Pin J5-60
Add Pin To Net: Unknown Pin: Pin J5-61
Add Pin To Net: Unknown Pin: Pin J5-62
Add Pin To Net: Unknown Pin: Pin J5-63
Add Pin To Net: Unknown Pin: Pin J5-64
Add Pin To Net: Unknown Pin: Pin J5-65
Add Pin To Net: Unknown Pin: Pin J5-66
Add Pin To Net: Unknown Pin: Pin J5-67
Add Pin To Net: Unknown Pin: Pin J5-68
Add Pin To Net: Unknown Pin: Pin J5-69
Add Pin To Net: Unknown Pin: Pin J5-70
Add Pin To Net: Unknown Pin: Pin J5-73
Add Pin To Net: Unknown Pin: Pin J5-75
Add Pin To Net: Unknown Pin: Pin J5-76
Add Pin To Net: Unknown Pin: Pin J5-77
Add Pin To Net: Unknown Pin: Pin J5-78
Add Pin To Net: Unknown Pin: Pin J5-79
Add Pin To Net: Unknown Pin: Pin J5-80
Add Pin To Net: Unknown Pin: Pin J5-81
Add Pin To Net: Unknown Pin: Pin J5-82
Add Pin To Net: Unknown Pin: Pin J5-83
Add Pin To Net: Unknown Pin: Pin J5-84
Add Pin To Net: Unknown Pin: Pin J5-85
Add Pin To Net: Unknown Pin: Pin J5-86
Add Pin To Net: Unknown Pin: Pin J5-87
Add Pin To Net: Unknown Pin: Pin J5-88
Add Pin To Net: Unknown Pin: Pin J5-89
Add Pin To Net: Unknown Pin: Pin J5-90
Add Pin To Net: Unknown Pin: Pin J5-91
Add Pin To Net: Unknown Pin: Pin J5-92
Add Pin To Net: Unknown Pin: Pin J5-93
Add Pin To Net: Unknown Pin: Pin J5-94
Add Pin To Net: Unknown Pin: Pin J5-95
Add Pin To Net: Unknown Pin: Pin J5-96
Add Pin To Net: Unknown Pin: Pin J5-97
Add Pin To Net: Unknown Pin: Pin J5-98
Add Pin To Net: Unknown Pin: Pin J5-99
Add Pin To Net: Unknown Pin: Pin J5-100
Added Pin To Net: NetName=GND Pin=J6-1
Added Pin To Net: NetName=GND Pin=J6-2
Added Pin To Net: NetName=LVDS1_TX0_P Pin=J6-3
Added Pin To Net: NetName=CSI2_DN3 Pin=J6-4
Added Pin To Net: NetName=LVDS1_TX0_N Pin=J6-5
Added Pin To Net: NetName=CSI2_DP3 Pin=J6-6
Added Pin To Net: NetName=GND Pin=J6-7
Added Pin To Net: NetName=GND Pin=J6-8
Added Pin To Net: NetName=LVDS1_TX1_P Pin=J6-9
Added Pin To Net: NetName=CSI2_DN2 Pin=J6-10
Added Pin To Net: NetName=LVDS1_TX1_N Pin=J6-11
Added Pin To Net: NetName=CSI2_DP2 Pin=J6-12
Added Pin To Net: NetName=GND Pin=J6-13
Added Pin To Net: NetName=GND Pin=J6-14
Added Pin To Net: NetName=LVDS1_CLK_P Pin=J6-15
Added Pin To Net: NetName=CSI2_CKN Pin=J6-16
Added Pin To Net: NetName=LVDS1_CLK_N Pin=J6-17
Added Pin To Net: NetName=CSI2_CKP Pin=J6-18
Added Pin To Net: NetName=GND Pin=J6-19
Added Pin To Net: NetName=GND Pin=J6-20
Added Pin To Net: NetName=LVDS1_TX2_P Pin=J6-21
Added Pin To Net: NetName=CSI2_DN1 Pin=J6-22
Added Pin To Net: NetName=LVDS1_TX2_N Pin=J6-23
Added Pin To Net: NetName=CSI2_DP1 Pin=J6-24
Added Pin To Net: NetName=GND Pin=J6-25
Added Pin To Net: NetName=GND Pin=J6-26
Added Pin To Net: NetName=LVDS1_TX3_P Pin=J6-27
Added Pin To Net: NetName=CSI2_DN0 Pin=J6-28
Added Pin To Net: NetName=LVDS1_TX3_N Pin=J6-29
Added Pin To Net: NetName=CSI2_DP0 Pin=J6-30
Added Pin To Net: NetName=GND Pin=J6-31
Added Pin To Net: NetName=GND Pin=J6-32
Added Pin To Net: NetName=LVDS0_TX0_P Pin=J6-33
Added Pin To Net: NetName=LVDS0_TX0_N Pin=J6-35
Added Pin To Net: NetName=GND Pin=J6-37
Added Pin To Net: NetName=LVDS0_TX1_P Pin=J6-39
Added Pin To Net: NetName=GND Pin=J6-40
Added Pin To Net: NetName=LVDS0_TX1_N Pin=J6-41
Added Pin To Net: NetName=GND Pin=J6-43
Added Pin To Net: NetName=LVDS0_CLK_P Pin=J6-45
Added Pin To Net: NetName=LVDS0_CLK_N Pin=J6-47
Added Pin To Net: NetName=GND Pin=J6-49
Added Pin To Net: NetName=GND Pin=J6-50
Added Pin To Net: NetName=LVDS0_TX2_P Pin=J6-51
Added Pin To Net: NetName=I2C1_SCL Pin=J6-52
Added Pin To Net: NetName=LVDS0_TX2_N Pin=J6-53
Added Pin To Net: NetName=I2C1_SDA Pin=J6-54
Added Pin To Net: NetName=GND Pin=J6-55
Added Pin To Net: NetName=LVDS0_TX3_P Pin=J6-57
Added Pin To Net: NetName=LVDS0_TX3_N Pin=J6-59
Added Pin To Net: NetName=GND Pin=J6-60
Added Pin To Net: NetName=GND Pin=J6-61
Added Pin To Net: NetName=GND Pin=J6-63
Added Pin To Net: NetName=GND Pin=J6-65
Added Pin To Net: NetName=GND Pin=J6-67
Added Pin To Net: NetName=GND Pin=J6-69
Added Pin To Net: NetName=GND Pin=J6-70
Added Pin To Net: NetName=SD1_STROBE Pin=J6-71
Added Pin To Net: NetName=SD1_RESET_B Pin=J6-73
Added Pin To Net: NetName=ONOFF Pin=J6-74
Added Pin To Net: NetName=SD1_CLK Pin=J6-75
Added Pin To Net: NetName=POR_B Pin=J6-76
Added Pin To Net: NetName=SD1_CMD Pin=J6-77
Added Pin To Net: NetName=PMIC_ON_REQ Pin=J6-78
Added Pin To Net: NetName=GND Pin=J6-79
Added Pin To Net: NetName=GND Pin=J6-80
Added Pin To Net: NetName=SD1_DATA0 Pin=J6-81
Added Pin To Net: NetName=SD1_DATA1 Pin=J6-83
Added Pin To Net: NetName=GND Pin=J6-84
Added Pin To Net: NetName=SD1_DATA2 Pin=J6-85
Added Pin To Net: NetName=CLKIN1 Pin=J6-86
Added Pin To Net: NetName=SD1_DATA3 Pin=J6-87
Added Pin To Net: NetName=GND Pin=J6-88
Added Pin To Net: NetName=GND Pin=J6-89
Added Pin To Net: NetName=CLKOUT1 Pin=J6-90
Added Pin To Net: NetName=SD1_DATA4 Pin=J6-91
Added Pin To Net: NetName=GND Pin=J6-92
Added Pin To Net: NetName=SD1_DATA5 Pin=J6-93
Added Pin To Net: NetName=CLKIN2 Pin=J6-94
Added Pin To Net: NetName=SD1_DATA6 Pin=J6-95
Added Pin To Net: NetName=GND Pin=J6-96
Added Pin To Net: NetName=SD1_DATA7 Pin=J6-97
Added Pin To Net: NetName=CLKOUT2 Pin=J6-98
Added Pin To Net: NetName=GND Pin=J6-99
Added Pin To Net: NetName=GND Pin=J6-100
Add Pin To Net: Unknown Pin: Pin PTP12-1
Add Pin To Net: Unknown Pin: Pin PTP13-1
Add Pin To Net: Unknown Pin: Pin PTP35-1
Add Pin To Net: Unknown Pin: Pin PTP36-1
Add Pin To Net: Unknown Pin: Pin R20-1
Add Pin To Net: Unknown Pin: Pin R20-2
Added Pin To Net: NetName=NVCC_DRAM_1V1 Pin=U1-AA8
Added Pin To Net: NetName=NVCC_DRAM_1V1 Pin=U1-J8
Added Pin To Net: NetName=NVCC_DRAM_1V1 Pin=U1-J10
Added Pin To Net: NetName=NVCC_DRAM_1V1 Pin=U1-L8
Added Pin To Net: NetName=NVCC_DRAM_1V1 Pin=U1-N8
Added Pin To Net: NetName=NVCC_DRAM_1V1 Pin=U1-R8
Added Pin To Net: NetName=NVCC_DRAM_1V1 Pin=U1-U8
Added Pin To Net: NetName=NVCC_DRAM_1V1 Pin=U1-W8
Add Pin To Net: Unknown Pin: Pin U4-1
Add Pin To Net: Unknown Pin: Pin U4-2
Add Pin To Net: Unknown Pin: Pin U4-3
Add Pin To Net: Unknown Pin: Pin U4-4
Add Pin To Net: Unknown Pin: Pin U4-5
Add Pin To Net: Unknown Pin: Pin U4-6
Add Pin To Net: Unknown Pin: Pin U4-7
Add Pin To Net: Unknown Pin: Pin U4-8
Add Pin To Net: Unknown Pin: Pin U4-9
Change Net Name : Old Net Name=JTAG_MOD New Net Name=\JTAG_RST
Change Net Name : Old Net Name=NetC94_2 New Net Name=NetC87_2
Change Net Name : Old Net Name=NetC115_1 New Net Name=NetC106_1
Change Net Name : Old Net Name=NetC121_2 New Net Name=NetC112_2
Change Net Name : Old Net Name=NetL3_1 New Net Name=NetL2_1
Change Net Name : Old Net Name=NetL4_1 New Net Name=NetL3_1
Change Net Name : Old Net Name=NetL5_1 New Net Name=NetL4_1
Change Net Name : Old Net Name=NetL6_1 New Net Name=NetL5_1
Change Net Name : Old Net Name=NetL7_1 New Net Name=NetL6_1
Change Net Name : Old Net Name=NetL8_1 New Net Name=NetL7_1
Change Net Name : Old Net Name=NetPTP32_1 New Net Name=NetPTP23_1
Change Net Name : Old Net Name=NetR26_1 New Net Name=NetR21_1
Change Net Name : Old Net Name=NetR41_1 New Net Name=NetR26_1
Change Net Color : Old Net Color=RGB(0, 0, 191) New Net Color=Default
Change Net Color : Old Net Color=RGB(180, 95, 6) New Net Color=RGB(180, 95, 6)
Change Net Color : Old Net Color=Red New Net Color=Red
Change Net Color : Old Net Color=Fuchsia New Net Color=Fuchsia
Added Pin To Net: NetName=USB2_D_N Pin=J4-54
Added Pin To Net: NetName=USB2_D_N Pin=U1-E14
Added Net: Name=USB2_D_N
Added Pin To Net: NetName=USB2_D_P Pin=J4-56
Added Pin To Net: NetName=USB2_D_P Pin=U1-D14
Added Net: Name=USB2_D_P
Added Differential Pair: Name=USB2_D
Added Member To Class: ClassName=IMX8_IO Member=Component C1 CAP_0201_12pF_RF_MATCHING
Added Member To Class: ClassName=IMX8_IO Member=Component C2 CAP_0201_12pF_RF_MATCHING
Added Member To Class: ClassName=IMX8_IO Member=Component C3 CAP_0201_12pF_RF_MATCHING
Added Member To Class: ClassName=IMX8_IO Member=Component C4 CAP_0201_12pF_RF_MATCHING
Added Member To Class: ClassName=IMX8_PWR Member=Component C6 CAP_0201_1uF_X6S
Added Member To Class: ClassName=IMX8_PWR Member=Component C9 CAP_0201_220n_10V_X6S
Added Member To Class: ClassName=IMX8_PWR Member=Component C10 CAP_0402_10u_X6S
Added Member To Class: ClassName=IMX8_PWR Member=Component C11 CAP_0201_1uF_X6S
Added Member To Class: ClassName=IMX8_PWR Member=Component C12 CAP_0201_1uF_X6S
Added Member To Class: ClassName=IMX8_PWR Member=Component C13 CAP_0201_1uF_X6S
Added Member To Class: ClassName=IMX8_PWR Member=Component C15 CAP_0201_220n_10V_X6S
Added Member To Class: ClassName=IMX8_PWR Member=Component C16 CAP_0402_10u_X6S
Added Member To Class: ClassName=IMX8_PWR Member=Component C17 CAP_0201_1uF_X6S
Added Member To Class: ClassName=IMX8_PWR Member=Component C18 CAP_0201_1uF_X6S
Added Member To Class: ClassName=IMX8_PWR Member=Component C20 CAP_0201_1uF_X6S
Added Member To Class: ClassName=IMX8_PWR Member=Component C22 CAP_0402_10u_X6S
Added Member To Class: ClassName=IMX8_PWR Member=Component C23 CAP_0201_1uF_X6S
Added Member To Class: ClassName=IMX8_PWR Member=Component C25 CAP_0201_1uF_X6S
Added Member To Class: ClassName=IMX8_PWR Member=Component C28 CAP_0201_1uF_X6S
Added Member To Class: ClassName=IMX8_PWR Member=Component C29 CAP_0201_1uF_X6S
Added Member To Class: ClassName=IMX8_PWR Member=Component C30 CAP_0402_10u_X6S
Added Member To Class: ClassName=IMX8_PWR Member=Component C31 CAP_0201_1uF_X6S
Added Member To Class: ClassName=IMX8_PWR Member=Component C35 CAP_0402_10u_X6S
Added Member To Class: ClassName=IMX8_PWR Member=Component C36 CAP_0201_1uF_X6S
Added Member To Class: ClassName=IMX8_PWR Member=Component C37 CAP_0201_1uF_X6S
Added Member To Class: ClassName=IMX8_PWR Member=Component C38 CAP_0201_1uF_X6S
Added Member To Class: ClassName=IMX8_PWR Member=Component C39 CAP_0201_1uF_X6S
Added Member To Class: ClassName=IMX8_PWR Member=Component C40 CAP_0201_1uF_X6S
Added Member To Class: ClassName=IMX8_PWR Member=Component C41 CAP_0201_1uF_X6S
Added Member To Class: ClassName=IMX8_PWR Member=Component C42 CAP_0201_1uF_X6S
Added Member To Class: ClassName=IMX8_PWR Member=Component C44 CAP_0201_1uF_X6S
Added Member To Class: ClassName=IMX8_PWR Member=Component C46 CAP_0201_1uF_X6S
Added Member To Class: ClassName=IMX8_PWR Member=Component C47 CAP_0201_1uF_X6S
Added Member To Class: ClassName=IMX8_PWR Member=Component C49 CAP_0201_1uF_X6S
Added Member To Class: ClassName=IMX8_PWR Member=Component C51 CAP_0402_10u_X6S
Added Member To Class: ClassName=IMX8_PWR Member=Component C52 CAP_0201_1uF_X6S
Added Member To Class: ClassName=IMX8_PWR Member=Component C53 CAP_0201_1uF_X6S
Added Member To Class: ClassName=IMX8_PWR Member=Component C54 CAP_0201_1uF_X6S
Added Member To Class: ClassName=IMX8_PWR Member=Component C55 CAP_0402_10u_X6S
Added Member To Class: ClassName=IMX8_PWR Member=Component C56 CAP_0201_1uF_X6S
Added Member To Class: ClassName=IMX8_PWR Member=Component C57 CAP_0201_1uF_X6S
Added Member To Class: ClassName=IMX8_PWR Member=Component C58 CAP_0201_1uF_X6S
Added Member To Class: ClassName=IMX8_PWR Member=Component C59 CAP_0201_1uF_X6S
Added Member To Class: ClassName=IMX8_LPDDR4 Member=Component C61 CAP_0402_10u_X6S
Added Member To Class: ClassName=IMX8_LPDDR4 Member=Component C62 CAP_0402_10u_X6S
Added Member To Class: ClassName=IMX8_LPDDR4 Member=Component C63 CAP_0201_1uF_X6S
Added Member To Class: ClassName=IMX8_LPDDR4 Member=Component C64 CAP_0201_1uF_X6S
Added Member To Class: ClassName=IMX8_LPDDR4 Member=Component C65 CAP_0201_1uF_X6S
Added Member To Class: ClassName=IMX8_LPDDR4 Member=Component C66 CAP_0201_1uF_X6S
Added Member To Class: ClassName=IMX8_LPDDR4 Member=Component C67 CAP_0402_10u_X6S
Added Member To Class: ClassName=IMX8_LPDDR4 Member=Component C68 CAP_0402_10u_X6S
Added Member To Class: ClassName=IMX8_LPDDR4 Member=Component C69 CAP_0201_1uF_X6S
Added Member To Class: ClassName=IMX8_LPDDR4 Member=Component C70 CAP_0201_1uF_X6S
Added Member To Class: ClassName=IMX8_LPDDR4 Member=Component C71 CAP_0201_1uF_X6S
Added Member To Class: ClassName=IMX8_LPDDR4 Member=Component C72 CAP_0201_1uF_X6S
Added Member To Class: ClassName=IMX8_LPDDR4 Member=Component C73 CAP_0201_1uF_X6S
Added Member To Class: ClassName=IMX8_LPDDR4 Member=Component C74 CAP_0201_1uF_X6S
Added Member To Class: ClassName=IMX8_LPDDR4 Member=Component C75 CAP_0402_10u_X6S
Added Member To Class: ClassName=IMX8_LPDDR4 Member=Component C76 CAP_0201_1uF_X6S
Added Member To Class: ClassName=IMX8_LPDDR4 Member=Component C77 CAP_0201_1uF_X6S
Added Member To Class: ClassName=IMX8_LPDDR4 Member=Component C78 CAP_0201_1uF_X6S
Added Member To Class: ClassName=IMX8_LPDDR4 Member=Component C79 CAP_0201_1uF_X6S
Added Member To Class: ClassName=IMX8_LPDDR4 Member=Component C80 CAP_0201_1uF_X6S
Added Member To Class: ClassName=IMX8_LPDDR4 Member=Component C81 CAP_0201_1uF_X6S
Added Member To Class: ClassName=IMX8_LPDDR4 Member=Component C82 CAP_0201_1uF_X6S
Add Class Member: Failed to add class member : Component C83 CAP_0201_220n_10V_X6S
Add Class Member: Failed to add class member : Component C84 CAP_0201_220n_10V_X6S
Add Class Member: Failed to add class member : Component C85 CAP_0201_220n_10V_X6S
Add Class Member: Failed to add class member : Component C86 CAP_0201_220n_10V_X6S
Added Member To Class: ClassName=IMX8_DISPLAY Member=Component C87 CAP_0201_2n2
Added Member To Class: ClassName=IMX8_eMMC Member=Component C88 CAP_0402_4u7_10V_X6S
Added Member To Class: ClassName=IMX8_eMMC Member=Component C89 CAP_0201_220n_10V_X6S
Added Member To Class: ClassName=IMX8_eMMC Member=Component C90 CAP_0201_220n_10V_X6S
Added Member To Class: ClassName=IMX8_eMMC Member=Component C91 CAP_0402_10u_X6S
Added Member To Class: ClassName=IMX8_eMMC Member=Component C92 CAP_0201_220n_10V_X6S
Added Member To Class: ClassName=IMX8_eMMC Member=Component C93 CAP_0201_220n_10V_X6S
Added Member To Class: ClassName=IMX8_eMMC Member=Component C94 CAP_0201_220n_10V_X6S
Added Member To Class: ClassName=IMX8_eMMC Member=Component C95 CAP_0201_220n_10V_X6S
Added Member To Class: ClassName=IMX8_eMMC Member=Component C96 CAP_0201_220n_10V_X6S
Added Member To Class: ClassName=IMX8_eMMC Member=Component C97 CAP_0402_10u_X6S
Added Member To Class: ClassName=IMX8_eMMC Member=Component C98 CAP_0201_18p_RF_MATCHING
Added Member To Class: ClassName=IMX8_eMMC Member=Component C99 CAP_0402_10u_X6S
Added Member To Class: ClassName=IMX8_eMMC Member=Component C100 CAP_0201_220n_10V_X6S
Added Member To Class: ClassName=IMX8_PMIC Member=Component C101 CAP_0603_10u_10V_X7R
Added Member To Class: ClassName=IMX8_PMIC Member=Component C102 CAP_0603_NA
Added Member To Class: ClassName=IMX8_PMIC Member=Component C103 CAP_0201_1uF_X6S
Added Member To Class: ClassName=IMX8_PMIC Member=Component C104 CAP_0603_22u_6.3V_X6S
Added Member To Class: ClassName=IMX8_PMIC Member=Component C105 CAP_0603_10u_10V_X7R
Added Member To Class: ClassName=IMX8_PMIC Member=Component C106 CAP_0201_1uF_X6S
Added Member To Class: ClassName=IMX8_PMIC Member=Component C107 CAP_0603_NA
Added Member To Class: ClassName=IMX8_PMIC Member=Component C108 CAP_0603_22u_6.3V_X6S
Added Member To Class: ClassName=IMX8_PMIC Member=Component C109 CAP_0603_10u_10V_X7R
Added Member To Class: ClassName=IMX8_PMIC Member=Component C110 CAP_0402_10u_X6S
Added Member To Class: ClassName=IMX8_PMIC Member=Component C111 CAP_0603_NA
Added Member To Class: ClassName=IMX8_PMIC Member=Component C112 CAP_0402_4u7_10V_X6S
Added Member To Class: ClassName=IMX8_PMIC Member=Component C113 CAP_0603_22u_6.3V_X6S
Added Member To Class: ClassName=IMX8_PMIC Member=Component C114 CAP_0603_10u_10V_X7R
Added Member To Class: ClassName=Interconnect Member=Component J3 DF40C-100DP-0.4V(51)
Added Member To Class: ClassName=Interconnect Member=Component J4 DF40C-100DP-0.4V(51)
Add Class Member: Failed to add class member : Component J5 DF40C-100DP-0.4V(51)
Added Member To Class: ClassName=Interconnect Member=Component J6 DF40C-100DP-0.4V(51)
Added Member To Class: ClassName=IMX8_PMIC Member=Component L2 IND_VLS2520_0u47
Added Member To Class: ClassName=IMX8_PMIC Member=Component L3 IND_VLS2520_0u47
Added Member To Class: ClassName=IMX8_PMIC Member=Component L4 IND_VLS2520_0u47
Added Member To Class: ClassName=IMX8_PMIC Member=Component L5 IND_VLS2520_0u47
Added Member To Class: ClassName=IMX8_PMIC Member=Component L6 IND_VLS2520_0u47
Added Member To Class: ClassName=IMX8_PMIC Member=Component L7 IND_VLS2520_0u47
Added Member To Class: ClassName=IMX8_IO Member=Component PTP1 PTP_0.4mm
Added Member To Class: ClassName=IMX8_IO Member=Component PTP2 PTP_0.4mm
Added Member To Class: ClassName=IMX8_IO Member=Component PTP3 PTP_0.4mm
Added Member To Class: ClassName=IMX8_IO Member=Component PTP4 PTP_0.4mm
Added Member To Class: ClassName=IMX8_IO Member=Component PTP5 PTP_0.4mm
Added Member To Class: ClassName=IMX8_LPDDR4 Member=Component PTP6 PTP_0.4mm
Added Member To Class: ClassName=IMX8_LPDDR4 Member=Component PTP7 PTP_0.4mm
Added Member To Class: ClassName=IMX8_LPDDR4 Member=Component PTP8 PTP_0.4mm
Added Member To Class: ClassName=IMX8_LPDDR4 Member=Component PTP9 PTP_0.4mm
Added Member To Class: ClassName=IMX8_LPDDR4 Member=Component PTP10 PTP_0.4mm
Added Member To Class: ClassName=IMX8_LPDDR4 Member=Component PTP11 PTP_0.4mm
Add Class Member: Failed to add class member : Component PTP12 PTP_0.4mm
Add Class Member: Failed to add class member : Component PTP13 PTP_0.4mm
Added Member To Class: ClassName=IMX8_PMIC Member=Component PTP16 PTP_0.4mm
Added Member To Class: ClassName=IMX8_PMIC Member=Component PTP17 PTP_0.4mm
Added Member To Class: ClassName=IMX8_PMIC Member=Component PTP18 PTP_0.4mm
Added Member To Class: ClassName=IMX8_PMIC Member=Component PTP19 PTP_0.4mm
Added Member To Class: ClassName=IMX8_PMIC Member=Component PTP22 PTP_0.4mm
Added Member To Class: ClassName=IMX8_PMIC Member=Component PTP23 PTP_0.4mm
Added Member To Class: ClassName=IMX8_PMIC Member=Component PTP24 PTP_0.4mm
Added Member To Class: ClassName=IMX8_PMIC Member=Component PTP25 PTP_0.4mm
Added Member To Class: ClassName=IMX8_PMIC Member=Component PTP26 PTP_0.4mm
Added Member To Class: ClassName=IMX8_PMIC Member=Component PTP27 PTP_0.4mm
Add Class Member: Failed to add class member : Component PTP35 PTP_0.4mm
Add Class Member: Failed to add class member : Component PTP36 PTP_0.4mm
Added Member To Class: ClassName=IMX8_IO Member=Component QZ1 XTAL_CM8V-T1A-32_768KHZ-9PF-20PPM-TA-QC
Added Member To Class: ClassName=IMX8_IO Member=Component R1 RES_0201_NA
Added Member To Class: ClassName=IMX8_IO Member=Component R2 RES_0201_100k
Added Member To Class: ClassName=IMX8_IO Member=Component R3 RES_0201_100k
Added Member To Class: ClassName=IMX8_IO Member=Component R4 RES_0201_10k
Added Member To Class: ClassName=IMX8_IO Member=Component R5 RES_0201_NA
Added Member To Class: ClassName=IMX8_IO Member=Component R6 RES_0201_4M7
Added Member To Class: ClassName=IMX8_IO Member=Component R7 RES_0201_510k
Added Member To Class: ClassName=IMX8_LPDDR4 Member=Component R8 RES_0201_NA
Added Member To Class: ClassName=IMX8_LPDDR4 Member=Component R9 RES_0201_NA
Added Member To Class: ClassName=IMX8_LPDDR4 Member=Component R10 RES_0201_NA
Added Member To Class: ClassName=IMX8_LPDDR4 Member=Component R11 RES_0201_NA
Added Member To Class: ClassName=IMX8_LPDDR4 Member=Component R12 RES_0201_10k
Added Member To Class: ClassName=IMX8_LPDDR4 Member=Component R16 RES_0201_NA
Added Member To Class: ClassName=IMX8_LPDDR4 Member=Component R17 RES_0201_NA
Add Class Member: Failed to add class member : Component R20 RES_0201_200R
Added Member To Class: ClassName=IMX8_LPDDR4 Member=Component U2 MT53E2G32D4DE-046 AAT:C
Added Member To Class: ClassName=IMX8_eMMC Member=Component U3 SM662PBF BFS
Add Class Member: Failed to add class member : Component U4 MT25QU256ABA1EW7-0SIT
Added Member To Class: ClassName=USB Member=Wire USB2_D_N
Added Member To Class: ClassName=USB Member=Wire USB2_D_P
PCB-ECO: Change Pad Pin/Pkg Length: Old=0mil New=394.488mil
PCB-ECO: Change Pad Pin/Pkg Length: Old=0mil New=340.158mil
PCB-ECO: Change Pad Pin/Pkg Length: Old=0mil New=184.646mil
PCB-ECO: Change Pad Pin/Pkg Length: Old=0mil New=224.803mil
PCB-ECO: Change Pad Pin/Pkg Length: Old=0mil New=155.905mil
PCB-ECO: Change Pad Pin/Pkg Length: Old=0mil New=261.417mil
Added Member To Class: ClassName=90 Member=USB2_D
PCB-ECO: Change Pad Propagation Delay: Old=0ps New=56.5ps
PCB-ECO: Change Pad Propagation Delay: Old=0ps New=38.4ps
PCB-ECO: Change Pad Propagation Delay: Old=0ps New=36ps
PCB-ECO: Change Pad Propagation Delay: Old=0ps New=44.2ps
PCB-ECO: Change Pad Propagation Delay: Old=0ps New=44.5ps
PCB-ECO: Change Pad Propagation Delay: Old=0ps New=62.3ps
PCB-ECO: Change Pad Propagation Delay: Old=0ps New=50.9ps
PCB-ECO: Change Pad Propagation Delay: Old=0ps New=43.1ps
PCB-ECO: Change Pad Propagation Delay: Old=0ps New=49.8ps
PCB-ECO: Change Pad Propagation Delay: Old=0ps New=48.6ps
PCB-ECO: Change Pad Propagation Delay: Old=0ps New=42.1ps
PCB-ECO: Change Pad Propagation Delay: Old=0ps New=40.3ps
PCB-ECO: Change Pad Propagation Delay: Old=0ps New=44.5ps
PCB-ECO: Change Pad Propagation Delay: Old=0ps New=44.8ps
PCB-ECO: Change Pad Propagation Delay: Old=0ps New=45.6ps
PCB-ECO: Change Pad Propagation Delay: Old=0ps New=49.2ps
PCB-ECO: Change Pad Propagation Delay: Old=0ps New=55.3ps
PCB-ECO: Change Pad Propagation Delay: Old=0ps New=48.8ps
PCB-ECO: Change Pad Propagation Delay: Old=0ps New=48.2ps
PCB-ECO: Change Pad Propagation Delay: Old=0ps New=51.7ps
PCB-ECO: Change Pad Propagation Delay: Old=0ps New=54.7ps
PCB-ECO: Change Pad Propagation Delay: Old=0ps New=45ps
PCB-ECO: Change Pad Propagation Delay: Old=0ps New=53.8ps
PCB-ECO: Change Pad Propagation Delay: Old=0ps New=47.5ps
PCB-ECO: Change Pad Propagation Delay: Old=0ps New=58.6ps
PCB-ECO: Change Pad Propagation Delay: Old=0ps New=58.2ps
PCB-ECO: Change Pad Propagation Delay: Old=0ps New=62.4ps
PCB-ECO: Change Pad Propagation Delay: Old=0ps New=57.3ps
PCB-ECO: Change Pad Propagation Delay: Old=0ps New=50.1ps
PCB-ECO: Change Pad Propagation Delay: Old=0ps New=56.2ps
PCB-ECO: Change Pad Propagation Delay: Old=0ps New=62.8ps
PCB-ECO: Change Pad Propagation Delay: Old=0ps New=50.9ps
PCB-ECO: Change Pad Propagation Delay: Old=0ps New=50.5ps
PCB-ECO: Change Pad Propagation Delay: Old=0ps New=71.6ps
PCB-ECO: Change Pad Propagation Delay: Old=0ps New=60.9ps
PCB-ECO: Change Pad Propagation Delay: Old=0ps New=51.7ps
PCB-ECO: Change Pad Propagation Delay: Old=0ps New=61.7ps
PCB-ECO: Change Pad Propagation Delay: Old=0ps New=62.3ps
PCB-ECO: Change Pad Propagation Delay: Old=0ps New=47.9ps
PCB-ECO: Change Pad Propagation Delay: Old=0ps New=43.5ps
PCB-ECO: Change Pad Propagation Delay: Old=0ps New=54.4ps
PCB-ECO: Change Pad Propagation Delay: Old=0ps New=54.1ps
PCB-ECO: Change Pad Propagation Delay: Old=0ps New=43.1ps
PCB-ECO: Change Pad Propagation Delay: Old=0ps New=48.3ps
PCB-ECO: Change Pad Propagation Delay: Old=0ps New=49.1ps
PCB-ECO: Change Pad Propagation Delay: Old=0ps New=40.3ps
PCB-ECO: Change Pad Propagation Delay: Old=0ps New=39.5ps
PCB-ECO: Change Pad Propagation Delay: Old=0ps New=48.9ps
PCB-ECO: Change Pad Propagation Delay: Old=0ps New=41.1ps
PCB-ECO: Change Pad Propagation Delay: Old=0ps New=39.8ps
PCB-ECO: Change Pad Propagation Delay: Old=0ps New=44.2ps
PCB-ECO: Change Pad Propagation Delay: Old=0ps New=39.5ps
PCB-ECO: Change Pad Propagation Delay: Old=0ps New=42.6ps
PCB-ECO: Change Pad Propagation Delay: Old=0ps New=33.5ps
PCB-ECO: Change Pad Propagation Delay: Old=0ps New=33.5ps
PCB-ECO: Change Pad Propagation Delay: Old=0ps New=51.9ps
PCB-ECO: Change Pad Propagation Delay: Old=0ps New=40.8ps
PCB-ECO: Change Pad Propagation Delay: Old=0ps New=38ps
PCB-ECO: Change Pad Propagation Delay: Old=0ps New=37.8ps
PCB-ECO: Change Pad Propagation Delay: Old=0ps New=38.3ps
PCB-ECO: Change Pad Propagation Delay: Old=0ps New=38.3ps
PCB-ECO: Change Pad Propagation Delay: Old=0ps New=28.3ps
PCB-ECO: Change Pad Propagation Delay: Old=0ps New=47.4ps
PCB-ECO: Change Pad Propagation Delay: Old=0ps New=24.5ps
PCB-ECO: Change Pad Propagation Delay: Old=0ps New=53.7ps
PCB-ECO: Change Pad Propagation Delay: Old=0ps New=44.8ps
PCB-ECO: Change Pad Propagation Delay: Old=0ps New=31ps
PCB-ECO: Change Pad Propagation Delay: Old=0ps New=35.9ps
PCB-ECO: Change Pad Propagation Delay: Old=0ps New=32.4ps
PCB-ECO: Change Pad Propagation Delay: Old=0ps New=32ps
PCB-ECO: Change Pad Propagation Delay: Old=0ps New=41.7ps
PCB-ECO: Change Pad Propagation Delay: Old=0ps New=45.1ps
PCB-ECO: Change Pad Propagation Delay: Old=0ps New=22.6ps
PCB-ECO: Change Pad Propagation Delay: Old=0ps New=25ps
PCB-ECO: Change Pad Propagation Delay: Old=0ps New=29.1ps
PCB-ECO: Change Pad Propagation Delay: Old=0ps New=35.3ps
PCB-ECO: Change Pad Propagation Delay: Old=0ps New=33.5ps
PCB-ECO: Change Pad Propagation Delay: Old=0ps New=54.2ps
PCB-ECO: Change Pad Propagation Delay: Old=0ps New=46.9ps
PCB-ECO: Change Pad Propagation Delay: Old=0ps New=27.4ps
PCB-ECO: Change Pad Propagation Delay: Old=0ps New=32.5ps
PCB-ECO: Change Pad Propagation Delay: Old=0ps New=17.6ps
PCB-ECO: Change Pad Propagation Delay: Old=0ps New=54.5ps
PCB-ECO: Change Pad Propagation Delay: Old=0ps New=43.2ps
