Added Component: Designator=C?(CAP_0201_UN1Q)
Add component (AddParameter): Name = "Alternative component"; Value = "Allowed"; VariantName = "[No Variations]"
Add component (AddParameter): Name = "ClassName"; Value = "SMALL"; VariantName = "[No Variations]"
Add component (AddParameter): Name = "Component Type"; Value = "Capacitor"; VariantName = "[No Variations]"
Add component (AddParameter): Name = "ComponentLink1Description"; Value = "1_Datasheet"; VariantName = "[No Variations]"
Add component (AddParameter): Name = "ComponentLink1URL"; Value = ""; VariantName = "[No Variations]"
Add component (AddParameter): Name = "ComponentLink2Description"; Value = "2_Product page"; VariantName = "[No Variations]"
Add component (AddParameter): Name = "ComponentLink2URL"; Value = ""; VariantName = "[No Variations]"
Add component (AddParameter): Name = "ComponentLink3Description"; Value = "3_X-information"; VariantName = "[No Variations]"
Add component (AddParameter): Name = "ComponentLink3URL"; Value = ""; VariantName = "[No Variations]"
Add component (AddParameter): Name = "ComponentLink4Description"; Value = "4_X-information"; VariantName = "[No Variations]"
Add component (AddParameter): Name = "ComponentLink4URL"; Value = ""; VariantName = "[No Variations]"
Add component (AddParameter): Name = "ComponentLink5Description"; Value = ""; VariantName = "[No Variations]"
Add component (AddParameter): Name = "ComponentLink5URL"; Value = ""; VariantName = "[No Variations]"
Add component (AddParameter): Name = "Creation date"; Value = "20190101"; VariantName = "[No Variations]"
Add component (AddParameter): Name = "Dimensions WxLxH"; Value = ""; VariantName = "[No Variations]"
Add component (AddParameter): Name = "ECCN"; Value = ""; VariantName = "[No Variations]"
Add component (AddParameter): Name = "HasBeenBuilt"; Value = "False"; VariantName = "[No Variations]"
Add component (AddParameter): Name = "Manufacturer"; Value = "Kyocera"; VariantName = "[No Variations]"
Add component (AddParameter): Name = "Manufacturer Part Number"; Value = "KGM03CS61A105MH"; VariantName = "[No Variations]"
Add component (AddParameter): Name = "Operating temperature range"; Value = "-55C to +105C"; VariantName = "[No Variations]"
Add component (AddParameter): Name = "Package"; Value = "0201"; VariantName = "[No Variations]"
Add component (AddParameter): Name = "Part Number"; Value = "KGM03CS61A105MH"; VariantName = "[No Variations]"
Add component (AddParameter): Name = "Remark"; Value = ""; VariantName = "[No Variations]"
Add component (AddParameter): Name = "RoHS"; Value = ""; VariantName = "[No Variations]"
Add component (AddParameter): Name = "Sort order"; Value = "302"; VariantName = "[No Variations]"
Add component (AddParameter): Name = "Source"; Value = "RLC_UN1Q.SchLib"; VariantName = "[No Variations]"
Add component (AddParameter): Name = "System"; Value = "RLC"; VariantName = "[No Variations]"
Add component (AddParameter): Name = "Temperature characteristics"; Value = "X6S"; VariantName = "[No Variations]"
Add component (AddParameter): Name = "Tolerance"; Value = "+/-20%"; VariantName = "[No Variations]"
Add component (AddParameter): Name = "Value"; Value = "1uF"; VariantName = "[No Variations]"
Add component (AddParameter): Name = "Voltage"; Value = "10V"; VariantName = "[No Variations]"
Added Component: Designator=C?(CAP_0201_UN1Q)
Add component (AddParameter): Name = "Alternative component"; Value = "Allowed"; VariantName = "[No Variations]"
Add component (AddParameter): Name = "ClassName"; Value = "SMALL"; VariantName = "[No Variations]"
Add component (AddParameter): Name = "Component Type"; Value = "Capacitor"; VariantName = "[No Variations]"
Add component (AddParameter): Name = "ComponentLink1Description"; Value = "1_Datasheet"; VariantName = "[No Variations]"
Add component (AddParameter): Name = "ComponentLink1URL"; Value = ""; VariantName = "[No Variations]"
Add component (AddParameter): Name = "ComponentLink2Description"; Value = "2_Product page"; VariantName = "[No Variations]"
Add component (AddParameter): Name = "ComponentLink2URL"; Value = ""; VariantName = "[No Variations]"
Add component (AddParameter): Name = "ComponentLink3Description"; Value = "3_X-information"; VariantName = "[No Variations]"
Add component (AddParameter): Name = "ComponentLink3URL"; Value = ""; VariantName = "[No Variations]"
Add component (AddParameter): Name = "ComponentLink4Description"; Value = "4_X-information"; VariantName = "[No Variations]"
Add component (AddParameter): Name = "ComponentLink4URL"; Value = ""; VariantName = "[No Variations]"
Add component (AddParameter): Name = "ComponentLink5Description"; Value = ""; VariantName = "[No Variations]"
Add component (AddParameter): Name = "ComponentLink5URL"; Value = ""; VariantName = "[No Variations]"
Add component (AddParameter): Name = "Creation date"; Value = "20190101"; VariantName = "[No Variations]"
Add component (AddParameter): Name = "Dimensions WxLxH"; Value = ""; VariantName = "[No Variations]"
Add component (AddParameter): Name = "ECCN"; Value = ""; VariantName = "[No Variations]"
Add component (AddParameter): Name = "HasBeenBuilt"; Value = "False"; VariantName = "[No Variations]"
Add component (AddParameter): Name = "Manufacturer"; Value = "Kyocera"; VariantName = "[No Variations]"
Add component (AddParameter): Name = "Manufacturer Part Number"; Value = "KGM03CS61A105MH"; VariantName = "[No Variations]"
Add component (AddParameter): Name = "Operating temperature range"; Value = "-55C to +105C"; VariantName = "[No Variations]"
Add component (AddParameter): Name = "Package"; Value = "0201"; VariantName = "[No Variations]"
Add component (AddParameter): Name = "Part Number"; Value = "KGM03CS61A105MH"; VariantName = "[No Variations]"
Add component (AddParameter): Name = "Remark"; Value = ""; VariantName = "[No Variations]"
Add component (AddParameter): Name = "RoHS"; Value = ""; VariantName = "[No Variations]"
Add component (AddParameter): Name = "Sort order"; Value = "302"; VariantName = "[No Variations]"
Add component (AddParameter): Name = "Source"; Value = "RLC_UN1Q.SchLib"; VariantName = "[No Variations]"
Add component (AddParameter): Name = "System"; Value = "RLC"; VariantName = "[No Variations]"
Add component (AddParameter): Name = "Temperature characteristics"; Value = "X6S"; VariantName = "[No Variations]"
Add component (AddParameter): Name = "Tolerance"; Value = "+/-20%"; VariantName = "[No Variations]"
Add component (AddParameter): Name = "Value"; Value = "1uF"; VariantName = "[No Variations]"
Add component (AddParameter): Name = "Voltage"; Value = "10V"; VariantName = "[No Variations]"
Added Component: Designator=C?(CAP_0201_UN1Q)
Add component (AddParameter): Name = "Alternative component"; Value = "Allowed"; VariantName = "[No Variations]"
Add component (AddParameter): Name = "ClassName"; Value = "SMALL"; VariantName = "[No Variations]"
Add component (AddParameter): Name = "Component Type"; Value = "Capacitor"; VariantName = "[No Variations]"
Add component (AddParameter): Name = "ComponentLink1Description"; Value = "1_Datasheet"; VariantName = "[No Variations]"
Add component (AddParameter): Name = "ComponentLink1URL"; Value = ""; VariantName = "[No Variations]"
Add component (AddParameter): Name = "ComponentLink2Description"; Value = "2_Product page"; VariantName = "[No Variations]"
Add component (AddParameter): Name = "ComponentLink2URL"; Value = ""; VariantName = "[No Variations]"
Add component (AddParameter): Name = "ComponentLink3Description"; Value = "3_X-information"; VariantName = "[No Variations]"
Add component (AddParameter): Name = "ComponentLink3URL"; Value = ""; VariantName = "[No Variations]"
Add component (AddParameter): Name = "ComponentLink4Description"; Value = "4_X-information"; VariantName = "[No Variations]"
Add component (AddParameter): Name = "ComponentLink4URL"; Value = ""; VariantName = "[No Variations]"
Add component (AddParameter): Name = "ComponentLink5Description"; Value = ""; VariantName = "[No Variations]"
Add component (AddParameter): Name = "ComponentLink5URL"; Value = ""; VariantName = "[No Variations]"
Add component (AddParameter): Name = "Creation date"; Value = "20190101"; VariantName = "[No Variations]"
Add component (AddParameter): Name = "Dimensions WxLxH"; Value = ""; VariantName = "[No Variations]"
Add component (AddParameter): Name = "ECCN"; Value = ""; VariantName = "[No Variations]"
Add component (AddParameter): Name = "HasBeenBuilt"; Value = "False"; VariantName = "[No Variations]"
Add component (AddParameter): Name = "Manufacturer"; Value = "Kyocera"; VariantName = "[No Variations]"
Add component (AddParameter): Name = "Manufacturer Part Number"; Value = "KGM03CS61A105MH"; VariantName = "[No Variations]"
Add component (AddParameter): Name = "Operating temperature range"; Value = "-55C to +105C"; VariantName = "[No Variations]"
Add component (AddParameter): Name = "Package"; Value = "0201"; VariantName = "[No Variations]"
Add component (AddParameter): Name = "Part Number"; Value = "KGM03CS61A105MH"; VariantName = "[No Variations]"
Add component (AddParameter): Name = "Remark"; Value = ""; VariantName = "[No Variations]"
Add component (AddParameter): Name = "RoHS"; Value = ""; VariantName = "[No Variations]"
Add component (AddParameter): Name = "Sort order"; Value = "302"; VariantName = "[No Variations]"
Add component (AddParameter): Name = "Source"; Value = "RLC_UN1Q.SchLib"; VariantName = "[No Variations]"
Add component (AddParameter): Name = "System"; Value = "RLC"; VariantName = "[No Variations]"
Add component (AddParameter): Name = "Temperature characteristics"; Value = "X6S"; VariantName = "[No Variations]"
Add component (AddParameter): Name = "Tolerance"; Value = "+/-20%"; VariantName = "[No Variations]"
Add component (AddParameter): Name = "Value"; Value = "1uF"; VariantName = "[No Variations]"
Add component (AddParameter): Name = "Voltage"; Value = "10V"; VariantName = "[No Variations]"
Added Component: Designator=C?(CAP_0201_UN1Q)
Add component (AddParameter): Name = "Alternative component"; Value = "Allowed"; VariantName = "[No Variations]"
Add component (AddParameter): Name = "ClassName"; Value = "SMALL"; VariantName = "[No Variations]"
Add component (AddParameter): Name = "Component Type"; Value = "Capacitor"; VariantName = "[No Variations]"
Add component (AddParameter): Name = "ComponentLink1Description"; Value = "1_Datasheet"; VariantName = "[No Variations]"
Add component (AddParameter): Name = "ComponentLink1URL"; Value = ""; VariantName = "[No Variations]"
Add component (AddParameter): Name = "ComponentLink2Description"; Value = "2_Product page"; VariantName = "[No Variations]"
Add component (AddParameter): Name = "ComponentLink2URL"; Value = ""; VariantName = "[No Variations]"
Add component (AddParameter): Name = "ComponentLink3Description"; Value = "3_X-information"; VariantName = "[No Variations]"
Add component (AddParameter): Name = "ComponentLink3URL"; Value = ""; VariantName = "[No Variations]"
Add component (AddParameter): Name = "ComponentLink4Description"; Value = "4_X-information"; VariantName = "[No Variations]"
Add component (AddParameter): Name = "ComponentLink4URL"; Value = ""; VariantName = "[No Variations]"
Add component (AddParameter): Name = "Creation date"; Value = "26042024"; VariantName = "[No Variations]"
Add component (AddParameter): Name = "Dimensions WxLxH"; Value = "0.35"; VariantName = "[No Variations]"
Add component (AddParameter): Name = "ECCN"; Value = ""; VariantName = "[No Variations]"
Add component (AddParameter): Name = "HasBeenBuilt"; Value = "TBD"; VariantName = "[No Variations]"
Add component (AddParameter): Name = "Manufacturer"; Value = "Murata"; VariantName = "[No Variations]"
Add component (AddParameter): Name = "Manufacturer Part Number"; Value = "GRM033C81A224KE01D"; VariantName = "[No Variations]"
Add component (AddParameter): Name = "Operating temperature range"; Value = ""; VariantName = "[No Variations]"
Add component (AddParameter): Name = "Package"; Value = "0201"; VariantName = "[No Variations]"
Add component (AddParameter): Name = "Part Number"; Value = "GRM033C81A224KE01D"; VariantName = "[No Variations]"
Add component (AddParameter): Name = "Remark"; Value = ""; VariantName = "[No Variations]"
Add component (AddParameter): Name = "RoHS"; Value = ""; VariantName = "[No Variations]"
Add component (AddParameter): Name = "Sort order"; Value = "302"; VariantName = "[No Variations]"
Add component (AddParameter): Name = "Source"; Value = ""; VariantName = "[No Variations]"
Add component (AddParameter): Name = "System"; Value = "RLC"; VariantName = "[No Variations]"
Add component (AddParameter): Name = "Temperature characteristics"; Value = "X6S"; VariantName = "[No Variations]"
Add component (AddParameter): Name = "Tolerance"; Value = "+/-20%"; VariantName = "[No Variations]"
Add component (AddParameter): Name = "Value"; Value = "220nF"; VariantName = "[No Variations]"
Add component (AddParameter): Name = "Voltage"; Value = "10V"; VariantName = "[No Variations]"
Added Component: Designator=C?(CAP_0201_UN1Q)
Add component (AddParameter): Name = "Alternative component"; Value = "Allowed"; VariantName = "[No Variations]"
Add component (AddParameter): Name = "ClassName"; Value = "SMALL"; VariantName = "[No Variations]"
Add component (AddParameter): Name = "Component Type"; Value = "Capacitor"; VariantName = "[No Variations]"
Add component (AddParameter): Name = "ComponentLink1Description"; Value = "1_Datasheet"; VariantName = "[No Variations]"
Add component (AddParameter): Name = "ComponentLink1URL"; Value = ""; VariantName = "[No Variations]"
Add component (AddParameter): Name = "ComponentLink2Description"; Value = "2_Product page"; VariantName = "[No Variations]"
Add component (AddParameter): Name = "ComponentLink2URL"; Value = ""; VariantName = "[No Variations]"
Add component (AddParameter): Name = "ComponentLink3Description"; Value = "3_X-information"; VariantName = "[No Variations]"
Add component (AddParameter): Name = "ComponentLink3URL"; Value = ""; VariantName = "[No Variations]"
Add component (AddParameter): Name = "ComponentLink4Description"; Value = "4_X-information"; VariantName = "[No Variations]"
Add component (AddParameter): Name = "ComponentLink4URL"; Value = ""; VariantName = "[No Variations]"
Add component (AddParameter): Name = "ComponentLink5Description"; Value = ""; VariantName = "[No Variations]"
Add component (AddParameter): Name = "ComponentLink5URL"; Value = ""; VariantName = "[No Variations]"
Add component (AddParameter): Name = "Creation date"; Value = "20190101"; VariantName = "[No Variations]"
Add component (AddParameter): Name = "Dimensions WxLxH"; Value = ""; VariantName = "[No Variations]"
Add component (AddParameter): Name = "ECCN"; Value = ""; VariantName = "[No Variations]"
Add component (AddParameter): Name = "HasBeenBuilt"; Value = "False"; VariantName = "[No Variations]"
Add component (AddParameter): Name = "Manufacturer"; Value = "Kyocera"; VariantName = "[No Variations]"
Add component (AddParameter): Name = "Manufacturer Part Number"; Value = "KGM03CS61A105MH"; VariantName = "[No Variations]"
Add component (AddParameter): Name = "Operating temperature range"; Value = "-55C to +105C"; VariantName = "[No Variations]"
Add component (AddParameter): Name = "Package"; Value = "0201"; VariantName = "[No Variations]"
Add component (AddParameter): Name = "Part Number"; Value = "KGM03CS61A105MH"; VariantName = "[No Variations]"
Add component (AddParameter): Name = "Remark"; Value = ""; VariantName = "[No Variations]"
Add component (AddParameter): Name = "RoHS"; Value = ""; VariantName = "[No Variations]"
Add component (AddParameter): Name = "Sort order"; Value = "302"; VariantName = "[No Variations]"
Add component (AddParameter): Name = "Source"; Value = "RLC_UN1Q.SchLib"; VariantName = "[No Variations]"
Add component (AddParameter): Name = "System"; Value = "RLC"; VariantName = "[No Variations]"
Add component (AddParameter): Name = "Temperature characteristics"; Value = "X6S"; VariantName = "[No Variations]"
Add component (AddParameter): Name = "Tolerance"; Value = "+/-20%"; VariantName = "[No Variations]"
Add component (AddParameter): Name = "Value"; Value = "1uF"; VariantName = "[No Variations]"
Add component (AddParameter): Name = "Voltage"; Value = "10V"; VariantName = "[No Variations]"
Added Component: Designator=C?(CAP_0201_UN1Q)
Add component (AddParameter): Name = "Alternative component"; Value = "Allowed"; VariantName = "[No Variations]"
Add component (AddParameter): Name = "ClassName"; Value = "SMALL"; VariantName = "[No Variations]"
Add component (AddParameter): Name = "Component Type"; Value = "Capacitor"; VariantName = "[No Variations]"
Add component (AddParameter): Name = "ComponentLink1Description"; Value = "1_Datasheet"; VariantName = "[No Variations]"
Add component (AddParameter): Name = "ComponentLink1URL"; Value = ""; VariantName = "[No Variations]"
Add component (AddParameter): Name = "ComponentLink2Description"; Value = "2_Product page"; VariantName = "[No Variations]"
Add component (AddParameter): Name = "ComponentLink2URL"; Value = ""; VariantName = "[No Variations]"
Add component (AddParameter): Name = "ComponentLink3Description"; Value = "3_X-information"; VariantName = "[No Variations]"
Add component (AddParameter): Name = "ComponentLink3URL"; Value = ""; VariantName = "[No Variations]"
Add component (AddParameter): Name = "ComponentLink4Description"; Value = "4_X-information"; VariantName = "[No Variations]"
Add component (AddParameter): Name = "ComponentLink4URL"; Value = ""; VariantName = "[No Variations]"
Add component (AddParameter): Name = "ComponentLink5Description"; Value = ""; VariantName = "[No Variations]"
Add component (AddParameter): Name = "ComponentLink5URL"; Value = ""; VariantName = "[No Variations]"
Add component (AddParameter): Name = "Creation date"; Value = "20190101"; VariantName = "[No Variations]"
Add component (AddParameter): Name = "Dimensions WxLxH"; Value = ""; VariantName = "[No Variations]"
Add component (AddParameter): Name = "ECCN"; Value = ""; VariantName = "[No Variations]"
Add component (AddParameter): Name = "HasBeenBuilt"; Value = "False"; VariantName = "[No Variations]"
Add component (AddParameter): Name = "Manufacturer"; Value = "Kyocera"; VariantName = "[No Variations]"
Add component (AddParameter): Name = "Manufacturer Part Number"; Value = "KGM03CS61A105MH"; VariantName = "[No Variations]"
Add component (AddParameter): Name = "Operating temperature range"; Value = "-55C to +105C"; VariantName = "[No Variations]"
Add component (AddParameter): Name = "Package"; Value = "0201"; VariantName = "[No Variations]"
Add component (AddParameter): Name = "Part Number"; Value = "KGM03CS61A105MH"; VariantName = "[No Variations]"
Add component (AddParameter): Name = "Remark"; Value = ""; VariantName = "[No Variations]"
Add component (AddParameter): Name = "RoHS"; Value = ""; VariantName = "[No Variations]"
Add component (AddParameter): Name = "Sort order"; Value = "302"; VariantName = "[No Variations]"
Add component (AddParameter): Name = "Source"; Value = "RLC_UN1Q.SchLib"; VariantName = "[No Variations]"
Add component (AddParameter): Name = "System"; Value = "RLC"; VariantName = "[No Variations]"
Add component (AddParameter): Name = "Temperature characteristics"; Value = "X6S"; VariantName = "[No Variations]"
Add component (AddParameter): Name = "Tolerance"; Value = "+/-20%"; VariantName = "[No Variations]"
Add component (AddParameter): Name = "Value"; Value = "1uF"; VariantName = "[No Variations]"
Add component (AddParameter): Name = "Voltage"; Value = "10V"; VariantName = "[No Variations]"
Added Component: Designator=C?(CAP_0201_UN1Q)
Add component (AddParameter): Name = "Alternative component"; Value = "Allowed"; VariantName = "[No Variations]"
Add component (AddParameter): Name = "ClassName"; Value = "SMALL"; VariantName = "[No Variations]"
Add component (AddParameter): Name = "Component Type"; Value = "Capacitor"; VariantName = "[No Variations]"
Add component (AddParameter): Name = "ComponentLink1Description"; Value = "1_Datasheet"; VariantName = "[No Variations]"
Add component (AddParameter): Name = "ComponentLink1URL"; Value = ""; VariantName = "[No Variations]"
Add component (AddParameter): Name = "ComponentLink2Description"; Value = "2_Product page"; VariantName = "[No Variations]"
Add component (AddParameter): Name = "ComponentLink2URL"; Value = ""; VariantName = "[No Variations]"
Add component (AddParameter): Name = "ComponentLink3Description"; Value = "3_X-information"; VariantName = "[No Variations]"
Add component (AddParameter): Name = "ComponentLink3URL"; Value = ""; VariantName = "[No Variations]"
Add component (AddParameter): Name = "ComponentLink4Description"; Value = "4_X-information"; VariantName = "[No Variations]"
Add component (AddParameter): Name = "ComponentLink4URL"; Value = ""; VariantName = "[No Variations]"
Add component (AddParameter): Name = "ComponentLink5Description"; Value = ""; VariantName = "[No Variations]"
Add component (AddParameter): Name = "ComponentLink5URL"; Value = ""; VariantName = "[No Variations]"
Add component (AddParameter): Name = "Creation date"; Value = "20190101"; VariantName = "[No Variations]"
Add component (AddParameter): Name = "Dimensions WxLxH"; Value = ""; VariantName = "[No Variations]"
Add component (AddParameter): Name = "ECCN"; Value = ""; VariantName = "[No Variations]"
Add component (AddParameter): Name = "HasBeenBuilt"; Value = "False"; VariantName = "[No Variations]"
Add component (AddParameter): Name = "Manufacturer"; Value = "Kyocera"; VariantName = "[No Variations]"
Add component (AddParameter): Name = "Manufacturer Part Number"; Value = "KGM03CS61A105MH"; VariantName = "[No Variations]"
Add component (AddParameter): Name = "Operating temperature range"; Value = "-55C to +105C"; VariantName = "[No Variations]"
Add component (AddParameter): Name = "Package"; Value = "0201"; VariantName = "[No Variations]"
Add component (AddParameter): Name = "Part Number"; Value = "KGM03CS61A105MH"; VariantName = "[No Variations]"
Add component (AddParameter): Name = "Remark"; Value = ""; VariantName = "[No Variations]"
Add component (AddParameter): Name = "RoHS"; Value = ""; VariantName = "[No Variations]"
Add component (AddParameter): Name = "Sort order"; Value = "302"; VariantName = "[No Variations]"
Add component (AddParameter): Name = "Source"; Value = "RLC_UN1Q.SchLib"; VariantName = "[No Variations]"
Add component (AddParameter): Name = "System"; Value = "RLC"; VariantName = "[No Variations]"
Add component (AddParameter): Name = "Temperature characteristics"; Value = "X6S"; VariantName = "[No Variations]"
Add component (AddParameter): Name = "Tolerance"; Value = "+/-20%"; VariantName = "[No Variations]"
Add component (AddParameter): Name = "Value"; Value = "1uF"; VariantName = "[No Variations]"
Add component (AddParameter): Name = "Voltage"; Value = "10V"; VariantName = "[No Variations]"
Added Component: Designator=C?(CAP_0201_UN1Q)
Add component (AddParameter): Name = "Alternative component"; Value = "Allowed"; VariantName = "[No Variations]"
Add component (AddParameter): Name = "ClassName"; Value = "SMALL"; VariantName = "[No Variations]"
Add component (AddParameter): Name = "Component Type"; Value = "Capacitor"; VariantName = "[No Variations]"
Add component (AddParameter): Name = "ComponentLink1Description"; Value = "1_Datasheet"; VariantName = "[No Variations]"
Add component (AddParameter): Name = "ComponentLink1URL"; Value = ""; VariantName = "[No Variations]"
Add component (AddParameter): Name = "ComponentLink2Description"; Value = "2_Product page"; VariantName = "[No Variations]"
Add component (AddParameter): Name = "ComponentLink2URL"; Value = ""; VariantName = "[No Variations]"
Add component (AddParameter): Name = "ComponentLink3Description"; Value = "3_X-information"; VariantName = "[No Variations]"
Add component (AddParameter): Name = "ComponentLink3URL"; Value = ""; VariantName = "[No Variations]"
Add component (AddParameter): Name = "ComponentLink4Description"; Value = "4_X-information"; VariantName = "[No Variations]"
Add component (AddParameter): Name = "ComponentLink4URL"; Value = ""; VariantName = "[No Variations]"
Add component (AddParameter): Name = "ComponentLink5Description"; Value = ""; VariantName = "[No Variations]"
Add component (AddParameter): Name = "ComponentLink5URL"; Value = ""; VariantName = "[No Variations]"
Add component (AddParameter): Name = "Creation date"; Value = "20190101"; VariantName = "[No Variations]"
Add component (AddParameter): Name = "Dimensions WxLxH"; Value = ""; VariantName = "[No Variations]"
Add component (AddParameter): Name = "ECCN"; Value = ""; VariantName = "[No Variations]"
Add component (AddParameter): Name = "HasBeenBuilt"; Value = "False"; VariantName = "[No Variations]"
Add component (AddParameter): Name = "Manufacturer"; Value = "Kyocera"; VariantName = "[No Variations]"
Add component (AddParameter): Name = "Manufacturer Part Number"; Value = "KGM03CS61A105MH"; VariantName = "[No Variations]"
Add component (AddParameter): Name = "Operating temperature range"; Value = "-55C to +105C"; VariantName = "[No Variations]"
Add component (AddParameter): Name = "Package"; Value = "0201"; VariantName = "[No Variations]"
Add component (AddParameter): Name = "Part Number"; Value = "KGM03CS61A105MH"; VariantName = "[No Variations]"
Add component (AddParameter): Name = "Remark"; Value = ""; VariantName = "[No Variations]"
Add component (AddParameter): Name = "RoHS"; Value = ""; VariantName = "[No Variations]"
Add component (AddParameter): Name = "Sort order"; Value = "302"; VariantName = "[No Variations]"
Add component (AddParameter): Name = "Source"; Value = "RLC_UN1Q.SchLib"; VariantName = "[No Variations]"
Add component (AddParameter): Name = "System"; Value = "RLC"; VariantName = "[No Variations]"
Add component (AddParameter): Name = "Temperature characteristics"; Value = "X6S"; VariantName = "[No Variations]"
Add component (AddParameter): Name = "Tolerance"; Value = "+/-20%"; VariantName = "[No Variations]"
Add component (AddParameter): Name = "Value"; Value = "1uF"; VariantName = "[No Variations]"
Add component (AddParameter): Name = "Voltage"; Value = "10V"; VariantName = "[No Variations]"
Added Component: Designator=C?(CAP_0402_H09W07_UN1Q)
Add component (AddParameter): Name = "Alternative component"; Value = "Allowed"; VariantName = "[No Variations]"
Add component (AddParameter): Name = "ClassName"; Value = ""; VariantName = "[No Variations]"
Add component (AddParameter): Name = "Component Type"; Value = "Capacitor"; VariantName = "[No Variations]"
Add component (AddParameter): Name = "ComponentLink1Description"; Value = "1_Datasheet"; VariantName = "[No Variations]"
Add component (AddParameter): Name = "ComponentLink1URL"; Value = ""; VariantName = "[No Variations]"
Add component (AddParameter): Name = "ComponentLink2Description"; Value = "2_Product page"; VariantName = "[No Variations]"
Add component (AddParameter): Name = "ComponentLink2URL"; Value = ""; VariantName = "[No Variations]"
Add component (AddParameter): Name = "ComponentLink3Description"; Value = "3_X-information"; VariantName = "[No Variations]"
Add component (AddParameter): Name = "ComponentLink3URL"; Value = ""; VariantName = "[No Variations]"
Add component (AddParameter): Name = "ComponentLink4Description"; Value = "4_X-information"; VariantName = "[No Variations]"
Add component (AddParameter): Name = "ComponentLink4URL"; Value = ""; VariantName = "[No Variations]"
Add component (AddParameter): Name = "Creation date"; Value = "26042024"; VariantName = "[No Variations]"
Add component (AddParameter): Name = "Dimensions WxLxH"; Value = ""; VariantName = "[No Variations]"
Add component (AddParameter): Name = "ECCN"; Value = ""; VariantName = "[No Variations]"
Add component (AddParameter): Name = "HasBeenBuilt"; Value = "TBD"; VariantName = "[No Variations]"
Add component (AddParameter): Name = "Manufacturer"; Value = "Cal-Chip Electronics, Inc."; VariantName = "[No Variations]"
Add component (AddParameter): Name = "Manufacturer Part Number"; Value = "GMC04X6S106M6R3NT"; VariantName = "[No Variations]"
Add component (AddParameter): Name = "Operating temperature range"; Value = ""; VariantName = "[No Variations]"
Add component (AddParameter): Name = "Package"; Value = "0402"; VariantName = "[No Variations]"
Add component (AddParameter): Name = "Part Number"; Value = "GMC04X6S106M6R3NT"; VariantName = "[No Variations]"
Add component (AddParameter): Name = "Remark"; Value = ""; VariantName = "[No Variations]"
Add component (AddParameter): Name = "RoHS"; Value = ""; VariantName = "[No Variations]"
Add component (AddParameter): Name = "Sort order"; Value = "304"; VariantName = "[No Variations]"
Add component (AddParameter): Name = "Source"; Value = ""; VariantName = "[No Variations]"
Add component (AddParameter): Name = "System"; Value = "RLC"; VariantName = "[No Variations]"
Add component (AddParameter): Name = "Temperature characteristics"; Value = "X6S"; VariantName = "[No Variations]"
Add component (AddParameter): Name = "Tolerance"; Value = "+/-20%"; VariantName = "[No Variations]"
Add component (AddParameter): Name = "Value"; Value = "10uF"; VariantName = "[No Variations]"
Add component (AddParameter): Name = "Voltage"; Value = "6.3V"; VariantName = "[No Variations]"
Added Component: Designator=C?(CAP_0201_UN1Q)
Add component (AddParameter): Name = "Alternative component"; Value = "Allowed"; VariantName = "[No Variations]"
Add component (AddParameter): Name = "ClassName"; Value = "SMALL"; VariantName = "[No Variations]"
Add component (AddParameter): Name = "Component Type"; Value = "Capacitor"; VariantName = "[No Variations]"
Add component (AddParameter): Name = "ComponentLink1Description"; Value = "1_Datasheet"; VariantName = "[No Variations]"
Add component (AddParameter): Name = "ComponentLink1URL"; Value = ""; VariantName = "[No Variations]"
Add component (AddParameter): Name = "ComponentLink2Description"; Value = "2_Product page"; VariantName = "[No Variations]"
Add component (AddParameter): Name = "ComponentLink2URL"; Value = ""; VariantName = "[No Variations]"
Add component (AddParameter): Name = "ComponentLink3Description"; Value = "3_X-information"; VariantName = "[No Variations]"
Add component (AddParameter): Name = "ComponentLink3URL"; Value = ""; VariantName = "[No Variations]"
Add component (AddParameter): Name = "ComponentLink4Description"; Value = "4_X-information"; VariantName = "[No Variations]"
Add component (AddParameter): Name = "ComponentLink4URL"; Value = ""; VariantName = "[No Variations]"
Add component (AddParameter): Name = "ComponentLink5Description"; Value = ""; VariantName = "[No Variations]"
Add component (AddParameter): Name = "ComponentLink5URL"; Value = ""; VariantName = "[No Variations]"
Add component (AddParameter): Name = "Creation date"; Value = "20190101"; VariantName = "[No Variations]"
Add component (AddParameter): Name = "Dimensions WxLxH"; Value = ""; VariantName = "[No Variations]"
Add component (AddParameter): Name = "ECCN"; Value = ""; VariantName = "[No Variations]"
Add component (AddParameter): Name = "HasBeenBuilt"; Value = "False"; VariantName = "[No Variations]"
Add component (AddParameter): Name = "Manufacturer"; Value = "Kyocera"; VariantName = "[No Variations]"
Add component (AddParameter): Name = "Manufacturer Part Number"; Value = "KGM03CS61A105MH"; VariantName = "[No Variations]"
Add component (AddParameter): Name = "Operating temperature range"; Value = "-55C to +105C"; VariantName = "[No Variations]"
Add component (AddParameter): Name = "Package"; Value = "0201"; VariantName = "[No Variations]"
Add component (AddParameter): Name = "Part Number"; Value = "KGM03CS61A105MH"; VariantName = "[No Variations]"
Add component (AddParameter): Name = "Remark"; Value = ""; VariantName = "[No Variations]"
Add component (AddParameter): Name = "RoHS"; Value = ""; VariantName = "[No Variations]"
Add component (AddParameter): Name = "Sort order"; Value = "302"; VariantName = "[No Variations]"
Add component (AddParameter): Name = "Source"; Value = "RLC_UN1Q.SchLib"; VariantName = "[No Variations]"
Add component (AddParameter): Name = "System"; Value = "RLC"; VariantName = "[No Variations]"
Add component (AddParameter): Name = "Temperature characteristics"; Value = "X6S"; VariantName = "[No Variations]"
Add component (AddParameter): Name = "Tolerance"; Value = "+/-20%"; VariantName = "[No Variations]"
Add component (AddParameter): Name = "Value"; Value = "1uF"; VariantName = "[No Variations]"
Add component (AddParameter): Name = "Voltage"; Value = "10V"; VariantName = "[No Variations]"
Added Component: Designator=C?(CAP_0402_H09W07_UN1Q)
Add component (AddParameter): Name = "Alternative component"; Value = "Allowed"; VariantName = "[No Variations]"
Add component (AddParameter): Name = "ClassName"; Value = ""; VariantName = "[No Variations]"
Add component (AddParameter): Name = "Component Type"; Value = "Capacitor"; VariantName = "[No Variations]"
Add component (AddParameter): Name = "ComponentLink1Description"; Value = "1_Datasheet"; VariantName = "[No Variations]"
Add component (AddParameter): Name = "ComponentLink1URL"; Value = ""; VariantName = "[No Variations]"
Add component (AddParameter): Name = "ComponentLink2Description"; Value = "2_Product page"; VariantName = "[No Variations]"
Add component (AddParameter): Name = "ComponentLink2URL"; Value = ""; VariantName = "[No Variations]"
Add component (AddParameter): Name = "ComponentLink3Description"; Value = "3_X-information"; VariantName = "[No Variations]"
Add component (AddParameter): Name = "ComponentLink3URL"; Value = ""; VariantName = "[No Variations]"
Add component (AddParameter): Name = "ComponentLink4Description"; Value = "4_X-information"; VariantName = "[No Variations]"
Add component (AddParameter): Name = "ComponentLink4URL"; Value = ""; VariantName = "[No Variations]"
Add component (AddParameter): Name = "Creation date"; Value = "26042024"; VariantName = "[No Variations]"
Add component (AddParameter): Name = "Dimensions WxLxH"; Value = ""; VariantName = "[No Variations]"
Add component (AddParameter): Name = "ECCN"; Value = ""; VariantName = "[No Variations]"
Add component (AddParameter): Name = "HasBeenBuilt"; Value = "TBD"; VariantName = "[No Variations]"
Add component (AddParameter): Name = "Manufacturer"; Value = "Cal-Chip Electronics, Inc."; VariantName = "[No Variations]"
Add component (AddParameter): Name = "Manufacturer Part Number"; Value = "GMC04X6S106M6R3NT"; VariantName = "[No Variations]"
Add component (AddParameter): Name = "Operating temperature range"; Value = ""; VariantName = "[No Variations]"
Add component (AddParameter): Name = "Package"; Value = "0402"; VariantName = "[No Variations]"
Add component (AddParameter): Name = "Part Number"; Value = "GMC04X6S106M6R3NT"; VariantName = "[No Variations]"
Add component (AddParameter): Name = "Remark"; Value = ""; VariantName = "[No Variations]"
Add component (AddParameter): Name = "RoHS"; Value = ""; VariantName = "[No Variations]"
Add component (AddParameter): Name = "Sort order"; Value = "304"; VariantName = "[No Variations]"
Add component (AddParameter): Name = "Source"; Value = ""; VariantName = "[No Variations]"
Add component (AddParameter): Name = "System"; Value = "RLC"; VariantName = "[No Variations]"
Add component (AddParameter): Name = "Temperature characteristics"; Value = "X6S"; VariantName = "[No Variations]"
Add component (AddParameter): Name = "Tolerance"; Value = "+/-20%"; VariantName = "[No Variations]"
Add component (AddParameter): Name = "Value"; Value = "10uF"; VariantName = "[No Variations]"
Add component (AddParameter): Name = "Voltage"; Value = "6.3V"; VariantName = "[No Variations]"
Added Component: Designator=C?(CAP_0201_UN1Q)
Add component (AddParameter): Name = "Alternative component"; Value = "Allowed"; VariantName = "[No Variations]"
Add component (AddParameter): Name = "ClassName"; Value = "SMALL"; VariantName = "[No Variations]"
Add component (AddParameter): Name = "Component Type"; Value = "Capacitor"; VariantName = "[No Variations]"
Add component (AddParameter): Name = "ComponentLink1Description"; Value = "1_Datasheet"; VariantName = "[No Variations]"
Add component (AddParameter): Name = "ComponentLink1URL"; Value = ""; VariantName = "[No Variations]"
Add component (AddParameter): Name = "ComponentLink2Description"; Value = "2_Product page"; VariantName = "[No Variations]"
Add component (AddParameter): Name = "ComponentLink2URL"; Value = ""; VariantName = "[No Variations]"
Add component (AddParameter): Name = "ComponentLink3Description"; Value = "3_X-information"; VariantName = "[No Variations]"
Add component (AddParameter): Name = "ComponentLink3URL"; Value = ""; VariantName = "[No Variations]"
Add component (AddParameter): Name = "ComponentLink4Description"; Value = "4_X-information"; VariantName = "[No Variations]"
Add component (AddParameter): Name = "ComponentLink4URL"; Value = ""; VariantName = "[No Variations]"
Add component (AddParameter): Name = "ComponentLink5Description"; Value = ""; VariantName = "[No Variations]"
Add component (AddParameter): Name = "ComponentLink5URL"; Value = ""; VariantName = "[No Variations]"
Add component (AddParameter): Name = "Creation date"; Value = "20190101"; VariantName = "[No Variations]"
Add component (AddParameter): Name = "Dimensions WxLxH"; Value = ""; VariantName = "[No Variations]"
Add component (AddParameter): Name = "ECCN"; Value = ""; VariantName = "[No Variations]"
Add component (AddParameter): Name = "HasBeenBuilt"; Value = "False"; VariantName = "[No Variations]"
Add component (AddParameter): Name = "Manufacturer"; Value = "Kyocera"; VariantName = "[No Variations]"
Add component (AddParameter): Name = "Manufacturer Part Number"; Value = "KGM03CS61A105MH"; VariantName = "[No Variations]"
Add component (AddParameter): Name = "Operating temperature range"; Value = "-55C to +105C"; VariantName = "[No Variations]"
Add component (AddParameter): Name = "Package"; Value = "0201"; VariantName = "[No Variations]"
Add component (AddParameter): Name = "Part Number"; Value = "KGM03CS61A105MH"; VariantName = "[No Variations]"
Add component (AddParameter): Name = "Remark"; Value = ""; VariantName = "[No Variations]"
Add component (AddParameter): Name = "RoHS"; Value = ""; VariantName = "[No Variations]"
Add component (AddParameter): Name = "Sort order"; Value = "302"; VariantName = "[No Variations]"
Add component (AddParameter): Name = "Source"; Value = "RLC_UN1Q.SchLib"; VariantName = "[No Variations]"
Add component (AddParameter): Name = "System"; Value = "RLC"; VariantName = "[No Variations]"
Add component (AddParameter): Name = "Temperature characteristics"; Value = "X6S"; VariantName = "[No Variations]"
Add component (AddParameter): Name = "Tolerance"; Value = "+/-20%"; VariantName = "[No Variations]"
Add component (AddParameter): Name = "Value"; Value = "1uF"; VariantName = "[No Variations]"
Add component (AddParameter): Name = "Voltage"; Value = "10V"; VariantName = "[No Variations]"
Added Component: Designator=C?(CAP_0402_H09W07_UN1Q)
Add component (AddParameter): Name = "Alternative component"; Value = "Allowed"; VariantName = "[No Variations]"
Add component (AddParameter): Name = "ClassName"; Value = ""; VariantName = "[No Variations]"
Add component (AddParameter): Name = "Component Type"; Value = "Capacitor"; VariantName = "[No Variations]"
Add component (AddParameter): Name = "ComponentLink1Description"; Value = "1_Datasheet"; VariantName = "[No Variations]"
Add component (AddParameter): Name = "ComponentLink1URL"; Value = ""; VariantName = "[No Variations]"
Add component (AddParameter): Name = "ComponentLink2Description"; Value = "2_Product page"; VariantName = "[No Variations]"
Add component (AddParameter): Name = "ComponentLink2URL"; Value = ""; VariantName = "[No Variations]"
Add component (AddParameter): Name = "ComponentLink3Description"; Value = "3_X-information"; VariantName = "[No Variations]"
Add component (AddParameter): Name = "ComponentLink3URL"; Value = ""; VariantName = "[No Variations]"
Add component (AddParameter): Name = "ComponentLink4Description"; Value = "4_X-information"; VariantName = "[No Variations]"
Add component (AddParameter): Name = "ComponentLink4URL"; Value = ""; VariantName = "[No Variations]"
Add component (AddParameter): Name = "Creation date"; Value = "26042024"; VariantName = "[No Variations]"
Add component (AddParameter): Name = "Dimensions WxLxH"; Value = ""; VariantName = "[No Variations]"
Add component (AddParameter): Name = "ECCN"; Value = ""; VariantName = "[No Variations]"
Add component (AddParameter): Name = "HasBeenBuilt"; Value = "TBD"; VariantName = "[No Variations]"
Add component (AddParameter): Name = "Manufacturer"; Value = "Cal-Chip Electronics, Inc."; VariantName = "[No Variations]"
Add component (AddParameter): Name = "Manufacturer Part Number"; Value = "GMC04X6S106M6R3NT"; VariantName = "[No Variations]"
Add component (AddParameter): Name = "Operating temperature range"; Value = ""; VariantName = "[No Variations]"
Add component (AddParameter): Name = "Package"; Value = "0402"; VariantName = "[No Variations]"
Add component (AddParameter): Name = "Part Number"; Value = "GMC04X6S106M6R3NT"; VariantName = "[No Variations]"
Add component (AddParameter): Name = "Remark"; Value = ""; VariantName = "[No Variations]"
Add component (AddParameter): Name = "RoHS"; Value = ""; VariantName = "[No Variations]"
Add component (AddParameter): Name = "Sort order"; Value = "304"; VariantName = "[No Variations]"
Add component (AddParameter): Name = "Source"; Value = ""; VariantName = "[No Variations]"
Add component (AddParameter): Name = "System"; Value = "RLC"; VariantName = "[No Variations]"
Add component (AddParameter): Name = "Temperature characteristics"; Value = "X6S"; VariantName = "[No Variations]"
Add component (AddParameter): Name = "Tolerance"; Value = "+/-20%"; VariantName = "[No Variations]"
Add component (AddParameter): Name = "Value"; Value = "10uF"; VariantName = "[No Variations]"
Add component (AddParameter): Name = "Voltage"; Value = "6.3V"; VariantName = "[No Variations]"
Added Component: Designator=C?(CAP_0201_UN1Q)
Add component (AddParameter): Name = "Alternative component"; Value = "Allowed"; VariantName = "[No Variations]"
Add component (AddParameter): Name = "ClassName"; Value = "SMALL"; VariantName = "[No Variations]"
Add component (AddParameter): Name = "Component Type"; Value = "Capacitor"; VariantName = "[No Variations]"
Add component (AddParameter): Name = "ComponentLink1Description"; Value = "1_Datasheet"; VariantName = "[No Variations]"
Add component (AddParameter): Name = "ComponentLink1URL"; Value = ""; VariantName = "[No Variations]"
Add component (AddParameter): Name = "ComponentLink2Description"; Value = "2_Product page"; VariantName = "[No Variations]"
Add component (AddParameter): Name = "ComponentLink2URL"; Value = ""; VariantName = "[No Variations]"
Add component (AddParameter): Name = "ComponentLink3Description"; Value = "3_X-information"; VariantName = "[No Variations]"
Add component (AddParameter): Name = "ComponentLink3URL"; Value = ""; VariantName = "[No Variations]"
Add component (AddParameter): Name = "ComponentLink4Description"; Value = "4_X-information"; VariantName = "[No Variations]"
Add component (AddParameter): Name = "ComponentLink4URL"; Value = ""; VariantName = "[No Variations]"
Add component (AddParameter): Name = "ComponentLink5Description"; Value = ""; VariantName = "[No Variations]"
Add component (AddParameter): Name = "ComponentLink5URL"; Value = ""; VariantName = "[No Variations]"
Add component (AddParameter): Name = "Creation date"; Value = "20190101"; VariantName = "[No Variations]"
Add component (AddParameter): Name = "Dimensions WxLxH"; Value = ""; VariantName = "[No Variations]"
Add component (AddParameter): Name = "ECCN"; Value = ""; VariantName = "[No Variations]"
Add component (AddParameter): Name = "HasBeenBuilt"; Value = "False"; VariantName = "[No Variations]"
Add component (AddParameter): Name = "Manufacturer"; Value = "Kyocera"; VariantName = "[No Variations]"
Add component (AddParameter): Name = "Manufacturer Part Number"; Value = "KGM03CS61A105MH"; VariantName = "[No Variations]"
Add component (AddParameter): Name = "Operating temperature range"; Value = "-55C to +105C"; VariantName = "[No Variations]"
Add component (AddParameter): Name = "Package"; Value = "0201"; VariantName = "[No Variations]"
Add component (AddParameter): Name = "Part Number"; Value = "KGM03CS61A105MH"; VariantName = "[No Variations]"
Add component (AddParameter): Name = "Remark"; Value = ""; VariantName = "[No Variations]"
Add component (AddParameter): Name = "RoHS"; Value = ""; VariantName = "[No Variations]"
Add component (AddParameter): Name = "Sort order"; Value = "302"; VariantName = "[No Variations]"
Add component (AddParameter): Name = "Source"; Value = "RLC_UN1Q.SchLib"; VariantName = "[No Variations]"
Add component (AddParameter): Name = "System"; Value = "RLC"; VariantName = "[No Variations]"
Add component (AddParameter): Name = "Temperature characteristics"; Value = "X6S"; VariantName = "[No Variations]"
Add component (AddParameter): Name = "Tolerance"; Value = "+/-20%"; VariantName = "[No Variations]"
Add component (AddParameter): Name = "Value"; Value = "1uF"; VariantName = "[No Variations]"
Add component (AddParameter): Name = "Voltage"; Value = "10V"; VariantName = "[No Variations]"
Added Component: Designator=C?(CAP_0201_UN1Q)
Add component (AddParameter): Name = "Alternative component"; Value = "Allowed"; VariantName = "[No Variations]"
Add component (AddParameter): Name = "ClassName"; Value = "SMALL"; VariantName = "[No Variations]"
Add component (AddParameter): Name = "Component Type"; Value = "Capacitor"; VariantName = "[No Variations]"
Add component (AddParameter): Name = "ComponentLink1Description"; Value = "1_Datasheet"; VariantName = "[No Variations]"
Add component (AddParameter): Name = "ComponentLink1URL"; Value = ""; VariantName = "[No Variations]"
Add component (AddParameter): Name = "ComponentLink2Description"; Value = "2_Product page"; VariantName = "[No Variations]"
Add component (AddParameter): Name = "ComponentLink2URL"; Value = ""; VariantName = "[No Variations]"
Add component (AddParameter): Name = "ComponentLink3Description"; Value = "3_X-information"; VariantName = "[No Variations]"
Add component (AddParameter): Name = "ComponentLink3URL"; Value = ""; VariantName = "[No Variations]"
Add component (AddParameter): Name = "ComponentLink4Description"; Value = "4_X-information"; VariantName = "[No Variations]"
Add component (AddParameter): Name = "ComponentLink4URL"; Value = ""; VariantName = "[No Variations]"
Add component (AddParameter): Name = "ComponentLink5Description"; Value = ""; VariantName = "[No Variations]"
Add component (AddParameter): Name = "ComponentLink5URL"; Value = ""; VariantName = "[No Variations]"
Add component (AddParameter): Name = "Creation date"; Value = "20190101"; VariantName = "[No Variations]"
Add component (AddParameter): Name = "Dimensions WxLxH"; Value = ""; VariantName = "[No Variations]"
Add component (AddParameter): Name = "ECCN"; Value = ""; VariantName = "[No Variations]"
Add component (AddParameter): Name = "HasBeenBuilt"; Value = "False"; VariantName = "[No Variations]"
Add component (AddParameter): Name = "Manufacturer"; Value = "Kyocera"; VariantName = "[No Variations]"
Add component (AddParameter): Name = "Manufacturer Part Number"; Value = "KGM03CS61A105MH"; VariantName = "[No Variations]"
Add component (AddParameter): Name = "Operating temperature range"; Value = "-55C to +105C"; VariantName = "[No Variations]"
Add component (AddParameter): Name = "Package"; Value = "0201"; VariantName = "[No Variations]"
Add component (AddParameter): Name = "Part Number"; Value = "KGM03CS61A105MH"; VariantName = "[No Variations]"
Add component (AddParameter): Name = "Remark"; Value = ""; VariantName = "[No Variations]"
Add component (AddParameter): Name = "RoHS"; Value = ""; VariantName = "[No Variations]"
Add component (AddParameter): Name = "Sort order"; Value = "302"; VariantName = "[No Variations]"
Add component (AddParameter): Name = "Source"; Value = "RLC_UN1Q.SchLib"; VariantName = "[No Variations]"
Add component (AddParameter): Name = "System"; Value = "RLC"; VariantName = "[No Variations]"
Add component (AddParameter): Name = "Temperature characteristics"; Value = "X6S"; VariantName = "[No Variations]"
Add component (AddParameter): Name = "Tolerance"; Value = "+/-20%"; VariantName = "[No Variations]"
Add component (AddParameter): Name = "Value"; Value = "1uF"; VariantName = "[No Variations]"
Add component (AddParameter): Name = "Voltage"; Value = "10V"; VariantName = "[No Variations]"
Added Component: Designator=C?(CAP_0201_UN1Q)
Add component (AddParameter): Name = "Alternative component"; Value = "Allowed"; VariantName = "[No Variations]"
Add component (AddParameter): Name = "ClassName"; Value = "SMALL"; VariantName = "[No Variations]"
Add component (AddParameter): Name = "Component Type"; Value = "Capacitor"; VariantName = "[No Variations]"
Add component (AddParameter): Name = "ComponentLink1Description"; Value = "1_Datasheet"; VariantName = "[No Variations]"
Add component (AddParameter): Name = "ComponentLink1URL"; Value = ""; VariantName = "[No Variations]"
Add component (AddParameter): Name = "ComponentLink2Description"; Value = "2_Product page"; VariantName = "[No Variations]"
Add component (AddParameter): Name = "ComponentLink2URL"; Value = ""; VariantName = "[No Variations]"
Add component (AddParameter): Name = "ComponentLink3Description"; Value = "3_X-information"; VariantName = "[No Variations]"
Add component (AddParameter): Name = "ComponentLink3URL"; Value = ""; VariantName = "[No Variations]"
Add component (AddParameter): Name = "ComponentLink4Description"; Value = "4_X-information"; VariantName = "[No Variations]"
Add component (AddParameter): Name = "ComponentLink4URL"; Value = ""; VariantName = "[No Variations]"
Add component (AddParameter): Name = "ComponentLink5Description"; Value = ""; VariantName = "[No Variations]"
Add component (AddParameter): Name = "ComponentLink5URL"; Value = ""; VariantName = "[No Variations]"
Add component (AddParameter): Name = "Creation date"; Value = "20190101"; VariantName = "[No Variations]"
Add component (AddParameter): Name = "Dimensions WxLxH"; Value = ""; VariantName = "[No Variations]"
Add component (AddParameter): Name = "ECCN"; Value = ""; VariantName = "[No Variations]"
Add component (AddParameter): Name = "HasBeenBuilt"; Value = "False"; VariantName = "[No Variations]"
Add component (AddParameter): Name = "Manufacturer"; Value = "Kyocera"; VariantName = "[No Variations]"
Add component (AddParameter): Name = "Manufacturer Part Number"; Value = "KGM03CS61A105MH"; VariantName = "[No Variations]"
Add component (AddParameter): Name = "Operating temperature range"; Value = "-55C to +105C"; VariantName = "[No Variations]"
Add component (AddParameter): Name = "Package"; Value = "0201"; VariantName = "[No Variations]"
Add component (AddParameter): Name = "Part Number"; Value = "KGM03CS61A105MH"; VariantName = "[No Variations]"
Add component (AddParameter): Name = "Remark"; Value = ""; VariantName = "[No Variations]"
Add component (AddParameter): Name = "RoHS"; Value = ""; VariantName = "[No Variations]"
Add component (AddParameter): Name = "Sort order"; Value = "302"; VariantName = "[No Variations]"
Add component (AddParameter): Name = "Source"; Value = "RLC_UN1Q.SchLib"; VariantName = "[No Variations]"
Add component (AddParameter): Name = "System"; Value = "RLC"; VariantName = "[No Variations]"
Add component (AddParameter): Name = "Temperature characteristics"; Value = "X6S"; VariantName = "[No Variations]"
Add component (AddParameter): Name = "Tolerance"; Value = "+/-20%"; VariantName = "[No Variations]"
Add component (AddParameter): Name = "Value"; Value = "1uF"; VariantName = "[No Variations]"
Add component (AddParameter): Name = "Voltage"; Value = "10V"; VariantName = "[No Variations]"
Added Component: Designator=C?(CAP_0201_UN1Q)
Add component (AddParameter): Name = "Alternative component"; Value = "Allowed"; VariantName = "[No Variations]"
Add component (AddParameter): Name = "ClassName"; Value = "SMALL"; VariantName = "[No Variations]"
Add component (AddParameter): Name = "Component Type"; Value = "Capacitor"; VariantName = "[No Variations]"
Add component (AddParameter): Name = "ComponentLink1Description"; Value = "1_Datasheet"; VariantName = "[No Variations]"
Add component (AddParameter): Name = "ComponentLink1URL"; Value = ""; VariantName = "[No Variations]"
Add component (AddParameter): Name = "ComponentLink2Description"; Value = "2_Product page"; VariantName = "[No Variations]"
Add component (AddParameter): Name = "ComponentLink2URL"; Value = ""; VariantName = "[No Variations]"
Add component (AddParameter): Name = "ComponentLink3Description"; Value = "3_X-information"; VariantName = "[No Variations]"
Add component (AddParameter): Name = "ComponentLink3URL"; Value = ""; VariantName = "[No Variations]"
Add component (AddParameter): Name = "ComponentLink4Description"; Value = "4_X-information"; VariantName = "[No Variations]"
Add component (AddParameter): Name = "ComponentLink4URL"; Value = ""; VariantName = "[No Variations]"
Add component (AddParameter): Name = "ComponentLink5Description"; Value = ""; VariantName = "[No Variations]"
Add component (AddParameter): Name = "ComponentLink5URL"; Value = ""; VariantName = "[No Variations]"
Add component (AddParameter): Name = "Creation date"; Value = "20190101"; VariantName = "[No Variations]"
Add component (AddParameter): Name = "Dimensions WxLxH"; Value = ""; VariantName = "[No Variations]"
Add component (AddParameter): Name = "ECCN"; Value = ""; VariantName = "[No Variations]"
Add component (AddParameter): Name = "HasBeenBuilt"; Value = "False"; VariantName = "[No Variations]"
Add component (AddParameter): Name = "Manufacturer"; Value = "Kyocera"; VariantName = "[No Variations]"
Add component (AddParameter): Name = "Manufacturer Part Number"; Value = "KGM03CS61A105MH"; VariantName = "[No Variations]"
Add component (AddParameter): Name = "Operating temperature range"; Value = "-55C to +105C"; VariantName = "[No Variations]"
Add component (AddParameter): Name = "Package"; Value = "0201"; VariantName = "[No Variations]"
Add component (AddParameter): Name = "Part Number"; Value = "KGM03CS61A105MH"; VariantName = "[No Variations]"
Add component (AddParameter): Name = "Remark"; Value = ""; VariantName = "[No Variations]"
Add component (AddParameter): Name = "RoHS"; Value = ""; VariantName = "[No Variations]"
Add component (AddParameter): Name = "Sort order"; Value = "302"; VariantName = "[No Variations]"
Add component (AddParameter): Name = "Source"; Value = "RLC_UN1Q.SchLib"; VariantName = "[No Variations]"
Add component (AddParameter): Name = "System"; Value = "RLC"; VariantName = "[No Variations]"
Add component (AddParameter): Name = "Temperature characteristics"; Value = "X6S"; VariantName = "[No Variations]"
Add component (AddParameter): Name = "Tolerance"; Value = "+/-20%"; VariantName = "[No Variations]"
Add component (AddParameter): Name = "Value"; Value = "1uF"; VariantName = "[No Variations]"
Add component (AddParameter): Name = "Voltage"; Value = "10V"; VariantName = "[No Variations]"
Added Component: Designator=C?(CAP_0201_UN1Q)
Add component (AddParameter): Name = "Alternative component"; Value = "Allowed"; VariantName = "[No Variations]"
Add component (AddParameter): Name = "ClassName"; Value = "SMALL"; VariantName = "[No Variations]"
Add component (AddParameter): Name = "Component Type"; Value = "Capacitor"; VariantName = "[No Variations]"
Add component (AddParameter): Name = "ComponentLink1Description"; Value = "1_Datasheet"; VariantName = "[No Variations]"
Add component (AddParameter): Name = "ComponentLink1URL"; Value = ""; VariantName = "[No Variations]"
Add component (AddParameter): Name = "ComponentLink2Description"; Value = "2_Product page"; VariantName = "[No Variations]"
Add component (AddParameter): Name = "ComponentLink2URL"; Value = ""; VariantName = "[No Variations]"
Add component (AddParameter): Name = "ComponentLink3Description"; Value = "3_X-information"; VariantName = "[No Variations]"
Add component (AddParameter): Name = "ComponentLink3URL"; Value = ""; VariantName = "[No Variations]"
Add component (AddParameter): Name = "ComponentLink4Description"; Value = "4_X-information"; VariantName = "[No Variations]"
Add component (AddParameter): Name = "ComponentLink4URL"; Value = ""; VariantName = "[No Variations]"
Add component (AddParameter): Name = "ComponentLink5Description"; Value = ""; VariantName = "[No Variations]"
Add component (AddParameter): Name = "ComponentLink5URL"; Value = ""; VariantName = "[No Variations]"
Add component (AddParameter): Name = "Creation date"; Value = "20190101"; VariantName = "[No Variations]"
Add component (AddParameter): Name = "Dimensions WxLxH"; Value = ""; VariantName = "[No Variations]"
Add component (AddParameter): Name = "ECCN"; Value = ""; VariantName = "[No Variations]"
Add component (AddParameter): Name = "HasBeenBuilt"; Value = "False"; VariantName = "[No Variations]"
Add component (AddParameter): Name = "Manufacturer"; Value = "Kyocera"; VariantName = "[No Variations]"
Add component (AddParameter): Name = "Manufacturer Part Number"; Value = "KGM03CS61A105MH"; VariantName = "[No Variations]"
Add component (AddParameter): Name = "Operating temperature range"; Value = "-55C to +105C"; VariantName = "[No Variations]"
Add component (AddParameter): Name = "Package"; Value = "0201"; VariantName = "[No Variations]"
Add component (AddParameter): Name = "Part Number"; Value = "KGM03CS61A105MH"; VariantName = "[No Variations]"
Add component (AddParameter): Name = "Remark"; Value = ""; VariantName = "[No Variations]"
Add component (AddParameter): Name = "RoHS"; Value = ""; VariantName = "[No Variations]"
Add component (AddParameter): Name = "Sort order"; Value = "302"; VariantName = "[No Variations]"
Add component (AddParameter): Name = "Source"; Value = "RLC_UN1Q.SchLib"; VariantName = "[No Variations]"
Add component (AddParameter): Name = "System"; Value = "RLC"; VariantName = "[No Variations]"
Add component (AddParameter): Name = "Temperature characteristics"; Value = "X6S"; VariantName = "[No Variations]"
Add component (AddParameter): Name = "Tolerance"; Value = "+/-20%"; VariantName = "[No Variations]"
Add component (AddParameter): Name = "Value"; Value = "1uF"; VariantName = "[No Variations]"
Add component (AddParameter): Name = "Voltage"; Value = "10V"; VariantName = "[No Variations]"
Added Component: Designator=C?(CAP_0201_UN1Q)
Add component (AddParameter): Name = "Alternative component"; Value = "Allowed"; VariantName = "[No Variations]"
Add component (AddParameter): Name = "ClassName"; Value = "SMALL"; VariantName = "[No Variations]"
Add component (AddParameter): Name = "Component Type"; Value = "Capacitor"; VariantName = "[No Variations]"
Add component (AddParameter): Name = "ComponentLink1Description"; Value = "1_Datasheet"; VariantName = "[No Variations]"
Add component (AddParameter): Name = "ComponentLink1URL"; Value = ""; VariantName = "[No Variations]"
Add component (AddParameter): Name = "ComponentLink2Description"; Value = "2_Product page"; VariantName = "[No Variations]"
Add component (AddParameter): Name = "ComponentLink2URL"; Value = ""; VariantName = "[No Variations]"
Add component (AddParameter): Name = "ComponentLink3Description"; Value = "3_X-information"; VariantName = "[No Variations]"
Add component (AddParameter): Name = "ComponentLink3URL"; Value = ""; VariantName = "[No Variations]"
Add component (AddParameter): Name = "ComponentLink4Description"; Value = "4_X-information"; VariantName = "[No Variations]"
Add component (AddParameter): Name = "ComponentLink4URL"; Value = ""; VariantName = "[No Variations]"
Add component (AddParameter): Name = "ComponentLink5Description"; Value = ""; VariantName = "[No Variations]"
Add component (AddParameter): Name = "ComponentLink5URL"; Value = ""; VariantName = "[No Variations]"
Add component (AddParameter): Name = "Creation date"; Value = "20190101"; VariantName = "[No Variations]"
Add component (AddParameter): Name = "Dimensions WxLxH"; Value = ""; VariantName = "[No Variations]"
Add component (AddParameter): Name = "ECCN"; Value = ""; VariantName = "[No Variations]"
Add component (AddParameter): Name = "HasBeenBuilt"; Value = "False"; VariantName = "[No Variations]"
Add component (AddParameter): Name = "Manufacturer"; Value = "Kyocera"; VariantName = "[No Variations]"
Add component (AddParameter): Name = "Manufacturer Part Number"; Value = "KGM03CS61A105MH"; VariantName = "[No Variations]"
Add component (AddParameter): Name = "Operating temperature range"; Value = "-55C to +105C"; VariantName = "[No Variations]"
Add component (AddParameter): Name = "Package"; Value = "0201"; VariantName = "[No Variations]"
Add component (AddParameter): Name = "Part Number"; Value = "KGM03CS61A105MH"; VariantName = "[No Variations]"
Add component (AddParameter): Name = "Remark"; Value = ""; VariantName = "[No Variations]"
Add component (AddParameter): Name = "RoHS"; Value = ""; VariantName = "[No Variations]"
Add component (AddParameter): Name = "Sort order"; Value = "302"; VariantName = "[No Variations]"
Add component (AddParameter): Name = "Source"; Value = "RLC_UN1Q.SchLib"; VariantName = "[No Variations]"
Add component (AddParameter): Name = "System"; Value = "RLC"; VariantName = "[No Variations]"
Add component (AddParameter): Name = "Temperature characteristics"; Value = "X6S"; VariantName = "[No Variations]"
Add component (AddParameter): Name = "Tolerance"; Value = "+/-20%"; VariantName = "[No Variations]"
Add component (AddParameter): Name = "Value"; Value = "1uF"; VariantName = "[No Variations]"
Add component (AddParameter): Name = "Voltage"; Value = "10V"; VariantName = "[No Variations]"
Added Component: Designator=C?(CAP_0402_H09W07_UN1Q)
Add component (AddParameter): Name = "Alternative component"; Value = "Allowed"; VariantName = "[No Variations]"
Add component (AddParameter): Name = "ClassName"; Value = ""; VariantName = "[No Variations]"
Add component (AddParameter): Name = "Component Type"; Value = "Capacitor"; VariantName = "[No Variations]"
Add component (AddParameter): Name = "ComponentLink1Description"; Value = "1_Datasheet"; VariantName = "[No Variations]"
Add component (AddParameter): Name = "ComponentLink1URL"; Value = ""; VariantName = "[No Variations]"
Add component (AddParameter): Name = "ComponentLink2Description"; Value = "2_Product page"; VariantName = "[No Variations]"
Add component (AddParameter): Name = "ComponentLink2URL"; Value = ""; VariantName = "[No Variations]"
Add component (AddParameter): Name = "ComponentLink3Description"; Value = "3_X-information"; VariantName = "[No Variations]"
Add component (AddParameter): Name = "ComponentLink3URL"; Value = ""; VariantName = "[No Variations]"
Add component (AddParameter): Name = "ComponentLink4Description"; Value = "4_X-information"; VariantName = "[No Variations]"
Add component (AddParameter): Name = "ComponentLink4URL"; Value = ""; VariantName = "[No Variations]"
Add component (AddParameter): Name = "Creation date"; Value = "26042024"; VariantName = "[No Variations]"
Add component (AddParameter): Name = "Dimensions WxLxH"; Value = ""; VariantName = "[No Variations]"
Add component (AddParameter): Name = "ECCN"; Value = ""; VariantName = "[No Variations]"
Add component (AddParameter): Name = "HasBeenBuilt"; Value = "TBD"; VariantName = "[No Variations]"
Add component (AddParameter): Name = "Manufacturer"; Value = "Cal-Chip Electronics, Inc."; VariantName = "[No Variations]"
Add component (AddParameter): Name = "Manufacturer Part Number"; Value = "GMC04X6S106M6R3NT"; VariantName = "[No Variations]"
Add component (AddParameter): Name = "Operating temperature range"; Value = ""; VariantName = "[No Variations]"
Add component (AddParameter): Name = "Package"; Value = "0402"; VariantName = "[No Variations]"
Add component (AddParameter): Name = "Part Number"; Value = "GMC04X6S106M6R3NT"; VariantName = "[No Variations]"
Add component (AddParameter): Name = "Remark"; Value = ""; VariantName = "[No Variations]"
Add component (AddParameter): Name = "RoHS"; Value = ""; VariantName = "[No Variations]"
Add component (AddParameter): Name = "Sort order"; Value = "304"; VariantName = "[No Variations]"
Add component (AddParameter): Name = "Source"; Value = ""; VariantName = "[No Variations]"
Add component (AddParameter): Name = "System"; Value = "RLC"; VariantName = "[No Variations]"
Add component (AddParameter): Name = "Temperature characteristics"; Value = "X6S"; VariantName = "[No Variations]"
Add component (AddParameter): Name = "Tolerance"; Value = "+/-20%"; VariantName = "[No Variations]"
Add component (AddParameter): Name = "Value"; Value = "10uF"; VariantName = "[No Variations]"
Add component (AddParameter): Name = "Voltage"; Value = "6.3V"; VariantName = "[No Variations]"
Added Component: Designator=C?(CAP_0201_UN1Q)
Add component (AddParameter): Name = "Alternative component"; Value = "Allowed"; VariantName = "[No Variations]"
Add component (AddParameter): Name = "ClassName"; Value = "SMALL"; VariantName = "[No Variations]"
Add component (AddParameter): Name = "Component Type"; Value = "Capacitor"; VariantName = "[No Variations]"
Add component (AddParameter): Name = "ComponentLink1Description"; Value = "1_Datasheet"; VariantName = "[No Variations]"
Add component (AddParameter): Name = "ComponentLink1URL"; Value = ""; VariantName = "[No Variations]"
Add component (AddParameter): Name = "ComponentLink2Description"; Value = "2_Product page"; VariantName = "[No Variations]"
Add component (AddParameter): Name = "ComponentLink2URL"; Value = ""; VariantName = "[No Variations]"
Add component (AddParameter): Name = "ComponentLink3Description"; Value = "3_X-information"; VariantName = "[No Variations]"
Add component (AddParameter): Name = "ComponentLink3URL"; Value = ""; VariantName = "[No Variations]"
Add component (AddParameter): Name = "ComponentLink4Description"; Value = "4_X-information"; VariantName = "[No Variations]"
Add component (AddParameter): Name = "ComponentLink4URL"; Value = ""; VariantName = "[No Variations]"
Add component (AddParameter): Name = "ComponentLink5Description"; Value = ""; VariantName = "[No Variations]"
Add component (AddParameter): Name = "ComponentLink5URL"; Value = ""; VariantName = "[No Variations]"
Add component (AddParameter): Name = "Creation date"; Value = "20190101"; VariantName = "[No Variations]"
Add component (AddParameter): Name = "Dimensions WxLxH"; Value = ""; VariantName = "[No Variations]"
Add component (AddParameter): Name = "ECCN"; Value = ""; VariantName = "[No Variations]"
Add component (AddParameter): Name = "HasBeenBuilt"; Value = "False"; VariantName = "[No Variations]"
Add component (AddParameter): Name = "Manufacturer"; Value = "Kyocera"; VariantName = "[No Variations]"
Add component (AddParameter): Name = "Manufacturer Part Number"; Value = "KGM03CS61A105MH"; VariantName = "[No Variations]"
Add component (AddParameter): Name = "Operating temperature range"; Value = "-55C to +105C"; VariantName = "[No Variations]"
Add component (AddParameter): Name = "Package"; Value = "0201"; VariantName = "[No Variations]"
Add component (AddParameter): Name = "Part Number"; Value = "KGM03CS61A105MH"; VariantName = "[No Variations]"
Add component (AddParameter): Name = "Remark"; Value = ""; VariantName = "[No Variations]"
Add component (AddParameter): Name = "RoHS"; Value = ""; VariantName = "[No Variations]"
Add component (AddParameter): Name = "Sort order"; Value = "302"; VariantName = "[No Variations]"
Add component (AddParameter): Name = "Source"; Value = "RLC_UN1Q.SchLib"; VariantName = "[No Variations]"
Add component (AddParameter): Name = "System"; Value = "RLC"; VariantName = "[No Variations]"
Add component (AddParameter): Name = "Temperature characteristics"; Value = "X6S"; VariantName = "[No Variations]"
Add component (AddParameter): Name = "Tolerance"; Value = "+/-20%"; VariantName = "[No Variations]"
Add component (AddParameter): Name = "Value"; Value = "1uF"; VariantName = "[No Variations]"
Add component (AddParameter): Name = "Voltage"; Value = "10V"; VariantName = "[No Variations]"
Added Component: Designator=C?(CAP_0201_UN1Q)
Add component (AddParameter): Name = "Alternative component"; Value = "Allowed"; VariantName = "[No Variations]"
Add component (AddParameter): Name = "ClassName"; Value = "SMALL"; VariantName = "[No Variations]"
Add component (AddParameter): Name = "Component Type"; Value = "Capacitor"; VariantName = "[No Variations]"
Add component (AddParameter): Name = "ComponentLink1Description"; Value = "1_Datasheet"; VariantName = "[No Variations]"
Add component (AddParameter): Name = "ComponentLink1URL"; Value = ""; VariantName = "[No Variations]"
Add component (AddParameter): Name = "ComponentLink2Description"; Value = "2_Product page"; VariantName = "[No Variations]"
Add component (AddParameter): Name = "ComponentLink2URL"; Value = ""; VariantName = "[No Variations]"
Add component (AddParameter): Name = "ComponentLink3Description"; Value = "3_X-information"; VariantName = "[No Variations]"
Add component (AddParameter): Name = "ComponentLink3URL"; Value = ""; VariantName = "[No Variations]"
Add component (AddParameter): Name = "ComponentLink4Description"; Value = "4_X-information"; VariantName = "[No Variations]"
Add component (AddParameter): Name = "ComponentLink4URL"; Value = ""; VariantName = "[No Variations]"
Add component (AddParameter): Name = "ComponentLink5Description"; Value = ""; VariantName = "[No Variations]"
Add component (AddParameter): Name = "ComponentLink5URL"; Value = ""; VariantName = "[No Variations]"
Add component (AddParameter): Name = "Creation date"; Value = "20190101"; VariantName = "[No Variations]"
Add component (AddParameter): Name = "Dimensions WxLxH"; Value = ""; VariantName = "[No Variations]"
Add component (AddParameter): Name = "ECCN"; Value = ""; VariantName = "[No Variations]"
Add component (AddParameter): Name = "HasBeenBuilt"; Value = "False"; VariantName = "[No Variations]"
Add component (AddParameter): Name = "Manufacturer"; Value = "Kyocera"; VariantName = "[No Variations]"
Add component (AddParameter): Name = "Manufacturer Part Number"; Value = "KGM03CS61A105MH"; VariantName = "[No Variations]"
Add component (AddParameter): Name = "Operating temperature range"; Value = "-55C to +105C"; VariantName = "[No Variations]"
Add component (AddParameter): Name = "Package"; Value = "0201"; VariantName = "[No Variations]"
Add component (AddParameter): Name = "Part Number"; Value = "KGM03CS61A105MH"; VariantName = "[No Variations]"
Add component (AddParameter): Name = "Remark"; Value = ""; VariantName = "[No Variations]"
Add component (AddParameter): Name = "RoHS"; Value = ""; VariantName = "[No Variations]"
Add component (AddParameter): Name = "Sort order"; Value = "302"; VariantName = "[No Variations]"
Add component (AddParameter): Name = "Source"; Value = "RLC_UN1Q.SchLib"; VariantName = "[No Variations]"
Add component (AddParameter): Name = "System"; Value = "RLC"; VariantName = "[No Variations]"
Add component (AddParameter): Name = "Temperature characteristics"; Value = "X6S"; VariantName = "[No Variations]"
Add component (AddParameter): Name = "Tolerance"; Value = "+/-20%"; VariantName = "[No Variations]"
Add component (AddParameter): Name = "Value"; Value = "1uF"; VariantName = "[No Variations]"
Add component (AddParameter): Name = "Voltage"; Value = "10V"; VariantName = "[No Variations]"
Added Component: Designator=C?(CAP_0201_UN1Q)
Add component (AddParameter): Name = "Alternative component"; Value = "Allowed"; VariantName = "[No Variations]"
Add component (AddParameter): Name = "ClassName"; Value = "SMALL"; VariantName = "[No Variations]"
Add component (AddParameter): Name = "Component Type"; Value = "Capacitor"; VariantName = "[No Variations]"
Add component (AddParameter): Name = "ComponentLink1Description"; Value = "1_Datasheet"; VariantName = "[No Variations]"
Add component (AddParameter): Name = "ComponentLink1URL"; Value = ""; VariantName = "[No Variations]"
Add component (AddParameter): Name = "ComponentLink2Description"; Value = "2_Product page"; VariantName = "[No Variations]"
Add component (AddParameter): Name = "ComponentLink2URL"; Value = ""; VariantName = "[No Variations]"
Add component (AddParameter): Name = "ComponentLink3Description"; Value = "3_X-information"; VariantName = "[No Variations]"
Add component (AddParameter): Name = "ComponentLink3URL"; Value = ""; VariantName = "[No Variations]"
Add component (AddParameter): Name = "ComponentLink4Description"; Value = "4_X-information"; VariantName = "[No Variations]"
Add component (AddParameter): Name = "ComponentLink4URL"; Value = ""; VariantName = "[No Variations]"
Add component (AddParameter): Name = "ComponentLink5Description"; Value = ""; VariantName = "[No Variations]"
Add component (AddParameter): Name = "ComponentLink5URL"; Value = ""; VariantName = "[No Variations]"
Add component (AddParameter): Name = "Creation date"; Value = "20190101"; VariantName = "[No Variations]"
Add component (AddParameter): Name = "Dimensions WxLxH"; Value = ""; VariantName = "[No Variations]"
Add component (AddParameter): Name = "ECCN"; Value = ""; VariantName = "[No Variations]"
Add component (AddParameter): Name = "HasBeenBuilt"; Value = "False"; VariantName = "[No Variations]"
Add component (AddParameter): Name = "Manufacturer"; Value = "Kyocera"; VariantName = "[No Variations]"
Add component (AddParameter): Name = "Manufacturer Part Number"; Value = "KGM03CS61A105MH"; VariantName = "[No Variations]"
Add component (AddParameter): Name = "Operating temperature range"; Value = "-55C to +105C"; VariantName = "[No Variations]"
Add component (AddParameter): Name = "Package"; Value = "0201"; VariantName = "[No Variations]"
Add component (AddParameter): Name = "Part Number"; Value = "KGM03CS61A105MH"; VariantName = "[No Variations]"
Add component (AddParameter): Name = "Remark"; Value = ""; VariantName = "[No Variations]"
Add component (AddParameter): Name = "RoHS"; Value = ""; VariantName = "[No Variations]"
Add component (AddParameter): Name = "Sort order"; Value = "302"; VariantName = "[No Variations]"
Add component (AddParameter): Name = "Source"; Value = "RLC_UN1Q.SchLib"; VariantName = "[No Variations]"
Add component (AddParameter): Name = "System"; Value = "RLC"; VariantName = "[No Variations]"
Add component (AddParameter): Name = "Temperature characteristics"; Value = "X6S"; VariantName = "[No Variations]"
Add component (AddParameter): Name = "Tolerance"; Value = "+/-20%"; VariantName = "[No Variations]"
Add component (AddParameter): Name = "Value"; Value = "1uF"; VariantName = "[No Variations]"
Add component (AddParameter): Name = "Voltage"; Value = "10V"; VariantName = "[No Variations]"
Added Component: Designator=C?(CAP_0201_UN1Q)
Add component (AddParameter): Name = "Alternative component"; Value = "Allowed"; VariantName = "[No Variations]"
Add component (AddParameter): Name = "ClassName"; Value = "SMALL"; VariantName = "[No Variations]"
Add component (AddParameter): Name = "Component Type"; Value = "Capacitor"; VariantName = "[No Variations]"
Add component (AddParameter): Name = "ComponentLink1Description"; Value = "1_Datasheet"; VariantName = "[No Variations]"
Add component (AddParameter): Name = "ComponentLink1URL"; Value = ""; VariantName = "[No Variations]"
Add component (AddParameter): Name = "ComponentLink2Description"; Value = "2_Product page"; VariantName = "[No Variations]"
Add component (AddParameter): Name = "ComponentLink2URL"; Value = ""; VariantName = "[No Variations]"
Add component (AddParameter): Name = "ComponentLink3Description"; Value = "3_X-information"; VariantName = "[No Variations]"
Add component (AddParameter): Name = "ComponentLink3URL"; Value = ""; VariantName = "[No Variations]"
Add component (AddParameter): Name = "ComponentLink4Description"; Value = "4_X-information"; VariantName = "[No Variations]"
Add component (AddParameter): Name = "ComponentLink4URL"; Value = ""; VariantName = "[No Variations]"
Add component (AddParameter): Name = "ComponentLink5Description"; Value = ""; VariantName = "[No Variations]"
Add component (AddParameter): Name = "ComponentLink5URL"; Value = ""; VariantName = "[No Variations]"
Add component (AddParameter): Name = "Creation date"; Value = "20190101"; VariantName = "[No Variations]"
Add component (AddParameter): Name = "Dimensions WxLxH"; Value = ""; VariantName = "[No Variations]"
Add component (AddParameter): Name = "ECCN"; Value = ""; VariantName = "[No Variations]"
Add component (AddParameter): Name = "HasBeenBuilt"; Value = "False"; VariantName = "[No Variations]"
Add component (AddParameter): Name = "Manufacturer"; Value = "Kyocera"; VariantName = "[No Variations]"
Add component (AddParameter): Name = "Manufacturer Part Number"; Value = "KGM03CS61A105MH"; VariantName = "[No Variations]"
Add component (AddParameter): Name = "Operating temperature range"; Value = "-55C to +105C"; VariantName = "[No Variations]"
Add component (AddParameter): Name = "Package"; Value = "0201"; VariantName = "[No Variations]"
Add component (AddParameter): Name = "Part Number"; Value = "KGM03CS61A105MH"; VariantName = "[No Variations]"
Add component (AddParameter): Name = "Remark"; Value = ""; VariantName = "[No Variations]"
Add component (AddParameter): Name = "RoHS"; Value = ""; VariantName = "[No Variations]"
Add component (AddParameter): Name = "Sort order"; Value = "302"; VariantName = "[No Variations]"
Add component (AddParameter): Name = "Source"; Value = "RLC_UN1Q.SchLib"; VariantName = "[No Variations]"
Add component (AddParameter): Name = "System"; Value = "RLC"; VariantName = "[No Variations]"
Add component (AddParameter): Name = "Temperature characteristics"; Value = "X6S"; VariantName = "[No Variations]"
Add component (AddParameter): Name = "Tolerance"; Value = "+/-20%"; VariantName = "[No Variations]"
Add component (AddParameter): Name = "Value"; Value = "1uF"; VariantName = "[No Variations]"
Add component (AddParameter): Name = "Voltage"; Value = "10V"; VariantName = "[No Variations]"
Added Component: Designator=C?(CAP_0201_UN1Q)
Add component (AddParameter): Name = "Alternative component"; Value = "Allowed"; VariantName = "[No Variations]"
Add component (AddParameter): Name = "ClassName"; Value = "SMALL"; VariantName = "[No Variations]"
Add component (AddParameter): Name = "Component Type"; Value = "Capacitor"; VariantName = "[No Variations]"
Add component (AddParameter): Name = "ComponentLink1Description"; Value = "1_Datasheet"; VariantName = "[No Variations]"
Add component (AddParameter): Name = "ComponentLink1URL"; Value = ""; VariantName = "[No Variations]"
Add component (AddParameter): Name = "ComponentLink2Description"; Value = "2_Product page"; VariantName = "[No Variations]"
Add component (AddParameter): Name = "ComponentLink2URL"; Value = ""; VariantName = "[No Variations]"
Add component (AddParameter): Name = "ComponentLink3Description"; Value = "3_X-information"; VariantName = "[No Variations]"
Add component (AddParameter): Name = "ComponentLink3URL"; Value = ""; VariantName = "[No Variations]"
Add component (AddParameter): Name = "ComponentLink4Description"; Value = "4_X-information"; VariantName = "[No Variations]"
Add component (AddParameter): Name = "ComponentLink4URL"; Value = ""; VariantName = "[No Variations]"
Add component (AddParameter): Name = "ComponentLink5Description"; Value = ""; VariantName = "[No Variations]"
Add component (AddParameter): Name = "ComponentLink5URL"; Value = ""; VariantName = "[No Variations]"
Add component (AddParameter): Name = "Creation date"; Value = "20190101"; VariantName = "[No Variations]"
Add component (AddParameter): Name = "Dimensions WxLxH"; Value = ""; VariantName = "[No Variations]"
Add component (AddParameter): Name = "ECCN"; Value = ""; VariantName = "[No Variations]"
Add component (AddParameter): Name = "HasBeenBuilt"; Value = "False"; VariantName = "[No Variations]"
Add component (AddParameter): Name = "Manufacturer"; Value = "Kyocera"; VariantName = "[No Variations]"
Add component (AddParameter): Name = "Manufacturer Part Number"; Value = "KGM03CS61A105MH"; VariantName = "[No Variations]"
Add component (AddParameter): Name = "Operating temperature range"; Value = "-55C to +105C"; VariantName = "[No Variations]"
Add component (AddParameter): Name = "Package"; Value = "0201"; VariantName = "[No Variations]"
Add component (AddParameter): Name = "Part Number"; Value = "KGM03CS61A105MH"; VariantName = "[No Variations]"
Add component (AddParameter): Name = "Remark"; Value = ""; VariantName = "[No Variations]"
Add component (AddParameter): Name = "RoHS"; Value = ""; VariantName = "[No Variations]"
Add component (AddParameter): Name = "Sort order"; Value = "302"; VariantName = "[No Variations]"
Add component (AddParameter): Name = "Source"; Value = "RLC_UN1Q.SchLib"; VariantName = "[No Variations]"
Add component (AddParameter): Name = "System"; Value = "RLC"; VariantName = "[No Variations]"
Add component (AddParameter): Name = "Temperature characteristics"; Value = "X6S"; VariantName = "[No Variations]"
Add component (AddParameter): Name = "Tolerance"; Value = "+/-20%"; VariantName = "[No Variations]"
Add component (AddParameter): Name = "Value"; Value = "1uF"; VariantName = "[No Variations]"
Add component (AddParameter): Name = "Voltage"; Value = "10V"; VariantName = "[No Variations]"
Added Component: Designator=C?(CAP_0201_UN1Q)
Add component (AddParameter): Name = "Alternative component"; Value = "Allowed"; VariantName = "[No Variations]"
Add component (AddParameter): Name = "ClassName"; Value = "SMALL"; VariantName = "[No Variations]"
Add component (AddParameter): Name = "Component Type"; Value = "Capacitor"; VariantName = "[No Variations]"
Add component (AddParameter): Name = "ComponentLink1Description"; Value = "1_Datasheet"; VariantName = "[No Variations]"
Add component (AddParameter): Name = "ComponentLink1URL"; Value = ""; VariantName = "[No Variations]"
Add component (AddParameter): Name = "ComponentLink2Description"; Value = "2_Product page"; VariantName = "[No Variations]"
Add component (AddParameter): Name = "ComponentLink2URL"; Value = ""; VariantName = "[No Variations]"
Add component (AddParameter): Name = "ComponentLink3Description"; Value = "3_X-information"; VariantName = "[No Variations]"
Add component (AddParameter): Name = "ComponentLink3URL"; Value = ""; VariantName = "[No Variations]"
Add component (AddParameter): Name = "ComponentLink4Description"; Value = "4_X-information"; VariantName = "[No Variations]"
Add component (AddParameter): Name = "ComponentLink4URL"; Value = ""; VariantName = "[No Variations]"
Add component (AddParameter): Name = "ComponentLink5Description"; Value = ""; VariantName = "[No Variations]"
Add component (AddParameter): Name = "ComponentLink5URL"; Value = ""; VariantName = "[No Variations]"
Add component (AddParameter): Name = "Creation date"; Value = "20190101"; VariantName = "[No Variations]"
Add component (AddParameter): Name = "Dimensions WxLxH"; Value = ""; VariantName = "[No Variations]"
Add component (AddParameter): Name = "ECCN"; Value = ""; VariantName = "[No Variations]"
Add component (AddParameter): Name = "HasBeenBuilt"; Value = "False"; VariantName = "[No Variations]"
Add component (AddParameter): Name = "Manufacturer"; Value = "Kyocera"; VariantName = "[No Variations]"
Add component (AddParameter): Name = "Manufacturer Part Number"; Value = "KGM03CS61A105MH"; VariantName = "[No Variations]"
Add component (AddParameter): Name = "Operating temperature range"; Value = "-55C to +105C"; VariantName = "[No Variations]"
Add component (AddParameter): Name = "Package"; Value = "0201"; VariantName = "[No Variations]"
Add component (AddParameter): Name = "Part Number"; Value = "KGM03CS61A105MH"; VariantName = "[No Variations]"
Add component (AddParameter): Name = "Remark"; Value = ""; VariantName = "[No Variations]"
Add component (AddParameter): Name = "RoHS"; Value = ""; VariantName = "[No Variations]"
Add component (AddParameter): Name = "Sort order"; Value = "302"; VariantName = "[No Variations]"
Add component (AddParameter): Name = "Source"; Value = "RLC_UN1Q.SchLib"; VariantName = "[No Variations]"
Add component (AddParameter): Name = "System"; Value = "RLC"; VariantName = "[No Variations]"
Add component (AddParameter): Name = "Temperature characteristics"; Value = "X6S"; VariantName = "[No Variations]"
Add component (AddParameter): Name = "Tolerance"; Value = "+/-20%"; VariantName = "[No Variations]"
Add component (AddParameter): Name = "Value"; Value = "1uF"; VariantName = "[No Variations]"
Add component (AddParameter): Name = "Voltage"; Value = "10V"; VariantName = "[No Variations]"
Added Component: Designator=C?(CAP_0201_UN1Q)
Add component (AddParameter): Name = "Alternative component"; Value = "Allowed"; VariantName = "[No Variations]"
Add component (AddParameter): Name = "ClassName"; Value = "SMALL"; VariantName = "[No Variations]"
Add component (AddParameter): Name = "Component Type"; Value = "Capacitor"; VariantName = "[No Variations]"
Add component (AddParameter): Name = "ComponentLink1Description"; Value = "1_Datasheet"; VariantName = "[No Variations]"
Add component (AddParameter): Name = "ComponentLink1URL"; Value = ""; VariantName = "[No Variations]"
Add component (AddParameter): Name = "ComponentLink2Description"; Value = "2_Product page"; VariantName = "[No Variations]"
Add component (AddParameter): Name = "ComponentLink2URL"; Value = ""; VariantName = "[No Variations]"
Add component (AddParameter): Name = "ComponentLink3Description"; Value = "3_X-information"; VariantName = "[No Variations]"
Add component (AddParameter): Name = "ComponentLink3URL"; Value = ""; VariantName = "[No Variations]"
Add component (AddParameter): Name = "ComponentLink4Description"; Value = "4_X-information"; VariantName = "[No Variations]"
Add component (AddParameter): Name = "ComponentLink4URL"; Value = ""; VariantName = "[No Variations]"
Add component (AddParameter): Name = "ComponentLink5Description"; Value = ""; VariantName = "[No Variations]"
Add component (AddParameter): Name = "ComponentLink5URL"; Value = ""; VariantName = "[No Variations]"
Add component (AddParameter): Name = "Creation date"; Value = "20190101"; VariantName = "[No Variations]"
Add component (AddParameter): Name = "Dimensions WxLxH"; Value = ""; VariantName = "[No Variations]"
Add component (AddParameter): Name = "ECCN"; Value = ""; VariantName = "[No Variations]"
Add component (AddParameter): Name = "HasBeenBuilt"; Value = "False"; VariantName = "[No Variations]"
Add component (AddParameter): Name = "Manufacturer"; Value = "Kyocera"; VariantName = "[No Variations]"
Add component (AddParameter): Name = "Manufacturer Part Number"; Value = "KGM03CS61A105MH"; VariantName = "[No Variations]"
Add component (AddParameter): Name = "Operating temperature range"; Value = "-55C to +105C"; VariantName = "[No Variations]"
Add component (AddParameter): Name = "Package"; Value = "0201"; VariantName = "[No Variations]"
Add component (AddParameter): Name = "Part Number"; Value = "KGM03CS61A105MH"; VariantName = "[No Variations]"
Add component (AddParameter): Name = "Remark"; Value = ""; VariantName = "[No Variations]"
Add component (AddParameter): Name = "RoHS"; Value = ""; VariantName = "[No Variations]"
Add component (AddParameter): Name = "Sort order"; Value = "302"; VariantName = "[No Variations]"
Add component (AddParameter): Name = "Source"; Value = "RLC_UN1Q.SchLib"; VariantName = "[No Variations]"
Add component (AddParameter): Name = "System"; Value = "RLC"; VariantName = "[No Variations]"
Add component (AddParameter): Name = "Temperature characteristics"; Value = "X6S"; VariantName = "[No Variations]"
Add component (AddParameter): Name = "Tolerance"; Value = "+/-20%"; VariantName = "[No Variations]"
Add component (AddParameter): Name = "Value"; Value = "1uF"; VariantName = "[No Variations]"
Add component (AddParameter): Name = "Voltage"; Value = "10V"; VariantName = "[No Variations]"
Added Component: Designator=C?(CAP_0201_UN1Q)
Add component (AddParameter): Name = "Alternative component"; Value = "Allowed"; VariantName = "[No Variations]"
Add component (AddParameter): Name = "ClassName"; Value = "SMALL"; VariantName = "[No Variations]"
Add component (AddParameter): Name = "Component Type"; Value = "Capacitor"; VariantName = "[No Variations]"
Add component (AddParameter): Name = "ComponentLink1Description"; Value = "1_Datasheet"; VariantName = "[No Variations]"
Add component (AddParameter): Name = "ComponentLink1URL"; Value = ""; VariantName = "[No Variations]"
Add component (AddParameter): Name = "ComponentLink2Description"; Value = "2_Product page"; VariantName = "[No Variations]"
Add component (AddParameter): Name = "ComponentLink2URL"; Value = ""; VariantName = "[No Variations]"
Add component (AddParameter): Name = "ComponentLink3Description"; Value = "3_X-information"; VariantName = "[No Variations]"
Add component (AddParameter): Name = "ComponentLink3URL"; Value = ""; VariantName = "[No Variations]"
Add component (AddParameter): Name = "ComponentLink4Description"; Value = "4_X-information"; VariantName = "[No Variations]"
Add component (AddParameter): Name = "ComponentLink4URL"; Value = ""; VariantName = "[No Variations]"
Add component (AddParameter): Name = "ComponentLink5Description"; Value = ""; VariantName = "[No Variations]"
Add component (AddParameter): Name = "ComponentLink5URL"; Value = ""; VariantName = "[No Variations]"
Add component (AddParameter): Name = "Creation date"; Value = "20190101"; VariantName = "[No Variations]"
Add component (AddParameter): Name = "Dimensions WxLxH"; Value = ""; VariantName = "[No Variations]"
Add component (AddParameter): Name = "ECCN"; Value = ""; VariantName = "[No Variations]"
Add component (AddParameter): Name = "HasBeenBuilt"; Value = "False"; VariantName = "[No Variations]"
Add component (AddParameter): Name = "Manufacturer"; Value = "Kyocera"; VariantName = "[No Variations]"
Add component (AddParameter): Name = "Manufacturer Part Number"; Value = "KGM03CS61A105MH"; VariantName = "[No Variations]"
Add component (AddParameter): Name = "Operating temperature range"; Value = "-55C to +105C"; VariantName = "[No Variations]"
Add component (AddParameter): Name = "Package"; Value = "0201"; VariantName = "[No Variations]"
Add component (AddParameter): Name = "Part Number"; Value = "KGM03CS61A105MH"; VariantName = "[No Variations]"
Add component (AddParameter): Name = "Remark"; Value = ""; VariantName = "[No Variations]"
Add component (AddParameter): Name = "RoHS"; Value = ""; VariantName = "[No Variations]"
Add component (AddParameter): Name = "Sort order"; Value = "302"; VariantName = "[No Variations]"
Add component (AddParameter): Name = "Source"; Value = "RLC_UN1Q.SchLib"; VariantName = "[No Variations]"
Add component (AddParameter): Name = "System"; Value = "RLC"; VariantName = "[No Variations]"
Add component (AddParameter): Name = "Temperature characteristics"; Value = "X6S"; VariantName = "[No Variations]"
Add component (AddParameter): Name = "Tolerance"; Value = "+/-20%"; VariantName = "[No Variations]"
Add component (AddParameter): Name = "Value"; Value = "1uF"; VariantName = "[No Variations]"
Add component (AddParameter): Name = "Voltage"; Value = "10V"; VariantName = "[No Variations]"
Added Component: Designator=C?(CAP_0201_UN1Q)
Add component (AddParameter): Name = "Alternative component"; Value = "Allowed"; VariantName = "[No Variations]"
Add component (AddParameter): Name = "ClassName"; Value = "SMALL"; VariantName = "[No Variations]"
Add component (AddParameter): Name = "Component Type"; Value = "Capacitor"; VariantName = "[No Variations]"
Add component (AddParameter): Name = "ComponentLink1Description"; Value = "1_Datasheet"; VariantName = "[No Variations]"
Add component (AddParameter): Name = "ComponentLink1URL"; Value = ""; VariantName = "[No Variations]"
Add component (AddParameter): Name = "ComponentLink2Description"; Value = "2_Product page"; VariantName = "[No Variations]"
Add component (AddParameter): Name = "ComponentLink2URL"; Value = ""; VariantName = "[No Variations]"
Add component (AddParameter): Name = "ComponentLink3Description"; Value = "3_X-information"; VariantName = "[No Variations]"
Add component (AddParameter): Name = "ComponentLink3URL"; Value = ""; VariantName = "[No Variations]"
Add component (AddParameter): Name = "ComponentLink4Description"; Value = "4_X-information"; VariantName = "[No Variations]"
Add component (AddParameter): Name = "ComponentLink4URL"; Value = ""; VariantName = "[No Variations]"
Add component (AddParameter): Name = "ComponentLink5Description"; Value = ""; VariantName = "[No Variations]"
Add component (AddParameter): Name = "ComponentLink5URL"; Value = ""; VariantName = "[No Variations]"
Add component (AddParameter): Name = "Creation date"; Value = "20190101"; VariantName = "[No Variations]"
Add component (AddParameter): Name = "Dimensions WxLxH"; Value = ""; VariantName = "[No Variations]"
Add component (AddParameter): Name = "ECCN"; Value = ""; VariantName = "[No Variations]"
Add component (AddParameter): Name = "HasBeenBuilt"; Value = "False"; VariantName = "[No Variations]"
Add component (AddParameter): Name = "Manufacturer"; Value = "Kyocera"; VariantName = "[No Variations]"
Add component (AddParameter): Name = "Manufacturer Part Number"; Value = "KGM03CS61A105MH"; VariantName = "[No Variations]"
Add component (AddParameter): Name = "Operating temperature range"; Value = "-55C to +105C"; VariantName = "[No Variations]"
Add component (AddParameter): Name = "Package"; Value = "0201"; VariantName = "[No Variations]"
Add component (AddParameter): Name = "Part Number"; Value = "KGM03CS61A105MH"; VariantName = "[No Variations]"
Add component (AddParameter): Name = "Remark"; Value = ""; VariantName = "[No Variations]"
Add component (AddParameter): Name = "RoHS"; Value = ""; VariantName = "[No Variations]"
Add component (AddParameter): Name = "Sort order"; Value = "302"; VariantName = "[No Variations]"
Add component (AddParameter): Name = "Source"; Value = "RLC_UN1Q.SchLib"; VariantName = "[No Variations]"
Add component (AddParameter): Name = "System"; Value = "RLC"; VariantName = "[No Variations]"
Add component (AddParameter): Name = "Temperature characteristics"; Value = "X6S"; VariantName = "[No Variations]"
Add component (AddParameter): Name = "Tolerance"; Value = "+/-20%"; VariantName = "[No Variations]"
Add component (AddParameter): Name = "Value"; Value = "1uF"; VariantName = "[No Variations]"
Add component (AddParameter): Name = "Voltage"; Value = "10V"; VariantName = "[No Variations]"
Added Component: Designator=C?(CAP_0201_UN1Q)
Add component (AddParameter): Name = "Alternative component"; Value = "Allowed"; VariantName = "[No Variations]"
Add component (AddParameter): Name = "ClassName"; Value = "SMALL"; VariantName = "[No Variations]"
Add component (AddParameter): Name = "Component Type"; Value = "Capacitor"; VariantName = "[No Variations]"
Add component (AddParameter): Name = "ComponentLink1Description"; Value = "1_Datasheet"; VariantName = "[No Variations]"
Add component (AddParameter): Name = "ComponentLink1URL"; Value = ""; VariantName = "[No Variations]"
Add component (AddParameter): Name = "ComponentLink2Description"; Value = "2_Product page"; VariantName = "[No Variations]"
Add component (AddParameter): Name = "ComponentLink2URL"; Value = ""; VariantName = "[No Variations]"
Add component (AddParameter): Name = "ComponentLink3Description"; Value = "3_X-information"; VariantName = "[No Variations]"
Add component (AddParameter): Name = "ComponentLink3URL"; Value = ""; VariantName = "[No Variations]"
Add component (AddParameter): Name = "ComponentLink4Description"; Value = "4_X-information"; VariantName = "[No Variations]"
Add component (AddParameter): Name = "ComponentLink4URL"; Value = ""; VariantName = "[No Variations]"
Add component (AddParameter): Name = "Creation date"; Value = "26042024"; VariantName = "[No Variations]"
Add component (AddParameter): Name = "Dimensions WxLxH"; Value = "0.35"; VariantName = "[No Variations]"
Add component (AddParameter): Name = "ECCN"; Value = ""; VariantName = "[No Variations]"
Add component (AddParameter): Name = "HasBeenBuilt"; Value = "TBD"; VariantName = "[No Variations]"
Add component (AddParameter): Name = "Manufacturer"; Value = "Murata"; VariantName = "[No Variations]"
Add component (AddParameter): Name = "Manufacturer Part Number"; Value = "GRM033C81A224KE01D"; VariantName = "[No Variations]"
Add component (AddParameter): Name = "Operating temperature range"; Value = ""; VariantName = "[No Variations]"
Add component (AddParameter): Name = "Package"; Value = "0201"; VariantName = "[No Variations]"
Add component (AddParameter): Name = "Part Number"; Value = "GRM033C81A224KE01D"; VariantName = "[No Variations]"
Add component (AddParameter): Name = "Remark"; Value = ""; VariantName = "[No Variations]"
Add component (AddParameter): Name = "RoHS"; Value = ""; VariantName = "[No Variations]"
Add component (AddParameter): Name = "Sort order"; Value = "302"; VariantName = "[No Variations]"
Add component (AddParameter): Name = "Source"; Value = ""; VariantName = "[No Variations]"
Add component (AddParameter): Name = "System"; Value = "RLC"; VariantName = "[No Variations]"
Add component (AddParameter): Name = "Temperature characteristics"; Value = "X6S"; VariantName = "[No Variations]"
Add component (AddParameter): Name = "Tolerance"; Value = "+/-20%"; VariantName = "[No Variations]"
Add component (AddParameter): Name = "Value"; Value = "220nF"; VariantName = "[No Variations]"
Add component (AddParameter): Name = "Voltage"; Value = "10V"; VariantName = "[No Variations]"
Added Component: Designator=C?(CAP_0201_UN1Q)
Add component (AddParameter): Name = "Alternative component"; Value = "Allowed"; VariantName = "[No Variations]"
Add component (AddParameter): Name = "ClassName"; Value = "SMALL"; VariantName = "[No Variations]"
Add component (AddParameter): Name = "Component Type"; Value = "Capacitor"; VariantName = "[No Variations]"
Add component (AddParameter): Name = "ComponentLink1Description"; Value = "1_Datasheet"; VariantName = "[No Variations]"
Add component (AddParameter): Name = "ComponentLink1URL"; Value = ""; VariantName = "[No Variations]"
Add component (AddParameter): Name = "ComponentLink2Description"; Value = "2_Product page"; VariantName = "[No Variations]"
Add component (AddParameter): Name = "ComponentLink2URL"; Value = ""; VariantName = "[No Variations]"
Add component (AddParameter): Name = "ComponentLink3Description"; Value = "3_X-information"; VariantName = "[No Variations]"
Add component (AddParameter): Name = "ComponentLink3URL"; Value = ""; VariantName = "[No Variations]"
Add component (AddParameter): Name = "ComponentLink4Description"; Value = "4_X-information"; VariantName = "[No Variations]"
Add component (AddParameter): Name = "ComponentLink4URL"; Value = ""; VariantName = "[No Variations]"
Add component (AddParameter): Name = "ComponentLink5Description"; Value = ""; VariantName = "[No Variations]"
Add component (AddParameter): Name = "ComponentLink5URL"; Value = ""; VariantName = "[No Variations]"
Add component (AddParameter): Name = "Creation date"; Value = "20190101"; VariantName = "[No Variations]"
Add component (AddParameter): Name = "Dimensions WxLxH"; Value = ""; VariantName = "[No Variations]"
Add component (AddParameter): Name = "ECCN"; Value = ""; VariantName = "[No Variations]"
Add component (AddParameter): Name = "HasBeenBuilt"; Value = "False"; VariantName = "[No Variations]"
Add component (AddParameter): Name = "Manufacturer"; Value = "Kyocera"; VariantName = "[No Variations]"
Add component (AddParameter): Name = "Manufacturer Part Number"; Value = "KGM03CS61A105MH"; VariantName = "[No Variations]"
Add component (AddParameter): Name = "Operating temperature range"; Value = "-55C to +105C"; VariantName = "[No Variations]"
Add component (AddParameter): Name = "Package"; Value = "0201"; VariantName = "[No Variations]"
Add component (AddParameter): Name = "Part Number"; Value = "KGM03CS61A105MH"; VariantName = "[No Variations]"
Add component (AddParameter): Name = "Remark"; Value = ""; VariantName = "[No Variations]"
Add component (AddParameter): Name = "RoHS"; Value = ""; VariantName = "[No Variations]"
Add component (AddParameter): Name = "Sort order"; Value = "302"; VariantName = "[No Variations]"
Add component (AddParameter): Name = "Source"; Value = "RLC_UN1Q.SchLib"; VariantName = "[No Variations]"
Add component (AddParameter): Name = "System"; Value = "RLC"; VariantName = "[No Variations]"
Add component (AddParameter): Name = "Temperature characteristics"; Value = "X6S"; VariantName = "[No Variations]"
Add component (AddParameter): Name = "Tolerance"; Value = "+/-20%"; VariantName = "[No Variations]"
Add component (AddParameter): Name = "Value"; Value = "1uF"; VariantName = "[No Variations]"
Add component (AddParameter): Name = "Voltage"; Value = "10V"; VariantName = "[No Variations]"
Added Component: Designator=C?(CAP_0201_UN1Q)
Add component (AddParameter): Name = "Alternative component"; Value = "Allowed"; VariantName = "[No Variations]"
Add component (AddParameter): Name = "ClassName"; Value = "SMALL"; VariantName = "[No Variations]"
Add component (AddParameter): Name = "Component Type"; Value = "Capacitor"; VariantName = "[No Variations]"
Add component (AddParameter): Name = "ComponentLink1Description"; Value = "1_Datasheet"; VariantName = "[No Variations]"
Add component (AddParameter): Name = "ComponentLink1URL"; Value = ""; VariantName = "[No Variations]"
Add component (AddParameter): Name = "ComponentLink2Description"; Value = "2_Product page"; VariantName = "[No Variations]"
Add component (AddParameter): Name = "ComponentLink2URL"; Value = ""; VariantName = "[No Variations]"
Add component (AddParameter): Name = "ComponentLink3Description"; Value = "3_X-information"; VariantName = "[No Variations]"
Add component (AddParameter): Name = "ComponentLink3URL"; Value = ""; VariantName = "[No Variations]"
Add component (AddParameter): Name = "ComponentLink4Description"; Value = "4_X-information"; VariantName = "[No Variations]"
Add component (AddParameter): Name = "ComponentLink4URL"; Value = ""; VariantName = "[No Variations]"
Add component (AddParameter): Name = "ComponentLink5Description"; Value = ""; VariantName = "[No Variations]"
Add component (AddParameter): Name = "ComponentLink5URL"; Value = ""; VariantName = "[No Variations]"
Add component (AddParameter): Name = "Creation date"; Value = "20190101"; VariantName = "[No Variations]"
Add component (AddParameter): Name = "Dimensions WxLxH"; Value = ""; VariantName = "[No Variations]"
Add component (AddParameter): Name = "ECCN"; Value = ""; VariantName = "[No Variations]"
Add component (AddParameter): Name = "HasBeenBuilt"; Value = "False"; VariantName = "[No Variations]"
Add component (AddParameter): Name = "Manufacturer"; Value = "Kyocera"; VariantName = "[No Variations]"
Add component (AddParameter): Name = "Manufacturer Part Number"; Value = "KGM03CS61A105MH"; VariantName = "[No Variations]"
Add component (AddParameter): Name = "Operating temperature range"; Value = "-55C to +105C"; VariantName = "[No Variations]"
Add component (AddParameter): Name = "Package"; Value = "0201"; VariantName = "[No Variations]"
Add component (AddParameter): Name = "Part Number"; Value = "KGM03CS61A105MH"; VariantName = "[No Variations]"
Add component (AddParameter): Name = "Remark"; Value = ""; VariantName = "[No Variations]"
Add component (AddParameter): Name = "RoHS"; Value = ""; VariantName = "[No Variations]"
Add component (AddParameter): Name = "Sort order"; Value = "302"; VariantName = "[No Variations]"
Add component (AddParameter): Name = "Source"; Value = "RLC_UN1Q.SchLib"; VariantName = "[No Variations]"
Add component (AddParameter): Name = "System"; Value = "RLC"; VariantName = "[No Variations]"
Add component (AddParameter): Name = "Temperature characteristics"; Value = "X6S"; VariantName = "[No Variations]"
Add component (AddParameter): Name = "Tolerance"; Value = "+/-20%"; VariantName = "[No Variations]"
Add component (AddParameter): Name = "Value"; Value = "1uF"; VariantName = "[No Variations]"
Add component (AddParameter): Name = "Voltage"; Value = "10V"; VariantName = "[No Variations]"
Added Component: Designator=C?(CAP_0402_H09W07_UN1Q)
Add component (AddParameter): Name = "Alternative component"; Value = "Allowed"; VariantName = "[No Variations]"
Add component (AddParameter): Name = "ClassName"; Value = ""; VariantName = "[No Variations]"
Add component (AddParameter): Name = "Component Type"; Value = "Capacitor"; VariantName = "[No Variations]"
Add component (AddParameter): Name = "ComponentLink1Description"; Value = "1_Datasheet"; VariantName = "[No Variations]"
Add component (AddParameter): Name = "ComponentLink1URL"; Value = ""; VariantName = "[No Variations]"
Add component (AddParameter): Name = "ComponentLink2Description"; Value = "2_Product page"; VariantName = "[No Variations]"
Add component (AddParameter): Name = "ComponentLink2URL"; Value = ""; VariantName = "[No Variations]"
Add component (AddParameter): Name = "ComponentLink3Description"; Value = "3_X-information"; VariantName = "[No Variations]"
Add component (AddParameter): Name = "ComponentLink3URL"; Value = ""; VariantName = "[No Variations]"
Add component (AddParameter): Name = "ComponentLink4Description"; Value = "4_X-information"; VariantName = "[No Variations]"
Add component (AddParameter): Name = "ComponentLink4URL"; Value = ""; VariantName = "[No Variations]"
Add component (AddParameter): Name = "Creation date"; Value = "26042024"; VariantName = "[No Variations]"
Add component (AddParameter): Name = "Dimensions WxLxH"; Value = ""; VariantName = "[No Variations]"
Add component (AddParameter): Name = "ECCN"; Value = ""; VariantName = "[No Variations]"
Add component (AddParameter): Name = "HasBeenBuilt"; Value = "TBD"; VariantName = "[No Variations]"
Add component (AddParameter): Name = "Manufacturer"; Value = "Cal-Chip Electronics, Inc."; VariantName = "[No Variations]"
Add component (AddParameter): Name = "Manufacturer Part Number"; Value = "GMC04X6S106M6R3NT"; VariantName = "[No Variations]"
Add component (AddParameter): Name = "Operating temperature range"; Value = ""; VariantName = "[No Variations]"
Add component (AddParameter): Name = "Package"; Value = "0402"; VariantName = "[No Variations]"
Add component (AddParameter): Name = "Part Number"; Value = "GMC04X6S106M6R3NT"; VariantName = "[No Variations]"
Add component (AddParameter): Name = "Remark"; Value = ""; VariantName = "[No Variations]"
Add component (AddParameter): Name = "RoHS"; Value = ""; VariantName = "[No Variations]"
Add component (AddParameter): Name = "Sort order"; Value = "304"; VariantName = "[No Variations]"
Add component (AddParameter): Name = "Source"; Value = ""; VariantName = "[No Variations]"
Add component (AddParameter): Name = "System"; Value = "RLC"; VariantName = "[No Variations]"
Add component (AddParameter): Name = "Temperature characteristics"; Value = "X6S"; VariantName = "[No Variations]"
Add component (AddParameter): Name = "Tolerance"; Value = "+/-20%"; VariantName = "[No Variations]"
Add component (AddParameter): Name = "Value"; Value = "10uF"; VariantName = "[No Variations]"
Add component (AddParameter): Name = "Voltage"; Value = "6.3V"; VariantName = "[No Variations]"
Added Component: Designator=C?(CAP_0402_H09W07_UN1Q)
Add component (AddParameter): Name = "Alternative component"; Value = "Allowed"; VariantName = "[No Variations]"
Add component (AddParameter): Name = "ClassName"; Value = ""; VariantName = "[No Variations]"
Add component (AddParameter): Name = "Component Type"; Value = "Capacitor"; VariantName = "[No Variations]"
Add component (AddParameter): Name = "ComponentLink1Description"; Value = "1_Datasheet"; VariantName = "[No Variations]"
Add component (AddParameter): Name = "ComponentLink1URL"; Value = ""; VariantName = "[No Variations]"
Add component (AddParameter): Name = "ComponentLink2Description"; Value = "2_Product page"; VariantName = "[No Variations]"
Add component (AddParameter): Name = "ComponentLink2URL"; Value = ""; VariantName = "[No Variations]"
Add component (AddParameter): Name = "ComponentLink3Description"; Value = "3_X-information"; VariantName = "[No Variations]"
Add component (AddParameter): Name = "ComponentLink3URL"; Value = ""; VariantName = "[No Variations]"
Add component (AddParameter): Name = "ComponentLink4Description"; Value = "4_X-information"; VariantName = "[No Variations]"
Add component (AddParameter): Name = "ComponentLink4URL"; Value = ""; VariantName = "[No Variations]"
Add component (AddParameter): Name = "Creation date"; Value = "26042024"; VariantName = "[No Variations]"
Add component (AddParameter): Name = "Dimensions WxLxH"; Value = ""; VariantName = "[No Variations]"
Add component (AddParameter): Name = "ECCN"; Value = ""; VariantName = "[No Variations]"
Add component (AddParameter): Name = "HasBeenBuilt"; Value = "TBD"; VariantName = "[No Variations]"
Add component (AddParameter): Name = "Manufacturer"; Value = "Cal-Chip Electronics, Inc."; VariantName = "[No Variations]"
Add component (AddParameter): Name = "Manufacturer Part Number"; Value = "GMC04X6S106M6R3NT"; VariantName = "[No Variations]"
Add component (AddParameter): Name = "Operating temperature range"; Value = ""; VariantName = "[No Variations]"
Add component (AddParameter): Name = "Package"; Value = "0402"; VariantName = "[No Variations]"
Add component (AddParameter): Name = "Part Number"; Value = "GMC04X6S106M6R3NT"; VariantName = "[No Variations]"
Add component (AddParameter): Name = "Remark"; Value = ""; VariantName = "[No Variations]"
Add component (AddParameter): Name = "RoHS"; Value = ""; VariantName = "[No Variations]"
Add component (AddParameter): Name = "Sort order"; Value = "304"; VariantName = "[No Variations]"
Add component (AddParameter): Name = "Source"; Value = ""; VariantName = "[No Variations]"
Add component (AddParameter): Name = "System"; Value = "RLC"; VariantName = "[No Variations]"
Add component (AddParameter): Name = "Temperature characteristics"; Value = "X6S"; VariantName = "[No Variations]"
Add component (AddParameter): Name = "Tolerance"; Value = "+/-20%"; VariantName = "[No Variations]"
Add component (AddParameter): Name = "Value"; Value = "10uF"; VariantName = "[No Variations]"
Add component (AddParameter): Name = "Voltage"; Value = "6.3V"; VariantName = "[No Variations]"
Added Component: Designator=C?(CAP_0402_H09W07_UN1Q)
Add component (AddParameter): Name = "Alternative component"; Value = "Allowed"; VariantName = "[No Variations]"
Add component (AddParameter): Name = "ClassName"; Value = ""; VariantName = "[No Variations]"
Add component (AddParameter): Name = "Component Type"; Value = "Capacitor"; VariantName = "[No Variations]"
Add component (AddParameter): Name = "ComponentLink1Description"; Value = "1_Datasheet"; VariantName = "[No Variations]"
Add component (AddParameter): Name = "ComponentLink1URL"; Value = ""; VariantName = "[No Variations]"
Add component (AddParameter): Name = "ComponentLink2Description"; Value = "2_Product page"; VariantName = "[No Variations]"
Add component (AddParameter): Name = "ComponentLink2URL"; Value = ""; VariantName = "[No Variations]"
Add component (AddParameter): Name = "ComponentLink3Description"; Value = "3_X-information"; VariantName = "[No Variations]"
Add component (AddParameter): Name = "ComponentLink3URL"; Value = ""; VariantName = "[No Variations]"
Add component (AddParameter): Name = "ComponentLink4Description"; Value = "4_X-information"; VariantName = "[No Variations]"
Add component (AddParameter): Name = "ComponentLink4URL"; Value = ""; VariantName = "[No Variations]"
Add component (AddParameter): Name = "Creation date"; Value = "26042024"; VariantName = "[No Variations]"
Add component (AddParameter): Name = "Dimensions WxLxH"; Value = ""; VariantName = "[No Variations]"
Add component (AddParameter): Name = "ECCN"; Value = ""; VariantName = "[No Variations]"
Add component (AddParameter): Name = "HasBeenBuilt"; Value = "TBD"; VariantName = "[No Variations]"
Add component (AddParameter): Name = "Manufacturer"; Value = "Murata"; VariantName = "[No Variations]"
Add component (AddParameter): Name = "Manufacturer Part Number"; Value = "GRT155C81A475ME13J"; VariantName = "[No Variations]"
Add component (AddParameter): Name = "Operating temperature range"; Value = ""; VariantName = "[No Variations]"
Add component (AddParameter): Name = "Package"; Value = "0402"; VariantName = "[No Variations]"
Add component (AddParameter): Name = "Part Number"; Value = "GRT155C81A475ME13J"; VariantName = "[No Variations]"
Add component (AddParameter): Name = "Remark"; Value = ""; VariantName = "[No Variations]"
Add component (AddParameter): Name = "RoHS"; Value = ""; VariantName = "[No Variations]"
Add component (AddParameter): Name = "Sort order"; Value = "304"; VariantName = "[No Variations]"
Add component (AddParameter): Name = "Source"; Value = ""; VariantName = "[No Variations]"
Add component (AddParameter): Name = "System"; Value = "RLC"; VariantName = "[No Variations]"
Add component (AddParameter): Name = "Temperature characteristics"; Value = "X6S"; VariantName = "[No Variations]"
Add component (AddParameter): Name = "Tolerance"; Value = "+/-10%"; VariantName = "[No Variations]"
Add component (AddParameter): Name = "Value"; Value = "4.7uF"; VariantName = "[No Variations]"
Add component (AddParameter): Name = "Voltage"; Value = "10V"; VariantName = "[No Variations]"
Added Component: Designator=C?(CAP_0402_H09W07_UN1Q)
Add component (AddParameter): Name = "Alternative component"; Value = "Allowed"; VariantName = "[No Variations]"
Add component (AddParameter): Name = "ClassName"; Value = ""; VariantName = "[No Variations]"
Add component (AddParameter): Name = "Component Type"; Value = "Capacitor"; VariantName = "[No Variations]"
Add component (AddParameter): Name = "ComponentLink1Description"; Value = "1_Datasheet"; VariantName = "[No Variations]"
Add component (AddParameter): Name = "ComponentLink1URL"; Value = ""; VariantName = "[No Variations]"
Add component (AddParameter): Name = "ComponentLink2Description"; Value = "2_Product page"; VariantName = "[No Variations]"
Add component (AddParameter): Name = "ComponentLink2URL"; Value = ""; VariantName = "[No Variations]"
Add component (AddParameter): Name = "ComponentLink3Description"; Value = "3_X-information"; VariantName = "[No Variations]"
Add component (AddParameter): Name = "ComponentLink3URL"; Value = ""; VariantName = "[No Variations]"
Add component (AddParameter): Name = "ComponentLink4Description"; Value = "4_X-information"; VariantName = "[No Variations]"
Add component (AddParameter): Name = "ComponentLink4URL"; Value = ""; VariantName = "[No Variations]"
Add component (AddParameter): Name = "Creation date"; Value = "26042024"; VariantName = "[No Variations]"
Add component (AddParameter): Name = "Dimensions WxLxH"; Value = ""; VariantName = "[No Variations]"
Add component (AddParameter): Name = "ECCN"; Value = ""; VariantName = "[No Variations]"
Add component (AddParameter): Name = "HasBeenBuilt"; Value = "TBD"; VariantName = "[No Variations]"
Add component (AddParameter): Name = "Manufacturer"; Value = "Cal-Chip Electronics, Inc."; VariantName = "[No Variations]"
Add component (AddParameter): Name = "Manufacturer Part Number"; Value = "GMC04X6S106M6R3NT"; VariantName = "[No Variations]"
Add component (AddParameter): Name = "Operating temperature range"; Value = ""; VariantName = "[No Variations]"
Add component (AddParameter): Name = "Package"; Value = "0402"; VariantName = "[No Variations]"
Add component (AddParameter): Name = "Part Number"; Value = "GMC04X6S106M6R3NT"; VariantName = "[No Variations]"
Add component (AddParameter): Name = "Remark"; Value = ""; VariantName = "[No Variations]"
Add component (AddParameter): Name = "RoHS"; Value = ""; VariantName = "[No Variations]"
Add component (AddParameter): Name = "Sort order"; Value = "304"; VariantName = "[No Variations]"
Add component (AddParameter): Name = "Source"; Value = ""; VariantName = "[No Variations]"
Add component (AddParameter): Name = "System"; Value = "RLC"; VariantName = "[No Variations]"
Add component (AddParameter): Name = "Temperature characteristics"; Value = "X6S"; VariantName = "[No Variations]"
Add component (AddParameter): Name = "Tolerance"; Value = "+/-20%"; VariantName = "[No Variations]"
Add component (AddParameter): Name = "Value"; Value = "10uF"; VariantName = "[No Variations]"
Add component (AddParameter): Name = "Voltage"; Value = "6.3V"; VariantName = "[No Variations]"
Added Component: Designator=C?(CAP_0201_UN1Q)
Add component (AddParameter): Name = "Alternative component"; Value = "Allowed"; VariantName = "[No Variations]"
Add component (AddParameter): Name = "ClassName"; Value = "SMALL"; VariantName = "[No Variations]"
Add component (AddParameter): Name = "Component Type"; Value = "Capacitor"; VariantName = "[No Variations]"
Add component (AddParameter): Name = "ComponentLink1Description"; Value = "1_Datasheet"; VariantName = "[No Variations]"
Add component (AddParameter): Name = "ComponentLink1URL"; Value = ""; VariantName = "[No Variations]"
Add component (AddParameter): Name = "ComponentLink2Description"; Value = "2_Product page"; VariantName = "[No Variations]"
Add component (AddParameter): Name = "ComponentLink2URL"; Value = ""; VariantName = "[No Variations]"
Add component (AddParameter): Name = "ComponentLink3Description"; Value = "3_X-information"; VariantName = "[No Variations]"
Add component (AddParameter): Name = "ComponentLink3URL"; Value = ""; VariantName = "[No Variations]"
Add component (AddParameter): Name = "ComponentLink4Description"; Value = "4_X-information"; VariantName = "[No Variations]"
Add component (AddParameter): Name = "ComponentLink4URL"; Value = ""; VariantName = "[No Variations]"
Add component (AddParameter): Name = "ComponentLink5Description"; Value = ""; VariantName = "[No Variations]"
Add component (AddParameter): Name = "ComponentLink5URL"; Value = ""; VariantName = "[No Variations]"
Add component (AddParameter): Name = "Creation date"; Value = "20190101"; VariantName = "[No Variations]"
Add component (AddParameter): Name = "Dimensions WxLxH"; Value = ""; VariantName = "[No Variations]"
Add component (AddParameter): Name = "ECCN"; Value = ""; VariantName = "[No Variations]"
Add component (AddParameter): Name = "HasBeenBuilt"; Value = "False"; VariantName = "[No Variations]"
Add component (AddParameter): Name = "Manufacturer"; Value = "Kyocera"; VariantName = "[No Variations]"
Add component (AddParameter): Name = "Manufacturer Part Number"; Value = "KGM03CS61A105MH"; VariantName = "[No Variations]"
Add component (AddParameter): Name = "Operating temperature range"; Value = "-55C to +105C"; VariantName = "[No Variations]"
Add component (AddParameter): Name = "Package"; Value = "0201"; VariantName = "[No Variations]"
Add component (AddParameter): Name = "Part Number"; Value = "KGM03CS61A105MH"; VariantName = "[No Variations]"
Add component (AddParameter): Name = "Remark"; Value = ""; VariantName = "[No Variations]"
Add component (AddParameter): Name = "RoHS"; Value = ""; VariantName = "[No Variations]"
Add component (AddParameter): Name = "Sort order"; Value = "302"; VariantName = "[No Variations]"
Add component (AddParameter): Name = "Source"; Value = "RLC_UN1Q.SchLib"; VariantName = "[No Variations]"
Add component (AddParameter): Name = "System"; Value = "RLC"; VariantName = "[No Variations]"
Add component (AddParameter): Name = "Temperature characteristics"; Value = "X6S"; VariantName = "[No Variations]"
Add component (AddParameter): Name = "Tolerance"; Value = "+/-20%"; VariantName = "[No Variations]"
Add component (AddParameter): Name = "Value"; Value = "1uF"; VariantName = "[No Variations]"
Add component (AddParameter): Name = "Voltage"; Value = "10V"; VariantName = "[No Variations]"
Added Component: Designator=C?(CAP_0201_UN1Q)
Add component (AddParameter): Name = "Alternative component"; Value = "Allowed"; VariantName = "[No Variations]"
Add component (AddParameter): Name = "ClassName"; Value = "SMALL"; VariantName = "[No Variations]"
Add component (AddParameter): Name = "Component Type"; Value = "Capacitor"; VariantName = "[No Variations]"
Add component (AddParameter): Name = "ComponentLink1Description"; Value = "1_Datasheet"; VariantName = "[No Variations]"
Add component (AddParameter): Name = "ComponentLink1URL"; Value = ""; VariantName = "[No Variations]"
Add component (AddParameter): Name = "ComponentLink2Description"; Value = "2_Product page"; VariantName = "[No Variations]"
Add component (AddParameter): Name = "ComponentLink2URL"; Value = ""; VariantName = "[No Variations]"
Add component (AddParameter): Name = "ComponentLink3Description"; Value = "3_X-information"; VariantName = "[No Variations]"
Add component (AddParameter): Name = "ComponentLink3URL"; Value = ""; VariantName = "[No Variations]"
Add component (AddParameter): Name = "ComponentLink4Description"; Value = "4_X-information"; VariantName = "[No Variations]"
Add component (AddParameter): Name = "ComponentLink4URL"; Value = ""; VariantName = "[No Variations]"
Add component (AddParameter): Name = "ComponentLink5Description"; Value = ""; VariantName = "[No Variations]"
Add component (AddParameter): Name = "ComponentLink5URL"; Value = ""; VariantName = "[No Variations]"
Add component (AddParameter): Name = "Creation date"; Value = "20190101"; VariantName = "[No Variations]"
Add component (AddParameter): Name = "Dimensions WxLxH"; Value = ""; VariantName = "[No Variations]"
Add component (AddParameter): Name = "ECCN"; Value = ""; VariantName = "[No Variations]"
Add component (AddParameter): Name = "HasBeenBuilt"; Value = "False"; VariantName = "[No Variations]"
Add component (AddParameter): Name = "Manufacturer"; Value = "Kyocera"; VariantName = "[No Variations]"
Add component (AddParameter): Name = "Manufacturer Part Number"; Value = "KGM03CS61A105MH"; VariantName = "[No Variations]"
Add component (AddParameter): Name = "Operating temperature range"; Value = "-55C to +105C"; VariantName = "[No Variations]"
Add component (AddParameter): Name = "Package"; Value = "0201"; VariantName = "[No Variations]"
Add component (AddParameter): Name = "Part Number"; Value = "KGM03CS61A105MH"; VariantName = "[No Variations]"
Add component (AddParameter): Name = "Remark"; Value = ""; VariantName = "[No Variations]"
Add component (AddParameter): Name = "RoHS"; Value = ""; VariantName = "[No Variations]"
Add component (AddParameter): Name = "Sort order"; Value = "302"; VariantName = "[No Variations]"
Add component (AddParameter): Name = "Source"; Value = "RLC_UN1Q.SchLib"; VariantName = "[No Variations]"
Add component (AddParameter): Name = "System"; Value = "RLC"; VariantName = "[No Variations]"
Add component (AddParameter): Name = "Temperature characteristics"; Value = "X6S"; VariantName = "[No Variations]"
Add component (AddParameter): Name = "Tolerance"; Value = "+/-20%"; VariantName = "[No Variations]"
Add component (AddParameter): Name = "Value"; Value = "1uF"; VariantName = "[No Variations]"
Add component (AddParameter): Name = "Voltage"; Value = "10V"; VariantName = "[No Variations]"
Added Component: Designator=C?(CAP_0201_UN1Q)
Add component (AddParameter): Name = "Alternative component"; Value = "Allowed"; VariantName = "[No Variations]"
Add component (AddParameter): Name = "ClassName"; Value = "SMALL"; VariantName = "[No Variations]"
Add component (AddParameter): Name = "Component Type"; Value = "Capacitor"; VariantName = "[No Variations]"
Add component (AddParameter): Name = "ComponentLink1Description"; Value = "1_Datasheet"; VariantName = "[No Variations]"
Add component (AddParameter): Name = "ComponentLink1URL"; Value = ""; VariantName = "[No Variations]"
Add component (AddParameter): Name = "ComponentLink2Description"; Value = "2_Product page"; VariantName = "[No Variations]"
Add component (AddParameter): Name = "ComponentLink2URL"; Value = ""; VariantName = "[No Variations]"
Add component (AddParameter): Name = "ComponentLink3Description"; Value = "3_X-information"; VariantName = "[No Variations]"
Add component (AddParameter): Name = "ComponentLink3URL"; Value = ""; VariantName = "[No Variations]"
Add component (AddParameter): Name = "ComponentLink4Description"; Value = "4_X-information"; VariantName = "[No Variations]"
Add component (AddParameter): Name = "ComponentLink4URL"; Value = ""; VariantName = "[No Variations]"
Add component (AddParameter): Name = "ComponentLink5Description"; Value = ""; VariantName = "[No Variations]"
Add component (AddParameter): Name = "ComponentLink5URL"; Value = ""; VariantName = "[No Variations]"
Add component (AddParameter): Name = "Creation date"; Value = "20190101"; VariantName = "[No Variations]"
Add component (AddParameter): Name = "Dimensions WxLxH"; Value = ""; VariantName = "[No Variations]"
Add component (AddParameter): Name = "ECCN"; Value = ""; VariantName = "[No Variations]"
Add component (AddParameter): Name = "HasBeenBuilt"; Value = "False"; VariantName = "[No Variations]"
Add component (AddParameter): Name = "Manufacturer"; Value = "Kyocera"; VariantName = "[No Variations]"
Add component (AddParameter): Name = "Manufacturer Part Number"; Value = "KGM03CS61A105MH"; VariantName = "[No Variations]"
Add component (AddParameter): Name = "Operating temperature range"; Value = "-55C to +105C"; VariantName = "[No Variations]"
Add component (AddParameter): Name = "Package"; Value = "0201"; VariantName = "[No Variations]"
Add component (AddParameter): Name = "Part Number"; Value = "KGM03CS61A105MH"; VariantName = "[No Variations]"
Add component (AddParameter): Name = "Remark"; Value = ""; VariantName = "[No Variations]"
Add component (AddParameter): Name = "RoHS"; Value = ""; VariantName = "[No Variations]"
Add component (AddParameter): Name = "Sort order"; Value = "302"; VariantName = "[No Variations]"
Add component (AddParameter): Name = "Source"; Value = "RLC_UN1Q.SchLib"; VariantName = "[No Variations]"
Add component (AddParameter): Name = "System"; Value = "RLC"; VariantName = "[No Variations]"
Add component (AddParameter): Name = "Temperature characteristics"; Value = "X6S"; VariantName = "[No Variations]"
Add component (AddParameter): Name = "Tolerance"; Value = "+/-20%"; VariantName = "[No Variations]"
Add component (AddParameter): Name = "Value"; Value = "1uF"; VariantName = "[No Variations]"
Add component (AddParameter): Name = "Voltage"; Value = "10V"; VariantName = "[No Variations]"
Added Component: Designator=C?(CAP_0201_UN1Q)
Add component (AddParameter): Name = "Alternative component"; Value = "Allowed"; VariantName = "[No Variations]"
Add component (AddParameter): Name = "ClassName"; Value = "SMALL"; VariantName = "[No Variations]"
Add component (AddParameter): Name = "Component Type"; Value = "Capacitor"; VariantName = "[No Variations]"
Add component (AddParameter): Name = "ComponentLink1Description"; Value = "1_Datasheet"; VariantName = "[No Variations]"
Add component (AddParameter): Name = "ComponentLink1URL"; Value = ""; VariantName = "[No Variations]"
Add component (AddParameter): Name = "ComponentLink2Description"; Value = "2_Product page"; VariantName = "[No Variations]"
Add component (AddParameter): Name = "ComponentLink2URL"; Value = ""; VariantName = "[No Variations]"
Add component (AddParameter): Name = "ComponentLink3Description"; Value = "3_X-information"; VariantName = "[No Variations]"
Add component (AddParameter): Name = "ComponentLink3URL"; Value = ""; VariantName = "[No Variations]"
Add component (AddParameter): Name = "ComponentLink4Description"; Value = "4_X-information"; VariantName = "[No Variations]"
Add component (AddParameter): Name = "ComponentLink4URL"; Value = ""; VariantName = "[No Variations]"
Add component (AddParameter): Name = "ComponentLink5Description"; Value = ""; VariantName = "[No Variations]"
Add component (AddParameter): Name = "ComponentLink5URL"; Value = ""; VariantName = "[No Variations]"
Add component (AddParameter): Name = "Creation date"; Value = "20190101"; VariantName = "[No Variations]"
Add component (AddParameter): Name = "Dimensions WxLxH"; Value = ""; VariantName = "[No Variations]"
Add component (AddParameter): Name = "ECCN"; Value = ""; VariantName = "[No Variations]"
Add component (AddParameter): Name = "HasBeenBuilt"; Value = "False"; VariantName = "[No Variations]"
Add component (AddParameter): Name = "Manufacturer"; Value = "Kyocera"; VariantName = "[No Variations]"
Add component (AddParameter): Name = "Manufacturer Part Number"; Value = "KGM03CS61A105MH"; VariantName = "[No Variations]"
Add component (AddParameter): Name = "Operating temperature range"; Value = "-55C to +105C"; VariantName = "[No Variations]"
Add component (AddParameter): Name = "Package"; Value = "0201"; VariantName = "[No Variations]"
Add component (AddParameter): Name = "Part Number"; Value = "KGM03CS61A105MH"; VariantName = "[No Variations]"
Add component (AddParameter): Name = "Remark"; Value = ""; VariantName = "[No Variations]"
Add component (AddParameter): Name = "RoHS"; Value = ""; VariantName = "[No Variations]"
Add component (AddParameter): Name = "Sort order"; Value = "302"; VariantName = "[No Variations]"
Add component (AddParameter): Name = "Source"; Value = "RLC_UN1Q.SchLib"; VariantName = "[No Variations]"
Add component (AddParameter): Name = "System"; Value = "RLC"; VariantName = "[No Variations]"
Add component (AddParameter): Name = "Temperature characteristics"; Value = "X6S"; VariantName = "[No Variations]"
Add component (AddParameter): Name = "Tolerance"; Value = "+/-20%"; VariantName = "[No Variations]"
Add component (AddParameter): Name = "Value"; Value = "1uF"; VariantName = "[No Variations]"
Add component (AddParameter): Name = "Voltage"; Value = "10V"; VariantName = "[No Variations]"
Added Component: Designator=C?(CAP_0201_UN1Q)
Add component (AddParameter): Name = "Alternative component"; Value = "Allowed"; VariantName = "[No Variations]"
Add component (AddParameter): Name = "ClassName"; Value = "SMALL"; VariantName = "[No Variations]"
Add component (AddParameter): Name = "Component Type"; Value = "Capacitor"; VariantName = "[No Variations]"
Add component (AddParameter): Name = "ComponentLink1Description"; Value = "1_Datasheet"; VariantName = "[No Variations]"
Add component (AddParameter): Name = "ComponentLink1URL"; Value = ""; VariantName = "[No Variations]"
Add component (AddParameter): Name = "ComponentLink2Description"; Value = "2_Product page"; VariantName = "[No Variations]"
Add component (AddParameter): Name = "ComponentLink2URL"; Value = ""; VariantName = "[No Variations]"
Add component (AddParameter): Name = "ComponentLink3Description"; Value = "3_X-information"; VariantName = "[No Variations]"
Add component (AddParameter): Name = "ComponentLink3URL"; Value = ""; VariantName = "[No Variations]"
Add component (AddParameter): Name = "ComponentLink4Description"; Value = "4_X-information"; VariantName = "[No Variations]"
Add component (AddParameter): Name = "ComponentLink4URL"; Value = ""; VariantName = "[No Variations]"
Add component (AddParameter): Name = "ComponentLink5Description"; Value = ""; VariantName = "[No Variations]"
Add component (AddParameter): Name = "ComponentLink5URL"; Value = ""; VariantName = "[No Variations]"
Add component (AddParameter): Name = "Creation date"; Value = "20190101"; VariantName = "[No Variations]"
Add component (AddParameter): Name = "Dimensions WxLxH"; Value = ""; VariantName = "[No Variations]"
Add component (AddParameter): Name = "ECCN"; Value = ""; VariantName = "[No Variations]"
Add component (AddParameter): Name = "HasBeenBuilt"; Value = "False"; VariantName = "[No Variations]"
Add component (AddParameter): Name = "Manufacturer"; Value = "Kyocera"; VariantName = "[No Variations]"
Add component (AddParameter): Name = "Manufacturer Part Number"; Value = "KGM03CS61A105MH"; VariantName = "[No Variations]"
Add component (AddParameter): Name = "Operating temperature range"; Value = "-55C to +105C"; VariantName = "[No Variations]"
Add component (AddParameter): Name = "Package"; Value = "0201"; VariantName = "[No Variations]"
Add component (AddParameter): Name = "Part Number"; Value = "KGM03CS61A105MH"; VariantName = "[No Variations]"
Add component (AddParameter): Name = "Remark"; Value = ""; VariantName = "[No Variations]"
Add component (AddParameter): Name = "RoHS"; Value = ""; VariantName = "[No Variations]"
Add component (AddParameter): Name = "Sort order"; Value = "302"; VariantName = "[No Variations]"
Add component (AddParameter): Name = "Source"; Value = "RLC_UN1Q.SchLib"; VariantName = "[No Variations]"
Add component (AddParameter): Name = "System"; Value = "RLC"; VariantName = "[No Variations]"
Add component (AddParameter): Name = "Temperature characteristics"; Value = "X6S"; VariantName = "[No Variations]"
Add component (AddParameter): Name = "Tolerance"; Value = "+/-20%"; VariantName = "[No Variations]"
Add component (AddParameter): Name = "Value"; Value = "1uF"; VariantName = "[No Variations]"
Add component (AddParameter): Name = "Voltage"; Value = "10V"; VariantName = "[No Variations]"
Added Component: Designator=C?(CAP_0201_UN1Q)
Add component (AddParameter): Name = "Alternative component"; Value = "Allowed"; VariantName = "[No Variations]"
Add component (AddParameter): Name = "ClassName"; Value = "SMALL"; VariantName = "[No Variations]"
Add component (AddParameter): Name = "Component Type"; Value = "Capacitor"; VariantName = "[No Variations]"
Add component (AddParameter): Name = "ComponentLink1Description"; Value = "1_Datasheet"; VariantName = "[No Variations]"
Add component (AddParameter): Name = "ComponentLink1URL"; Value = ""; VariantName = "[No Variations]"
Add component (AddParameter): Name = "ComponentLink2Description"; Value = "2_Product page"; VariantName = "[No Variations]"
Add component (AddParameter): Name = "ComponentLink2URL"; Value = ""; VariantName = "[No Variations]"
Add component (AddParameter): Name = "ComponentLink3Description"; Value = "3_X-information"; VariantName = "[No Variations]"
Add component (AddParameter): Name = "ComponentLink3URL"; Value = ""; VariantName = "[No Variations]"
Add component (AddParameter): Name = "ComponentLink4Description"; Value = "4_X-information"; VariantName = "[No Variations]"
Add component (AddParameter): Name = "ComponentLink4URL"; Value = ""; VariantName = "[No Variations]"
Add component (AddParameter): Name = "ComponentLink5Description"; Value = ""; VariantName = "[No Variations]"
Add component (AddParameter): Name = "ComponentLink5URL"; Value = ""; VariantName = "[No Variations]"
Add component (AddParameter): Name = "Creation date"; Value = "20190101"; VariantName = "[No Variations]"
Add component (AddParameter): Name = "Dimensions WxLxH"; Value = ""; VariantName = "[No Variations]"
Add component (AddParameter): Name = "ECCN"; Value = ""; VariantName = "[No Variations]"
Add component (AddParameter): Name = "HasBeenBuilt"; Value = "False"; VariantName = "[No Variations]"
Add component (AddParameter): Name = "Manufacturer"; Value = "Kyocera"; VariantName = "[No Variations]"
Add component (AddParameter): Name = "Manufacturer Part Number"; Value = "KGM03CS61A105MH"; VariantName = "[No Variations]"
Add component (AddParameter): Name = "Operating temperature range"; Value = "-55C to +105C"; VariantName = "[No Variations]"
Add component (AddParameter): Name = "Package"; Value = "0201"; VariantName = "[No Variations]"
Add component (AddParameter): Name = "Part Number"; Value = "KGM03CS61A105MH"; VariantName = "[No Variations]"
Add component (AddParameter): Name = "Remark"; Value = ""; VariantName = "[No Variations]"
Add component (AddParameter): Name = "RoHS"; Value = ""; VariantName = "[No Variations]"
Add component (AddParameter): Name = "Sort order"; Value = "302"; VariantName = "[No Variations]"
Add component (AddParameter): Name = "Source"; Value = "RLC_UN1Q.SchLib"; VariantName = "[No Variations]"
Add component (AddParameter): Name = "System"; Value = "RLC"; VariantName = "[No Variations]"
Add component (AddParameter): Name = "Temperature characteristics"; Value = "X6S"; VariantName = "[No Variations]"
Add component (AddParameter): Name = "Tolerance"; Value = "+/-20%"; VariantName = "[No Variations]"
Add component (AddParameter): Name = "Value"; Value = "1uF"; VariantName = "[No Variations]"
Add component (AddParameter): Name = "Voltage"; Value = "10V"; VariantName = "[No Variations]"
Added Component: Designator=C?(CAP_0201_UN1Q)
Add component (AddParameter): Name = "Alternative component"; Value = "Allowed"; VariantName = "[No Variations]"
Add component (AddParameter): Name = "ClassName"; Value = "SMALL"; VariantName = "[No Variations]"
Add component (AddParameter): Name = "Component Type"; Value = "Capacitor"; VariantName = "[No Variations]"
Add component (AddParameter): Name = "ComponentLink1Description"; Value = "1_Datasheet"; VariantName = "[No Variations]"
Add component (AddParameter): Name = "ComponentLink1URL"; Value = ""; VariantName = "[No Variations]"
Add component (AddParameter): Name = "ComponentLink2Description"; Value = "2_Product page"; VariantName = "[No Variations]"
Add component (AddParameter): Name = "ComponentLink2URL"; Value = ""; VariantName = "[No Variations]"
Add component (AddParameter): Name = "ComponentLink3Description"; Value = "3_X-information"; VariantName = "[No Variations]"
Add component (AddParameter): Name = "ComponentLink3URL"; Value = ""; VariantName = "[No Variations]"
Add component (AddParameter): Name = "ComponentLink4Description"; Value = "4_X-information"; VariantName = "[No Variations]"
Add component (AddParameter): Name = "ComponentLink4URL"; Value = ""; VariantName = "[No Variations]"
Add component (AddParameter): Name = "ComponentLink5Description"; Value = ""; VariantName = "[No Variations]"
Add component (AddParameter): Name = "ComponentLink5URL"; Value = ""; VariantName = "[No Variations]"
Add component (AddParameter): Name = "Creation date"; Value = "20190101"; VariantName = "[No Variations]"
Add component (AddParameter): Name = "Dimensions WxLxH"; Value = ""; VariantName = "[No Variations]"
Add component (AddParameter): Name = "ECCN"; Value = ""; VariantName = "[No Variations]"
Add component (AddParameter): Name = "HasBeenBuilt"; Value = "False"; VariantName = "[No Variations]"
Add component (AddParameter): Name = "Manufacturer"; Value = "Kyocera"; VariantName = "[No Variations]"
Add component (AddParameter): Name = "Manufacturer Part Number"; Value = "KGM03CS61A105MH"; VariantName = "[No Variations]"
Add component (AddParameter): Name = "Operating temperature range"; Value = "-55C to +105C"; VariantName = "[No Variations]"
Add component (AddParameter): Name = "Package"; Value = "0201"; VariantName = "[No Variations]"
Add component (AddParameter): Name = "Part Number"; Value = "KGM03CS61A105MH"; VariantName = "[No Variations]"
Add component (AddParameter): Name = "Remark"; Value = ""; VariantName = "[No Variations]"
Add component (AddParameter): Name = "RoHS"; Value = ""; VariantName = "[No Variations]"
Add component (AddParameter): Name = "Sort order"; Value = "302"; VariantName = "[No Variations]"
Add component (AddParameter): Name = "Source"; Value = "RLC_UN1Q.SchLib"; VariantName = "[No Variations]"
Add component (AddParameter): Name = "System"; Value = "RLC"; VariantName = "[No Variations]"
Add component (AddParameter): Name = "Temperature characteristics"; Value = "X6S"; VariantName = "[No Variations]"
Add component (AddParameter): Name = "Tolerance"; Value = "+/-20%"; VariantName = "[No Variations]"
Add component (AddParameter): Name = "Value"; Value = "1uF"; VariantName = "[No Variations]"
Add component (AddParameter): Name = "Voltage"; Value = "10V"; VariantName = "[No Variations]"
Added Component: Designator=C?(CAP_0201_UN1Q)
Add component (AddParameter): Name = "Alternative component"; Value = "Allowed"; VariantName = "[No Variations]"
Add component (AddParameter): Name = "ClassName"; Value = "SMALL"; VariantName = "[No Variations]"
Add component (AddParameter): Name = "Component Type"; Value = "Capacitor"; VariantName = "[No Variations]"
Add component (AddParameter): Name = "ComponentLink1Description"; Value = "1_Datasheet"; VariantName = "[No Variations]"
Add component (AddParameter): Name = "ComponentLink1URL"; Value = ""; VariantName = "[No Variations]"
Add component (AddParameter): Name = "ComponentLink2Description"; Value = "2_Product page"; VariantName = "[No Variations]"
Add component (AddParameter): Name = "ComponentLink2URL"; Value = ""; VariantName = "[No Variations]"
Add component (AddParameter): Name = "ComponentLink3Description"; Value = "3_X-information"; VariantName = "[No Variations]"
Add component (AddParameter): Name = "ComponentLink3URL"; Value = ""; VariantName = "[No Variations]"
Add component (AddParameter): Name = "ComponentLink4Description"; Value = "4_X-information"; VariantName = "[No Variations]"
Add component (AddParameter): Name = "ComponentLink4URL"; Value = ""; VariantName = "[No Variations]"
Add component (AddParameter): Name = "ComponentLink5Description"; Value = ""; VariantName = "[No Variations]"
Add component (AddParameter): Name = "ComponentLink5URL"; Value = ""; VariantName = "[No Variations]"
Add component (AddParameter): Name = "Creation date"; Value = "20190101"; VariantName = "[No Variations]"
Add component (AddParameter): Name = "Dimensions WxLxH"; Value = ""; VariantName = "[No Variations]"
Add component (AddParameter): Name = "ECCN"; Value = ""; VariantName = "[No Variations]"
Add component (AddParameter): Name = "HasBeenBuilt"; Value = "False"; VariantName = "[No Variations]"
Add component (AddParameter): Name = "Manufacturer"; Value = "Kyocera"; VariantName = "[No Variations]"
Add component (AddParameter): Name = "Manufacturer Part Number"; Value = "KGM03CS61A105MH"; VariantName = "[No Variations]"
Add component (AddParameter): Name = "Operating temperature range"; Value = "-55C to +105C"; VariantName = "[No Variations]"
Add component (AddParameter): Name = "Package"; Value = "0201"; VariantName = "[No Variations]"
Add component (AddParameter): Name = "Part Number"; Value = "KGM03CS61A105MH"; VariantName = "[No Variations]"
Add component (AddParameter): Name = "Remark"; Value = ""; VariantName = "[No Variations]"
Add component (AddParameter): Name = "RoHS"; Value = ""; VariantName = "[No Variations]"
Add component (AddParameter): Name = "Sort order"; Value = "302"; VariantName = "[No Variations]"
Add component (AddParameter): Name = "Source"; Value = "RLC_UN1Q.SchLib"; VariantName = "[No Variations]"
Add component (AddParameter): Name = "System"; Value = "RLC"; VariantName = "[No Variations]"
Add component (AddParameter): Name = "Temperature characteristics"; Value = "X6S"; VariantName = "[No Variations]"
Add component (AddParameter): Name = "Tolerance"; Value = "+/-20%"; VariantName = "[No Variations]"
Add component (AddParameter): Name = "Value"; Value = "1uF"; VariantName = "[No Variations]"
Add component (AddParameter): Name = "Voltage"; Value = "10V"; VariantName = "[No Variations]"
Added Component: Designator=C?(CAP_0402_H09W07_UN1Q)
Add component (AddParameter): Name = "Alternative component"; Value = "Allowed"; VariantName = "[No Variations]"
Add component (AddParameter): Name = "ClassName"; Value = ""; VariantName = "[No Variations]"
Add component (AddParameter): Name = "Component Type"; Value = "Capacitor"; VariantName = "[No Variations]"
Add component (AddParameter): Name = "ComponentLink1Description"; Value = "1_Datasheet"; VariantName = "[No Variations]"
Add component (AddParameter): Name = "ComponentLink1URL"; Value = ""; VariantName = "[No Variations]"
Add component (AddParameter): Name = "ComponentLink2Description"; Value = "2_Product page"; VariantName = "[No Variations]"
Add component (AddParameter): Name = "ComponentLink2URL"; Value = ""; VariantName = "[No Variations]"
Add component (AddParameter): Name = "ComponentLink3Description"; Value = "3_X-information"; VariantName = "[No Variations]"
Add component (AddParameter): Name = "ComponentLink3URL"; Value = ""; VariantName = "[No Variations]"
Add component (AddParameter): Name = "ComponentLink4Description"; Value = "4_X-information"; VariantName = "[No Variations]"
Add component (AddParameter): Name = "ComponentLink4URL"; Value = ""; VariantName = "[No Variations]"
Add component (AddParameter): Name = "Creation date"; Value = "26042024"; VariantName = "[No Variations]"
Add component (AddParameter): Name = "Dimensions WxLxH"; Value = ""; VariantName = "[No Variations]"
Add component (AddParameter): Name = "ECCN"; Value = ""; VariantName = "[No Variations]"
Add component (AddParameter): Name = "HasBeenBuilt"; Value = "TBD"; VariantName = "[No Variations]"
Add component (AddParameter): Name = "Manufacturer"; Value = "Cal-Chip Electronics, Inc."; VariantName = "[No Variations]"
Add component (AddParameter): Name = "Manufacturer Part Number"; Value = "GMC04X6S106M6R3NT"; VariantName = "[No Variations]"
Add component (AddParameter): Name = "Operating temperature range"; Value = ""; VariantName = "[No Variations]"
Add component (AddParameter): Name = "Package"; Value = "0402"; VariantName = "[No Variations]"
Add component (AddParameter): Name = "Part Number"; Value = "GMC04X6S106M6R3NT"; VariantName = "[No Variations]"
Add component (AddParameter): Name = "Remark"; Value = ""; VariantName = "[No Variations]"
Add component (AddParameter): Name = "RoHS"; Value = ""; VariantName = "[No Variations]"
Add component (AddParameter): Name = "Sort order"; Value = "304"; VariantName = "[No Variations]"
Add component (AddParameter): Name = "Source"; Value = ""; VariantName = "[No Variations]"
Add component (AddParameter): Name = "System"; Value = "RLC"; VariantName = "[No Variations]"
Add component (AddParameter): Name = "Temperature characteristics"; Value = "X6S"; VariantName = "[No Variations]"
Add component (AddParameter): Name = "Tolerance"; Value = "+/-20%"; VariantName = "[No Variations]"
Add component (AddParameter): Name = "Value"; Value = "10uF"; VariantName = "[No Variations]"
Add component (AddParameter): Name = "Voltage"; Value = "6.3V"; VariantName = "[No Variations]"
Added Component: Designator=C?(CAP_0201_UN1Q)
Add component (AddParameter): Name = "Alternative component"; Value = "Allowed"; VariantName = "[No Variations]"
Add component (AddParameter): Name = "ClassName"; Value = "SMALL"; VariantName = "[No Variations]"
Add component (AddParameter): Name = "Component Type"; Value = "Capacitor"; VariantName = "[No Variations]"
Add component (AddParameter): Name = "ComponentLink1Description"; Value = "1_Datasheet"; VariantName = "[No Variations]"
Add component (AddParameter): Name = "ComponentLink1URL"; Value = ""; VariantName = "[No Variations]"
Add component (AddParameter): Name = "ComponentLink2Description"; Value = "2_Product page"; VariantName = "[No Variations]"
Add component (AddParameter): Name = "ComponentLink2URL"; Value = ""; VariantName = "[No Variations]"
Add component (AddParameter): Name = "ComponentLink3Description"; Value = "3_X-information"; VariantName = "[No Variations]"
Add component (AddParameter): Name = "ComponentLink3URL"; Value = ""; VariantName = "[No Variations]"
Add component (AddParameter): Name = "ComponentLink4Description"; Value = "4_X-information"; VariantName = "[No Variations]"
Add component (AddParameter): Name = "ComponentLink4URL"; Value = ""; VariantName = "[No Variations]"
Add component (AddParameter): Name = "ComponentLink5Description"; Value = ""; VariantName = "[No Variations]"
Add component (AddParameter): Name = "ComponentLink5URL"; Value = ""; VariantName = "[No Variations]"
Add component (AddParameter): Name = "Creation date"; Value = "20190101"; VariantName = "[No Variations]"
Add component (AddParameter): Name = "Dimensions WxLxH"; Value = ""; VariantName = "[No Variations]"
Add component (AddParameter): Name = "ECCN"; Value = ""; VariantName = "[No Variations]"
Add component (AddParameter): Name = "HasBeenBuilt"; Value = "False"; VariantName = "[No Variations]"
Add component (AddParameter): Name = "Manufacturer"; Value = "Kyocera"; VariantName = "[No Variations]"
Add component (AddParameter): Name = "Manufacturer Part Number"; Value = "KGM03CS61A105MH"; VariantName = "[No Variations]"
Add component (AddParameter): Name = "Operating temperature range"; Value = "-55C to +105C"; VariantName = "[No Variations]"
Add component (AddParameter): Name = "Package"; Value = "0201"; VariantName = "[No Variations]"
Add component (AddParameter): Name = "Part Number"; Value = "KGM03CS61A105MH"; VariantName = "[No Variations]"
Add component (AddParameter): Name = "Remark"; Value = ""; VariantName = "[No Variations]"
Add component (AddParameter): Name = "RoHS"; Value = ""; VariantName = "[No Variations]"
Add component (AddParameter): Name = "Sort order"; Value = "302"; VariantName = "[No Variations]"
Add component (AddParameter): Name = "Source"; Value = "RLC_UN1Q.SchLib"; VariantName = "[No Variations]"
Add component (AddParameter): Name = "System"; Value = "RLC"; VariantName = "[No Variations]"
Add component (AddParameter): Name = "Temperature characteristics"; Value = "X6S"; VariantName = "[No Variations]"
Add component (AddParameter): Name = "Tolerance"; Value = "+/-20%"; VariantName = "[No Variations]"
Add component (AddParameter): Name = "Value"; Value = "1uF"; VariantName = "[No Variations]"
Add component (AddParameter): Name = "Voltage"; Value = "10V"; VariantName = "[No Variations]"
Added Component: Designator=C?(CAP_0201_UN1Q)
Add component (AddParameter): Name = "Alternative component"; Value = "Allowed"; VariantName = "[No Variations]"
Add component (AddParameter): Name = "ClassName"; Value = "SMALL"; VariantName = "[No Variations]"
Add component (AddParameter): Name = "Component Type"; Value = "Capacitor"; VariantName = "[No Variations]"
Add component (AddParameter): Name = "ComponentLink1Description"; Value = "1_Datasheet"; VariantName = "[No Variations]"
Add component (AddParameter): Name = "ComponentLink1URL"; Value = ""; VariantName = "[No Variations]"
Add component (AddParameter): Name = "ComponentLink2Description"; Value = "2_Product page"; VariantName = "[No Variations]"
Add component (AddParameter): Name = "ComponentLink2URL"; Value = ""; VariantName = "[No Variations]"
Add component (AddParameter): Name = "ComponentLink3Description"; Value = "3_X-information"; VariantName = "[No Variations]"
Add component (AddParameter): Name = "ComponentLink3URL"; Value = ""; VariantName = "[No Variations]"
Add component (AddParameter): Name = "ComponentLink4Description"; Value = "4_X-information"; VariantName = "[No Variations]"
Add component (AddParameter): Name = "ComponentLink4URL"; Value = ""; VariantName = "[No Variations]"
Add component (AddParameter): Name = "ComponentLink5Description"; Value = ""; VariantName = "[No Variations]"
Add component (AddParameter): Name = "ComponentLink5URL"; Value = ""; VariantName = "[No Variations]"
Add component (AddParameter): Name = "Creation date"; Value = "20190101"; VariantName = "[No Variations]"
Add component (AddParameter): Name = "Dimensions WxLxH"; Value = ""; VariantName = "[No Variations]"
Add component (AddParameter): Name = "ECCN"; Value = ""; VariantName = "[No Variations]"
Add component (AddParameter): Name = "HasBeenBuilt"; Value = "False"; VariantName = "[No Variations]"
Add component (AddParameter): Name = "Manufacturer"; Value = "Kyocera"; VariantName = "[No Variations]"
Add component (AddParameter): Name = "Manufacturer Part Number"; Value = "KGM03CS61A105MH"; VariantName = "[No Variations]"
Add component (AddParameter): Name = "Operating temperature range"; Value = "-55C to +105C"; VariantName = "[No Variations]"
Add component (AddParameter): Name = "Package"; Value = "0201"; VariantName = "[No Variations]"
Add component (AddParameter): Name = "Part Number"; Value = "KGM03CS61A105MH"; VariantName = "[No Variations]"
Add component (AddParameter): Name = "Remark"; Value = ""; VariantName = "[No Variations]"
Add component (AddParameter): Name = "RoHS"; Value = ""; VariantName = "[No Variations]"
Add component (AddParameter): Name = "Sort order"; Value = "302"; VariantName = "[No Variations]"
Add component (AddParameter): Name = "Source"; Value = "RLC_UN1Q.SchLib"; VariantName = "[No Variations]"
Add component (AddParameter): Name = "System"; Value = "RLC"; VariantName = "[No Variations]"
Add component (AddParameter): Name = "Temperature characteristics"; Value = "X6S"; VariantName = "[No Variations]"
Add component (AddParameter): Name = "Tolerance"; Value = "+/-20%"; VariantName = "[No Variations]"
Add component (AddParameter): Name = "Value"; Value = "1uF"; VariantName = "[No Variations]"
Add component (AddParameter): Name = "Voltage"; Value = "10V"; VariantName = "[No Variations]"
Added Component: Designator=C?(CAP_0402_H09W07_UN1Q)
Add component (AddParameter): Name = "Alternative component"; Value = "Allowed"; VariantName = "[No Variations]"
Add component (AddParameter): Name = "ClassName"; Value = ""; VariantName = "[No Variations]"
Add component (AddParameter): Name = "Component Type"; Value = "Capacitor"; VariantName = "[No Variations]"
Add component (AddParameter): Name = "ComponentLink1Description"; Value = "1_Datasheet"; VariantName = "[No Variations]"
Add component (AddParameter): Name = "ComponentLink1URL"; Value = ""; VariantName = "[No Variations]"
Add component (AddParameter): Name = "ComponentLink2Description"; Value = "2_Product page"; VariantName = "[No Variations]"
Add component (AddParameter): Name = "ComponentLink2URL"; Value = ""; VariantName = "[No Variations]"
Add component (AddParameter): Name = "ComponentLink3Description"; Value = "3_X-information"; VariantName = "[No Variations]"
Add component (AddParameter): Name = "ComponentLink3URL"; Value = ""; VariantName = "[No Variations]"
Add component (AddParameter): Name = "ComponentLink4Description"; Value = "4_X-information"; VariantName = "[No Variations]"
Add component (AddParameter): Name = "ComponentLink4URL"; Value = ""; VariantName = "[No Variations]"
Add component (AddParameter): Name = "Creation date"; Value = "26042024"; VariantName = "[No Variations]"
Add component (AddParameter): Name = "Dimensions WxLxH"; Value = ""; VariantName = "[No Variations]"
Add component (AddParameter): Name = "ECCN"; Value = ""; VariantName = "[No Variations]"
Add component (AddParameter): Name = "HasBeenBuilt"; Value = "TBD"; VariantName = "[No Variations]"
Add component (AddParameter): Name = "Manufacturer"; Value = "Cal-Chip Electronics, Inc."; VariantName = "[No Variations]"
Add component (AddParameter): Name = "Manufacturer Part Number"; Value = "GMC04X6S106M6R3NT"; VariantName = "[No Variations]"
Add component (AddParameter): Name = "Operating temperature range"; Value = ""; VariantName = "[No Variations]"
Add component (AddParameter): Name = "Package"; Value = "0402"; VariantName = "[No Variations]"
Add component (AddParameter): Name = "Part Number"; Value = "GMC04X6S106M6R3NT"; VariantName = "[No Variations]"
Add component (AddParameter): Name = "Remark"; Value = ""; VariantName = "[No Variations]"
Add component (AddParameter): Name = "RoHS"; Value = ""; VariantName = "[No Variations]"
Add component (AddParameter): Name = "Sort order"; Value = "304"; VariantName = "[No Variations]"
Add component (AddParameter): Name = "Source"; Value = ""; VariantName = "[No Variations]"
Add component (AddParameter): Name = "System"; Value = "RLC"; VariantName = "[No Variations]"
Add component (AddParameter): Name = "Temperature characteristics"; Value = "X6S"; VariantName = "[No Variations]"
Add component (AddParameter): Name = "Tolerance"; Value = "+/-20%"; VariantName = "[No Variations]"
Add component (AddParameter): Name = "Value"; Value = "10uF"; VariantName = "[No Variations]"
Add component (AddParameter): Name = "Voltage"; Value = "6.3V"; VariantName = "[No Variations]"
Added Component: Designator=C?(CAP_0201_UN1Q)
Add component (AddParameter): Name = "Alternative component"; Value = "Allowed"; VariantName = "[No Variations]"
Add component (AddParameter): Name = "ClassName"; Value = "SMALL"; VariantName = "[No Variations]"
Add component (AddParameter): Name = "Component Type"; Value = "Capacitor"; VariantName = "[No Variations]"
Add component (AddParameter): Name = "ComponentLink1Description"; Value = "1_Datasheet"; VariantName = "[No Variations]"
Add component (AddParameter): Name = "ComponentLink1URL"; Value = ""; VariantName = "[No Variations]"
Add component (AddParameter): Name = "ComponentLink2Description"; Value = "2_Product page"; VariantName = "[No Variations]"
Add component (AddParameter): Name = "ComponentLink2URL"; Value = ""; VariantName = "[No Variations]"
Add component (AddParameter): Name = "ComponentLink3Description"; Value = "3_X-information"; VariantName = "[No Variations]"
Add component (AddParameter): Name = "ComponentLink3URL"; Value = ""; VariantName = "[No Variations]"
Add component (AddParameter): Name = "ComponentLink4Description"; Value = "4_X-information"; VariantName = "[No Variations]"
Add component (AddParameter): Name = "ComponentLink4URL"; Value = ""; VariantName = "[No Variations]"
Add component (AddParameter): Name = "ComponentLink5Description"; Value = ""; VariantName = "[No Variations]"
Add component (AddParameter): Name = "ComponentLink5URL"; Value = ""; VariantName = "[No Variations]"
Add component (AddParameter): Name = "Creation date"; Value = "20190101"; VariantName = "[No Variations]"
Add component (AddParameter): Name = "Dimensions WxLxH"; Value = ""; VariantName = "[No Variations]"
Add component (AddParameter): Name = "ECCN"; Value = ""; VariantName = "[No Variations]"
Add component (AddParameter): Name = "HasBeenBuilt"; Value = "False"; VariantName = "[No Variations]"
Add component (AddParameter): Name = "Manufacturer"; Value = "Kyocera"; VariantName = "[No Variations]"
Add component (AddParameter): Name = "Manufacturer Part Number"; Value = "KGM03CS61A105MH"; VariantName = "[No Variations]"
Add component (AddParameter): Name = "Operating temperature range"; Value = "-55C to +105C"; VariantName = "[No Variations]"
Add component (AddParameter): Name = "Package"; Value = "0201"; VariantName = "[No Variations]"
Add component (AddParameter): Name = "Part Number"; Value = "KGM03CS61A105MH"; VariantName = "[No Variations]"
Add component (AddParameter): Name = "Remark"; Value = ""; VariantName = "[No Variations]"
Add component (AddParameter): Name = "RoHS"; Value = ""; VariantName = "[No Variations]"
Add component (AddParameter): Name = "Sort order"; Value = "302"; VariantName = "[No Variations]"
Add component (AddParameter): Name = "Source"; Value = "RLC_UN1Q.SchLib"; VariantName = "[No Variations]"
Add component (AddParameter): Name = "System"; Value = "RLC"; VariantName = "[No Variations]"
Add component (AddParameter): Name = "Temperature characteristics"; Value = "X6S"; VariantName = "[No Variations]"
Add component (AddParameter): Name = "Tolerance"; Value = "+/-20%"; VariantName = "[No Variations]"
Add component (AddParameter): Name = "Value"; Value = "1uF"; VariantName = "[No Variations]"
Add component (AddParameter): Name = "Voltage"; Value = "10V"; VariantName = "[No Variations]"
Added Component: Designator=C?(CAP_0402_H09W07_UN1Q)
Add component (AddParameter): Name = "Alternative component"; Value = "Allowed"; VariantName = "[No Variations]"
Add component (AddParameter): Name = "ClassName"; Value = ""; VariantName = "[No Variations]"
Add component (AddParameter): Name = "Component Type"; Value = "Capacitor"; VariantName = "[No Variations]"
Add component (AddParameter): Name = "ComponentLink1Description"; Value = "1_Datasheet"; VariantName = "[No Variations]"
Add component (AddParameter): Name = "ComponentLink1URL"; Value = ""; VariantName = "[No Variations]"
Add component (AddParameter): Name = "ComponentLink2Description"; Value = "2_Product page"; VariantName = "[No Variations]"
Add component (AddParameter): Name = "ComponentLink2URL"; Value = ""; VariantName = "[No Variations]"
Add component (AddParameter): Name = "ComponentLink3Description"; Value = "3_X-information"; VariantName = "[No Variations]"
Add component (AddParameter): Name = "ComponentLink3URL"; Value = ""; VariantName = "[No Variations]"
Add component (AddParameter): Name = "ComponentLink4Description"; Value = "4_X-information"; VariantName = "[No Variations]"
Add component (AddParameter): Name = "ComponentLink4URL"; Value = ""; VariantName = "[No Variations]"
Add component (AddParameter): Name = "Creation date"; Value = "26042024"; VariantName = "[No Variations]"
Add component (AddParameter): Name = "Dimensions WxLxH"; Value = ""; VariantName = "[No Variations]"
Add component (AddParameter): Name = "ECCN"; Value = ""; VariantName = "[No Variations]"
Add component (AddParameter): Name = "HasBeenBuilt"; Value = "TBD"; VariantName = "[No Variations]"
Add component (AddParameter): Name = "Manufacturer"; Value = "Cal-Chip Electronics, Inc."; VariantName = "[No Variations]"
Add component (AddParameter): Name = "Manufacturer Part Number"; Value = "GMC04X6S106M6R3NT"; VariantName = "[No Variations]"
Add component (AddParameter): Name = "Operating temperature range"; Value = ""; VariantName = "[No Variations]"
Add component (AddParameter): Name = "Package"; Value = "0402"; VariantName = "[No Variations]"
Add component (AddParameter): Name = "Part Number"; Value = "GMC04X6S106M6R3NT"; VariantName = "[No Variations]"
Add component (AddParameter): Name = "Remark"; Value = ""; VariantName = "[No Variations]"
Add component (AddParameter): Name = "RoHS"; Value = ""; VariantName = "[No Variations]"
Add component (AddParameter): Name = "Sort order"; Value = "304"; VariantName = "[No Variations]"
Add component (AddParameter): Name = "Source"; Value = ""; VariantName = "[No Variations]"
Add component (AddParameter): Name = "System"; Value = "RLC"; VariantName = "[No Variations]"
Add component (AddParameter): Name = "Temperature characteristics"; Value = "X6S"; VariantName = "[No Variations]"
Add component (AddParameter): Name = "Tolerance"; Value = "+/-20%"; VariantName = "[No Variations]"
Add component (AddParameter): Name = "Value"; Value = "10uF"; VariantName = "[No Variations]"
Add component (AddParameter): Name = "Voltage"; Value = "6.3V"; VariantName = "[No Variations]"
Added Component: Designator=C?(CAP_0201_UN1Q)
Add component (AddParameter): Name = "Alternative component"; Value = "Allowed"; VariantName = "[No Variations]"
Add component (AddParameter): Name = "ClassName"; Value = "SMALL"; VariantName = "[No Variations]"
Add component (AddParameter): Name = "Component Type"; Value = "Capacitor"; VariantName = "[No Variations]"
Add component (AddParameter): Name = "ComponentLink1Description"; Value = "1_Datasheet"; VariantName = "[No Variations]"
Add component (AddParameter): Name = "ComponentLink1URL"; Value = ""; VariantName = "[No Variations]"
Add component (AddParameter): Name = "ComponentLink2Description"; Value = "2_Product page"; VariantName = "[No Variations]"
Add component (AddParameter): Name = "ComponentLink2URL"; Value = ""; VariantName = "[No Variations]"
Add component (AddParameter): Name = "ComponentLink3Description"; Value = "3_X-information"; VariantName = "[No Variations]"
Add component (AddParameter): Name = "ComponentLink3URL"; Value = ""; VariantName = "[No Variations]"
Add component (AddParameter): Name = "ComponentLink4Description"; Value = "4_X-information"; VariantName = "[No Variations]"
Add component (AddParameter): Name = "ComponentLink4URL"; Value = ""; VariantName = "[No Variations]"
Add component (AddParameter): Name = "ComponentLink5Description"; Value = ""; VariantName = "[No Variations]"
Add component (AddParameter): Name = "ComponentLink5URL"; Value = ""; VariantName = "[No Variations]"
Add component (AddParameter): Name = "Creation date"; Value = "20190101"; VariantName = "[No Variations]"
Add component (AddParameter): Name = "Dimensions WxLxH"; Value = ""; VariantName = "[No Variations]"
Add component (AddParameter): Name = "ECCN"; Value = ""; VariantName = "[No Variations]"
Add component (AddParameter): Name = "HasBeenBuilt"; Value = "False"; VariantName = "[No Variations]"
Add component (AddParameter): Name = "Manufacturer"; Value = "Kyocera"; VariantName = "[No Variations]"
Add component (AddParameter): Name = "Manufacturer Part Number"; Value = "KGM03CS61A105MH"; VariantName = "[No Variations]"
Add component (AddParameter): Name = "Operating temperature range"; Value = "-55C to +105C"; VariantName = "[No Variations]"
Add component (AddParameter): Name = "Package"; Value = "0201"; VariantName = "[No Variations]"
Add component (AddParameter): Name = "Part Number"; Value = "KGM03CS61A105MH"; VariantName = "[No Variations]"
Add component (AddParameter): Name = "Remark"; Value = ""; VariantName = "[No Variations]"
Add component (AddParameter): Name = "RoHS"; Value = ""; VariantName = "[No Variations]"
Add component (AddParameter): Name = "Sort order"; Value = "302"; VariantName = "[No Variations]"
Add component (AddParameter): Name = "Source"; Value = "RLC_UN1Q.SchLib"; VariantName = "[No Variations]"
Add component (AddParameter): Name = "System"; Value = "RLC"; VariantName = "[No Variations]"
Add component (AddParameter): Name = "Temperature characteristics"; Value = "X6S"; VariantName = "[No Variations]"
Add component (AddParameter): Name = "Tolerance"; Value = "+/-20%"; VariantName = "[No Variations]"
Add component (AddParameter): Name = "Value"; Value = "1uF"; VariantName = "[No Variations]"
Add component (AddParameter): Name = "Voltage"; Value = "10V"; VariantName = "[No Variations]"
Added Component: Designator=C?(CAP_0201_UN1Q)
Add component (AddParameter): Name = "Alternative component"; Value = "Allowed"; VariantName = "[No Variations]"
Add component (AddParameter): Name = "ClassName"; Value = "SMALL"; VariantName = "[No Variations]"
Add component (AddParameter): Name = "Component Type"; Value = "Capacitor"; VariantName = "[No Variations]"
Add component (AddParameter): Name = "ComponentLink1Description"; Value = "1_Datasheet"; VariantName = "[No Variations]"
Add component (AddParameter): Name = "ComponentLink1URL"; Value = ""; VariantName = "[No Variations]"
Add component (AddParameter): Name = "ComponentLink2Description"; Value = "2_Product page"; VariantName = "[No Variations]"
Add component (AddParameter): Name = "ComponentLink2URL"; Value = ""; VariantName = "[No Variations]"
Add component (AddParameter): Name = "ComponentLink3Description"; Value = "3_X-information"; VariantName = "[No Variations]"
Add component (AddParameter): Name = "ComponentLink3URL"; Value = ""; VariantName = "[No Variations]"
Add component (AddParameter): Name = "ComponentLink4Description"; Value = "4_X-information"; VariantName = "[No Variations]"
Add component (AddParameter): Name = "ComponentLink4URL"; Value = ""; VariantName = "[No Variations]"
Add component (AddParameter): Name = "ComponentLink5Description"; Value = ""; VariantName = "[No Variations]"
Add component (AddParameter): Name = "ComponentLink5URL"; Value = ""; VariantName = "[No Variations]"
Add component (AddParameter): Name = "Creation date"; Value = "20190101"; VariantName = "[No Variations]"
Add component (AddParameter): Name = "Dimensions WxLxH"; Value = ""; VariantName = "[No Variations]"
Add component (AddParameter): Name = "ECCN"; Value = ""; VariantName = "[No Variations]"
Add component (AddParameter): Name = "HasBeenBuilt"; Value = "False"; VariantName = "[No Variations]"
Add component (AddParameter): Name = "Manufacturer"; Value = "Kyocera"; VariantName = "[No Variations]"
Add component (AddParameter): Name = "Manufacturer Part Number"; Value = "KGM03CS61A105MH"; VariantName = "[No Variations]"
Add component (AddParameter): Name = "Operating temperature range"; Value = "-55C to +105C"; VariantName = "[No Variations]"
Add component (AddParameter): Name = "Package"; Value = "0201"; VariantName = "[No Variations]"
Add component (AddParameter): Name = "Part Number"; Value = "KGM03CS61A105MH"; VariantName = "[No Variations]"
Add component (AddParameter): Name = "Remark"; Value = ""; VariantName = "[No Variations]"
Add component (AddParameter): Name = "RoHS"; Value = ""; VariantName = "[No Variations]"
Add component (AddParameter): Name = "Sort order"; Value = "302"; VariantName = "[No Variations]"
Add component (AddParameter): Name = "Source"; Value = "RLC_UN1Q.SchLib"; VariantName = "[No Variations]"
Add component (AddParameter): Name = "System"; Value = "RLC"; VariantName = "[No Variations]"
Add component (AddParameter): Name = "Temperature characteristics"; Value = "X6S"; VariantName = "[No Variations]"
Add component (AddParameter): Name = "Tolerance"; Value = "+/-20%"; VariantName = "[No Variations]"
Add component (AddParameter): Name = "Value"; Value = "1uF"; VariantName = "[No Variations]"
Add component (AddParameter): Name = "Voltage"; Value = "10V"; VariantName = "[No Variations]"
Added Component: Designator=C?(CAP_0201_UN1Q)
Add component (AddParameter): Name = "Alternative component"; Value = "Allowed"; VariantName = "[No Variations]"
Add component (AddParameter): Name = "ClassName"; Value = "SMALL"; VariantName = "[No Variations]"
Add component (AddParameter): Name = "Component Type"; Value = "Capacitor"; VariantName = "[No Variations]"
Add component (AddParameter): Name = "ComponentLink1Description"; Value = "1_Datasheet"; VariantName = "[No Variations]"
Add component (AddParameter): Name = "ComponentLink1URL"; Value = ""; VariantName = "[No Variations]"
Add component (AddParameter): Name = "ComponentLink2Description"; Value = "2_Product page"; VariantName = "[No Variations]"
Add component (AddParameter): Name = "ComponentLink2URL"; Value = ""; VariantName = "[No Variations]"
Add component (AddParameter): Name = "ComponentLink3Description"; Value = "3_X-information"; VariantName = "[No Variations]"
Add component (AddParameter): Name = "ComponentLink3URL"; Value = ""; VariantName = "[No Variations]"
Add component (AddParameter): Name = "ComponentLink4Description"; Value = "4_X-information"; VariantName = "[No Variations]"
Add component (AddParameter): Name = "ComponentLink4URL"; Value = ""; VariantName = "[No Variations]"
Add component (AddParameter): Name = "ComponentLink5Description"; Value = ""; VariantName = "[No Variations]"
Add component (AddParameter): Name = "ComponentLink5URL"; Value = ""; VariantName = "[No Variations]"
Add component (AddParameter): Name = "Creation date"; Value = "20190101"; VariantName = "[No Variations]"
Add component (AddParameter): Name = "Dimensions WxLxH"; Value = ""; VariantName = "[No Variations]"
Add component (AddParameter): Name = "ECCN"; Value = ""; VariantName = "[No Variations]"
Add component (AddParameter): Name = "HasBeenBuilt"; Value = "False"; VariantName = "[No Variations]"
Add component (AddParameter): Name = "Manufacturer"; Value = "Kyocera"; VariantName = "[No Variations]"
Add component (AddParameter): Name = "Manufacturer Part Number"; Value = "KGM03CS61A105MH"; VariantName = "[No Variations]"
Add component (AddParameter): Name = "Operating temperature range"; Value = "-55C to +105C"; VariantName = "[No Variations]"
Add component (AddParameter): Name = "Package"; Value = "0201"; VariantName = "[No Variations]"
Add component (AddParameter): Name = "Part Number"; Value = "KGM03CS61A105MH"; VariantName = "[No Variations]"
Add component (AddParameter): Name = "Remark"; Value = ""; VariantName = "[No Variations]"
Add component (AddParameter): Name = "RoHS"; Value = ""; VariantName = "[No Variations]"
Add component (AddParameter): Name = "Sort order"; Value = "302"; VariantName = "[No Variations]"
Add component (AddParameter): Name = "Source"; Value = "RLC_UN1Q.SchLib"; VariantName = "[No Variations]"
Add component (AddParameter): Name = "System"; Value = "RLC"; VariantName = "[No Variations]"
Add component (AddParameter): Name = "Temperature characteristics"; Value = "X6S"; VariantName = "[No Variations]"
Add component (AddParameter): Name = "Tolerance"; Value = "+/-20%"; VariantName = "[No Variations]"
Add component (AddParameter): Name = "Value"; Value = "1uF"; VariantName = "[No Variations]"
Add component (AddParameter): Name = "Voltage"; Value = "10V"; VariantName = "[No Variations]"
Added Component: Designator=C?(CAP_0201_UN1Q)
Add component (AddParameter): Name = "Alternative component"; Value = "Allowed"; VariantName = "[No Variations]"
Add component (AddParameter): Name = "ClassName"; Value = "SMALL"; VariantName = "[No Variations]"
Add component (AddParameter): Name = "Component Type"; Value = "Capacitor"; VariantName = "[No Variations]"
Add component (AddParameter): Name = "ComponentLink1Description"; Value = "1_Datasheet"; VariantName = "[No Variations]"
Add component (AddParameter): Name = "ComponentLink1URL"; Value = ""; VariantName = "[No Variations]"
Add component (AddParameter): Name = "ComponentLink2Description"; Value = "2_Product page"; VariantName = "[No Variations]"
Add component (AddParameter): Name = "ComponentLink2URL"; Value = ""; VariantName = "[No Variations]"
Add component (AddParameter): Name = "ComponentLink3Description"; Value = "3_X-information"; VariantName = "[No Variations]"
Add component (AddParameter): Name = "ComponentLink3URL"; Value = ""; VariantName = "[No Variations]"
Add component (AddParameter): Name = "ComponentLink4Description"; Value = "4_X-information"; VariantName = "[No Variations]"
Add component (AddParameter): Name = "ComponentLink4URL"; Value = ""; VariantName = "[No Variations]"
Add component (AddParameter): Name = "ComponentLink5Description"; Value = ""; VariantName = "[No Variations]"
Add component (AddParameter): Name = "ComponentLink5URL"; Value = ""; VariantName = "[No Variations]"
Add component (AddParameter): Name = "Creation date"; Value = "20190101"; VariantName = "[No Variations]"
Add component (AddParameter): Name = "Dimensions WxLxH"; Value = ""; VariantName = "[No Variations]"
Add component (AddParameter): Name = "ECCN"; Value = ""; VariantName = "[No Variations]"
Add component (AddParameter): Name = "HasBeenBuilt"; Value = "False"; VariantName = "[No Variations]"
Add component (AddParameter): Name = "Manufacturer"; Value = "Kyocera"; VariantName = "[No Variations]"
Add component (AddParameter): Name = "Manufacturer Part Number"; Value = "KGM03CS61A105MH"; VariantName = "[No Variations]"
Add component (AddParameter): Name = "Operating temperature range"; Value = "-55C to +105C"; VariantName = "[No Variations]"
Add component (AddParameter): Name = "Package"; Value = "0201"; VariantName = "[No Variations]"
Add component (AddParameter): Name = "Part Number"; Value = "KGM03CS61A105MH"; VariantName = "[No Variations]"
Add component (AddParameter): Name = "Remark"; Value = ""; VariantName = "[No Variations]"
Add component (AddParameter): Name = "RoHS"; Value = ""; VariantName = "[No Variations]"
Add component (AddParameter): Name = "Sort order"; Value = "302"; VariantName = "[No Variations]"
Add component (AddParameter): Name = "Source"; Value = "RLC_UN1Q.SchLib"; VariantName = "[No Variations]"
Add component (AddParameter): Name = "System"; Value = "RLC"; VariantName = "[No Variations]"
Add component (AddParameter): Name = "Temperature characteristics"; Value = "X6S"; VariantName = "[No Variations]"
Add component (AddParameter): Name = "Tolerance"; Value = "+/-20%"; VariantName = "[No Variations]"
Add component (AddParameter): Name = "Value"; Value = "1uF"; VariantName = "[No Variations]"
Add component (AddParameter): Name = "Voltage"; Value = "10V"; VariantName = "[No Variations]"
Added Component: Designator=C?(CAP_0201_UN1Q)
Add component (AddParameter): Name = "Alternative component"; Value = "Allowed"; VariantName = "[No Variations]"
Add component (AddParameter): Name = "ClassName"; Value = "SMALL"; VariantName = "[No Variations]"
Add component (AddParameter): Name = "Component Type"; Value = "Capacitor"; VariantName = "[No Variations]"
Add component (AddParameter): Name = "ComponentLink1Description"; Value = "1_Datasheet"; VariantName = "[No Variations]"
Add component (AddParameter): Name = "ComponentLink1URL"; Value = ""; VariantName = "[No Variations]"
Add component (AddParameter): Name = "ComponentLink2Description"; Value = "2_Product page"; VariantName = "[No Variations]"
Add component (AddParameter): Name = "ComponentLink2URL"; Value = ""; VariantName = "[No Variations]"
Add component (AddParameter): Name = "ComponentLink3Description"; Value = "3_X-information"; VariantName = "[No Variations]"
Add component (AddParameter): Name = "ComponentLink3URL"; Value = ""; VariantName = "[No Variations]"
Add component (AddParameter): Name = "ComponentLink4Description"; Value = "4_X-information"; VariantName = "[No Variations]"
Add component (AddParameter): Name = "ComponentLink4URL"; Value = ""; VariantName = "[No Variations]"
Add component (AddParameter): Name = "ComponentLink5Description"; Value = ""; VariantName = "[No Variations]"
Add component (AddParameter): Name = "ComponentLink5URL"; Value = ""; VariantName = "[No Variations]"
Add component (AddParameter): Name = "Creation date"; Value = "20190101"; VariantName = "[No Variations]"
Add component (AddParameter): Name = "Dimensions WxLxH"; Value = ""; VariantName = "[No Variations]"
Add component (AddParameter): Name = "ECCN"; Value = ""; VariantName = "[No Variations]"
Add component (AddParameter): Name = "HasBeenBuilt"; Value = "False"; VariantName = "[No Variations]"
Add component (AddParameter): Name = "Manufacturer"; Value = "Kyocera"; VariantName = "[No Variations]"
Add component (AddParameter): Name = "Manufacturer Part Number"; Value = "KGM03CS61A105MH"; VariantName = "[No Variations]"
Add component (AddParameter): Name = "Operating temperature range"; Value = "-55C to +105C"; VariantName = "[No Variations]"
Add component (AddParameter): Name = "Package"; Value = "0201"; VariantName = "[No Variations]"
Add component (AddParameter): Name = "Part Number"; Value = "KGM03CS61A105MH"; VariantName = "[No Variations]"
Add component (AddParameter): Name = "Remark"; Value = ""; VariantName = "[No Variations]"
Add component (AddParameter): Name = "RoHS"; Value = ""; VariantName = "[No Variations]"
Add component (AddParameter): Name = "Sort order"; Value = "302"; VariantName = "[No Variations]"
Add component (AddParameter): Name = "Source"; Value = "RLC_UN1Q.SchLib"; VariantName = "[No Variations]"
Add component (AddParameter): Name = "System"; Value = "RLC"; VariantName = "[No Variations]"
Add component (AddParameter): Name = "Temperature characteristics"; Value = "X6S"; VariantName = "[No Variations]"
Add component (AddParameter): Name = "Tolerance"; Value = "+/-20%"; VariantName = "[No Variations]"
Add component (AddParameter): Name = "Value"; Value = "1uF"; VariantName = "[No Variations]"
Add component (AddParameter): Name = "Voltage"; Value = "10V"; VariantName = "[No Variations]"
Added Component: Designator=C?(CAP_0201_UN1Q)
Add component (AddParameter): Name = "Alternative component"; Value = "Allowed"; VariantName = "[No Variations]"
Add component (AddParameter): Name = "ClassName"; Value = "SMALL"; VariantName = "[No Variations]"
Add component (AddParameter): Name = "Component Type"; Value = "Capacitor"; VariantName = "[No Variations]"
Add component (AddParameter): Name = "ComponentLink1Description"; Value = "1_Datasheet"; VariantName = "[No Variations]"
Add component (AddParameter): Name = "ComponentLink1URL"; Value = ""; VariantName = "[No Variations]"
Add component (AddParameter): Name = "ComponentLink2Description"; Value = "2_Product page"; VariantName = "[No Variations]"
Add component (AddParameter): Name = "ComponentLink2URL"; Value = ""; VariantName = "[No Variations]"
Add component (AddParameter): Name = "ComponentLink3Description"; Value = "3_X-information"; VariantName = "[No Variations]"
Add component (AddParameter): Name = "ComponentLink3URL"; Value = ""; VariantName = "[No Variations]"
Add component (AddParameter): Name = "ComponentLink4Description"; Value = "4_X-information"; VariantName = "[No Variations]"
Add component (AddParameter): Name = "ComponentLink4URL"; Value = ""; VariantName = "[No Variations]"
Add component (AddParameter): Name = "ComponentLink5Description"; Value = ""; VariantName = "[No Variations]"
Add component (AddParameter): Name = "ComponentLink5URL"; Value = ""; VariantName = "[No Variations]"
Add component (AddParameter): Name = "Creation date"; Value = "20190101"; VariantName = "[No Variations]"
Add component (AddParameter): Name = "Dimensions WxLxH"; Value = ""; VariantName = "[No Variations]"
Add component (AddParameter): Name = "ECCN"; Value = ""; VariantName = "[No Variations]"
Add component (AddParameter): Name = "HasBeenBuilt"; Value = "False"; VariantName = "[No Variations]"
Add component (AddParameter): Name = "Manufacturer"; Value = "Kyocera"; VariantName = "[No Variations]"
Add component (AddParameter): Name = "Manufacturer Part Number"; Value = "KGM03CS61A105MH"; VariantName = "[No Variations]"
Add component (AddParameter): Name = "Operating temperature range"; Value = "-55C to +105C"; VariantName = "[No Variations]"
Add component (AddParameter): Name = "Package"; Value = "0201"; VariantName = "[No Variations]"
Add component (AddParameter): Name = "Part Number"; Value = "KGM03CS61A105MH"; VariantName = "[No Variations]"
Add component (AddParameter): Name = "Remark"; Value = ""; VariantName = "[No Variations]"
Add component (AddParameter): Name = "RoHS"; Value = ""; VariantName = "[No Variations]"
Add component (AddParameter): Name = "Sort order"; Value = "302"; VariantName = "[No Variations]"
Add component (AddParameter): Name = "Source"; Value = "RLC_UN1Q.SchLib"; VariantName = "[No Variations]"
Add component (AddParameter): Name = "System"; Value = "RLC"; VariantName = "[No Variations]"
Add component (AddParameter): Name = "Temperature characteristics"; Value = "X6S"; VariantName = "[No Variations]"
Add component (AddParameter): Name = "Tolerance"; Value = "+/-20%"; VariantName = "[No Variations]"
Add component (AddParameter): Name = "Value"; Value = "1uF"; VariantName = "[No Variations]"
Add component (AddParameter): Name = "Voltage"; Value = "10V"; VariantName = "[No Variations]"
Added Component: Designator=U?(BGA548C50P29X29_1500X1500X148)
Add component (AddParameter): Name = "Alternative component"; Value = ""; VariantName = "[No Variations]"
Add component (AddParameter): Name = "ClassName"; Value = "BIG"; VariantName = "[No Variations]"
Add component (AddParameter): Name = "Component Type"; Value = "Processor"; VariantName = "[No Variations]"
Add component (AddParameter): Name = "ComponentLink1Description"; Value = "1_Datasheet"; VariantName = "[No Variations]"
Add component (AddParameter): Name = "ComponentLink1URL"; Value = "https://www.nxp.com/part/MIMX8ML8CVNKZAB#/"; VariantName = "[No Variations]"
Add component (AddParameter): Name = "ComponentLink2Description"; Value = "2_Product page"; VariantName = "[No Variations]"
Add component (AddParameter): Name = "ComponentLink2URL"; Value = ""; VariantName = "[No Variations]"
Add component (AddParameter): Name = "ComponentLink3Description"; Value = "3_X-information"; VariantName = "[No Variations]"
Add component (AddParameter): Name = "ComponentLink3URL"; Value = ""; VariantName = "[No Variations]"
Add component (AddParameter): Name = "ComponentLink4Description"; Value = "4_X-information"; VariantName = "[No Variations]"
Add component (AddParameter): Name = "ComponentLink4URL"; Value = ""; VariantName = "[No Variations]"
Add component (AddParameter): Name = "Creation date"; Value = "20240524"; VariantName = "[No Variations]"
Add component (AddParameter): Name = "Design Item ID"; Value = "MIMX8ML8CVNKZAB"; VariantName = "[No Variations]"
Add component (AddParameter): Name = "Dimensions WxLxH"; Value = "15 x 15 x 1.33mm"; VariantName = "[No Variations]"
Add component (AddParameter): Name = "ECCN"; Value = ""; VariantName = "[No Variations]"
Add component (AddParameter): Name = "HasBeenBuilt"; Value = ""; VariantName = "[No Variations]"
Add component (AddParameter): Name = "Manufacturer"; Value = "NXP SEMICONDUCTORS"; VariantName = "[No Variations]"
Add component (AddParameter): Name = "Manufacturer Part Number"; Value = "MIMX8ML8CVNKZAB"; VariantName = "[No Variations]"
Add component (AddParameter): Name = "Operating temperature range"; Value = "-40... +105 °C"; VariantName = "[No Variations]"
Add component (AddParameter): Name = "Package"; Value = "FCBGA548"; VariantName = "[No Variations]"
Add component (AddParameter): Name = "Part Number"; Value = "MIMX8ML8CVNKZAB"; VariantName = "[No Variations]"
Add component (AddParameter): Name = "Remark"; Value = ""; VariantName = "[No Variations]"
Add component (AddParameter): Name = "RoHS"; Value = ""; VariantName = "[No Variations]"
Add component (AddParameter): Name = "Sort order"; Value = "501"; VariantName = "[No Variations]"
Add component (AddParameter): Name = "Source"; Value = "UUDET_KOMPONENTIT.SchLib"; VariantName = "[No Variations]"
Add component (AddParameter): Name = "System"; Value = "IC"; VariantName = "[No Variations]"
Added Component: Designator=U?(BGA548C50P29X29_1500X1500X148)
Add component (AddParameter): Name = "Alternative component"; Value = ""; VariantName = "[No Variations]"
Add component (AddParameter): Name = "ClassName"; Value = "BIG"; VariantName = "[No Variations]"
Add component (AddParameter): Name = "Component Type"; Value = "Processor"; VariantName = "[No Variations]"
Add component (AddParameter): Name = "ComponentLink1Description"; Value = "1_Datasheet"; VariantName = "[No Variations]"
Add component (AddParameter): Name = "ComponentLink1URL"; Value = "https://www.nxp.com/part/MIMX8ML8CVNKZAB#/"; VariantName = "[No Variations]"
Add component (AddParameter): Name = "ComponentLink2Description"; Value = "2_Product page"; VariantName = "[No Variations]"
Add component (AddParameter): Name = "ComponentLink2URL"; Value = ""; VariantName = "[No Variations]"
Add component (AddParameter): Name = "ComponentLink3Description"; Value = "3_X-information"; VariantName = "[No Variations]"
Add component (AddParameter): Name = "ComponentLink3URL"; Value = ""; VariantName = "[No Variations]"
Add component (AddParameter): Name = "ComponentLink4Description"; Value = "4_X-information"; VariantName = "[No Variations]"
Add component (AddParameter): Name = "ComponentLink4URL"; Value = ""; VariantName = "[No Variations]"
Add component (AddParameter): Name = "Creation date"; Value = "20240524"; VariantName = "[No Variations]"
Add component (AddParameter): Name = "Design Item ID"; Value = "MIMX8ML8CVNKZAB"; VariantName = "[No Variations]"
Add component (AddParameter): Name = "Dimensions WxLxH"; Value = "15 x 15 x 1.33mm"; VariantName = "[No Variations]"
Add component (AddParameter): Name = "ECCN"; Value = ""; VariantName = "[No Variations]"
Add component (AddParameter): Name = "HasBeenBuilt"; Value = ""; VariantName = "[No Variations]"
Add component (AddParameter): Name = "Manufacturer"; Value = "NXP SEMICONDUCTORS"; VariantName = "[No Variations]"
Add component (AddParameter): Name = "Manufacturer Part Number"; Value = "MIMX8ML8CVNKZAB"; VariantName = "[No Variations]"
Add component (AddParameter): Name = "Operating temperature range"; Value = "-40... +105 °C"; VariantName = "[No Variations]"
Add component (AddParameter): Name = "Package"; Value = "FCBGA548"; VariantName = "[No Variations]"
Add component (AddParameter): Name = "Part Number"; Value = "MIMX8ML8CVNKZAB"; VariantName = "[No Variations]"
Add component (AddParameter): Name = "Remark"; Value = ""; VariantName = "[No Variations]"
Add component (AddParameter): Name = "RoHS"; Value = ""; VariantName = "[No Variations]"
Add component (AddParameter): Name = "Sort order"; Value = "501"; VariantName = "[No Variations]"
Add component (AddParameter): Name = "Source"; Value = "UUDET_KOMPONENTIT.SchLib"; VariantName = "[No Variations]"
Add component (AddParameter): Name = "System"; Value = "IC"; VariantName = "[No Variations]"
Added Component: Designator=U?(BGA548C50P29X29_1500X1500X148)
Add component (AddParameter): Name = "Alternative component"; Value = ""; VariantName = "[No Variations]"
Add component (AddParameter): Name = "ClassName"; Value = "BIG"; VariantName = "[No Variations]"
Add component (AddParameter): Name = "Component Type"; Value = "Processor"; VariantName = "[No Variations]"
Add component (AddParameter): Name = "ComponentLink1Description"; Value = "1_Datasheet"; VariantName = "[No Variations]"
Add component (AddParameter): Name = "ComponentLink1URL"; Value = "https://www.nxp.com/part/MIMX8ML8CVNKZAB#/"; VariantName = "[No Variations]"
Add component (AddParameter): Name = "ComponentLink2Description"; Value = "2_Product page"; VariantName = "[No Variations]"
Add component (AddParameter): Name = "ComponentLink2URL"; Value = ""; VariantName = "[No Variations]"
Add component (AddParameter): Name = "ComponentLink3Description"; Value = "3_X-information"; VariantName = "[No Variations]"
Add component (AddParameter): Name = "ComponentLink3URL"; Value = ""; VariantName = "[No Variations]"
Add component (AddParameter): Name = "ComponentLink4Description"; Value = "4_X-information"; VariantName = "[No Variations]"
Add component (AddParameter): Name = "ComponentLink4URL"; Value = ""; VariantName = "[No Variations]"
Add component (AddParameter): Name = "Creation date"; Value = "20240524"; VariantName = "[No Variations]"
Add component (AddParameter): Name = "Design Item ID"; Value = "MIMX8ML8CVNKZAB"; VariantName = "[No Variations]"
Add component (AddParameter): Name = "Dimensions WxLxH"; Value = "15 x 15 x 1.33mm"; VariantName = "[No Variations]"
Add component (AddParameter): Name = "ECCN"; Value = ""; VariantName = "[No Variations]"
Add component (AddParameter): Name = "HasBeenBuilt"; Value = ""; VariantName = "[No Variations]"
Add component (AddParameter): Name = "Manufacturer"; Value = "NXP SEMICONDUCTORS"; VariantName = "[No Variations]"
Add component (AddParameter): Name = "Manufacturer Part Number"; Value = "MIMX8ML8CVNKZAB"; VariantName = "[No Variations]"
Add component (AddParameter): Name = "Operating temperature range"; Value = "-40... +105 °C"; VariantName = "[No Variations]"
Add component (AddParameter): Name = "Package"; Value = "FCBGA548"; VariantName = "[No Variations]"
Add component (AddParameter): Name = "Part Number"; Value = "MIMX8ML8CVNKZAB"; VariantName = "[No Variations]"
Add component (AddParameter): Name = "Remark"; Value = ""; VariantName = "[No Variations]"
Add component (AddParameter): Name = "RoHS"; Value = ""; VariantName = "[No Variations]"
Add component (AddParameter): Name = "Sort order"; Value = "501"; VariantName = "[No Variations]"
Add component (AddParameter): Name = "Source"; Value = "UUDET_KOMPONENTIT.SchLib"; VariantName = "[No Variations]"
Add component (AddParameter): Name = "System"; Value = "IC"; VariantName = "[No Variations]"
Added Component: Designator=U?(BGA548C50P29X29_1500X1500X148)
Add component (AddParameter): Name = "Alternative component"; Value = ""; VariantName = "[No Variations]"
Add component (AddParameter): Name = "ClassName"; Value = "BIG"; VariantName = "[No Variations]"
Add component (AddParameter): Name = "Component Type"; Value = "Processor"; VariantName = "[No Variations]"
Add component (AddParameter): Name = "ComponentLink1Description"; Value = "1_Datasheet"; VariantName = "[No Variations]"
Add component (AddParameter): Name = "ComponentLink1URL"; Value = "https://www.nxp.com/part/MIMX8ML8CVNKZAB#/"; VariantName = "[No Variations]"
Add component (AddParameter): Name = "ComponentLink2Description"; Value = "2_Product page"; VariantName = "[No Variations]"
Add component (AddParameter): Name = "ComponentLink2URL"; Value = ""; VariantName = "[No Variations]"
Add component (AddParameter): Name = "ComponentLink3Description"; Value = "3_X-information"; VariantName = "[No Variations]"
Add component (AddParameter): Name = "ComponentLink3URL"; Value = ""; VariantName = "[No Variations]"
Add component (AddParameter): Name = "ComponentLink4Description"; Value = "4_X-information"; VariantName = "[No Variations]"
Add component (AddParameter): Name = "ComponentLink4URL"; Value = ""; VariantName = "[No Variations]"
Add component (AddParameter): Name = "Creation date"; Value = "20240524"; VariantName = "[No Variations]"
Add component (AddParameter): Name = "Design Item ID"; Value = "MIMX8ML8CVNKZAB"; VariantName = "[No Variations]"
Add component (AddParameter): Name = "Dimensions WxLxH"; Value = "15 x 15 x 1.33mm"; VariantName = "[No Variations]"
Add component (AddParameter): Name = "ECCN"; Value = ""; VariantName = "[No Variations]"
Add component (AddParameter): Name = "HasBeenBuilt"; Value = ""; VariantName = "[No Variations]"
Add component (AddParameter): Name = "Manufacturer"; Value = "NXP SEMICONDUCTORS"; VariantName = "[No Variations]"
Add component (AddParameter): Name = "Manufacturer Part Number"; Value = "MIMX8ML8CVNKZAB"; VariantName = "[No Variations]"
Add component (AddParameter): Name = "Operating temperature range"; Value = "-40... +105 °C"; VariantName = "[No Variations]"
Add component (AddParameter): Name = "Package"; Value = "FCBGA548"; VariantName = "[No Variations]"
Add component (AddParameter): Name = "Part Number"; Value = "MIMX8ML8CVNKZAB"; VariantName = "[No Variations]"
Add component (AddParameter): Name = "Remark"; Value = ""; VariantName = "[No Variations]"
Add component (AddParameter): Name = "RoHS"; Value = ""; VariantName = "[No Variations]"
Add component (AddParameter): Name = "Sort order"; Value = "501"; VariantName = "[No Variations]"
Add component (AddParameter): Name = "Source"; Value = "UUDET_KOMPONENTIT.SchLib"; VariantName = "[No Variations]"
Add component (AddParameter): Name = "System"; Value = "IC"; VariantName = "[No Variations]"
Added Component: Designator=U?(BGA548C50P29X29_1500X1500X148)
Add component (AddParameter): Name = "Alternative component"; Value = ""; VariantName = "[No Variations]"
Add component (AddParameter): Name = "ClassName"; Value = "BIG"; VariantName = "[No Variations]"
Add component (AddParameter): Name = "Component Type"; Value = "Processor"; VariantName = "[No Variations]"
Add component (AddParameter): Name = "ComponentLink1Description"; Value = "1_Datasheet"; VariantName = "[No Variations]"
Add component (AddParameter): Name = "ComponentLink1URL"; Value = "https://www.nxp.com/part/MIMX8ML8CVNKZAB#/"; VariantName = "[No Variations]"
Add component (AddParameter): Name = "ComponentLink2Description"; Value = "2_Product page"; VariantName = "[No Variations]"
Add component (AddParameter): Name = "ComponentLink2URL"; Value = ""; VariantName = "[No Variations]"
Add component (AddParameter): Name = "ComponentLink3Description"; Value = "3_X-information"; VariantName = "[No Variations]"
Add component (AddParameter): Name = "ComponentLink3URL"; Value = ""; VariantName = "[No Variations]"
Add component (AddParameter): Name = "ComponentLink4Description"; Value = "4_X-information"; VariantName = "[No Variations]"
Add component (AddParameter): Name = "ComponentLink4URL"; Value = ""; VariantName = "[No Variations]"
Add component (AddParameter): Name = "Creation date"; Value = "20240524"; VariantName = "[No Variations]"
Add component (AddParameter): Name = "Design Item ID"; Value = "MIMX8ML8CVNKZAB"; VariantName = "[No Variations]"
Add component (AddParameter): Name = "Dimensions WxLxH"; Value = "15 x 15 x 1.33mm"; VariantName = "[No Variations]"
Add component (AddParameter): Name = "ECCN"; Value = ""; VariantName = "[No Variations]"
Add component (AddParameter): Name = "HasBeenBuilt"; Value = ""; VariantName = "[No Variations]"
Add component (AddParameter): Name = "Manufacturer"; Value = "NXP SEMICONDUCTORS"; VariantName = "[No Variations]"
Add component (AddParameter): Name = "Manufacturer Part Number"; Value = "MIMX8ML8CVNKZAB"; VariantName = "[No Variations]"
Add component (AddParameter): Name = "Operating temperature range"; Value = "-40... +105 °C"; VariantName = "[No Variations]"
Add component (AddParameter): Name = "Package"; Value = "FCBGA548"; VariantName = "[No Variations]"
Add component (AddParameter): Name = "Part Number"; Value = "MIMX8ML8CVNKZAB"; VariantName = "[No Variations]"
Add component (AddParameter): Name = "Remark"; Value = ""; VariantName = "[No Variations]"
Add component (AddParameter): Name = "RoHS"; Value = ""; VariantName = "[No Variations]"
Add component (AddParameter): Name = "Sort order"; Value = "501"; VariantName = "[No Variations]"
Add component (AddParameter): Name = "Source"; Value = "UUDET_KOMPONENTIT.SchLib"; VariantName = "[No Variations]"
Add component (AddParameter): Name = "System"; Value = "IC"; VariantName = "[No Variations]"
Added Component: Designator=U?(BGA548C50P29X29_1500X1500X148)
Add component (AddParameter): Name = "Alternative component"; Value = ""; VariantName = "[No Variations]"
Add component (AddParameter): Name = "ClassName"; Value = "BIG"; VariantName = "[No Variations]"
Add component (AddParameter): Name = "Component Type"; Value = "Processor"; VariantName = "[No Variations]"
Add component (AddParameter): Name = "ComponentLink1Description"; Value = "1_Datasheet"; VariantName = "[No Variations]"
Add component (AddParameter): Name = "ComponentLink1URL"; Value = "https://www.nxp.com/part/MIMX8ML8CVNKZAB#/"; VariantName = "[No Variations]"
Add component (AddParameter): Name = "ComponentLink2Description"; Value = "2_Product page"; VariantName = "[No Variations]"
Add component (AddParameter): Name = "ComponentLink2URL"; Value = ""; VariantName = "[No Variations]"
Add component (AddParameter): Name = "ComponentLink3Description"; Value = "3_X-information"; VariantName = "[No Variations]"
Add component (AddParameter): Name = "ComponentLink3URL"; Value = ""; VariantName = "[No Variations]"
Add component (AddParameter): Name = "ComponentLink4Description"; Value = "4_X-information"; VariantName = "[No Variations]"
Add component (AddParameter): Name = "ComponentLink4URL"; Value = ""; VariantName = "[No Variations]"
Add component (AddParameter): Name = "Creation date"; Value = "20240524"; VariantName = "[No Variations]"
Add component (AddParameter): Name = "Design Item ID"; Value = "MIMX8ML8CVNKZAB"; VariantName = "[No Variations]"
Add component (AddParameter): Name = "Dimensions WxLxH"; Value = "15 x 15 x 1.33mm"; VariantName = "[No Variations]"
Add component (AddParameter): Name = "ECCN"; Value = ""; VariantName = "[No Variations]"
Add component (AddParameter): Name = "HasBeenBuilt"; Value = ""; VariantName = "[No Variations]"
Add component (AddParameter): Name = "Manufacturer"; Value = "NXP SEMICONDUCTORS"; VariantName = "[No Variations]"
Add component (AddParameter): Name = "Manufacturer Part Number"; Value = "MIMX8ML8CVNKZAB"; VariantName = "[No Variations]"
Add component (AddParameter): Name = "Operating temperature range"; Value = "-40... +105 °C"; VariantName = "[No Variations]"
Add component (AddParameter): Name = "Package"; Value = "FCBGA548"; VariantName = "[No Variations]"
Add component (AddParameter): Name = "Part Number"; Value = "MIMX8ML8CVNKZAB"; VariantName = "[No Variations]"
Add component (AddParameter): Name = "Remark"; Value = ""; VariantName = "[No Variations]"
Add component (AddParameter): Name = "RoHS"; Value = ""; VariantName = "[No Variations]"
Add component (AddParameter): Name = "Sort order"; Value = "501"; VariantName = "[No Variations]"
Add component (AddParameter): Name = "Source"; Value = "UUDET_KOMPONENTIT.SchLib"; VariantName = "[No Variations]"
Add component (AddParameter): Name = "System"; Value = "IC"; VariantName = "[No Variations]"
Added Component: Designator=U?(BGA548C50P29X29_1500X1500X148)
Add component (AddParameter): Name = "Alternative component"; Value = ""; VariantName = "[No Variations]"
Add component (AddParameter): Name = "ClassName"; Value = "BIG"; VariantName = "[No Variations]"
Add component (AddParameter): Name = "Component Type"; Value = "Processor"; VariantName = "[No Variations]"
Add component (AddParameter): Name = "ComponentLink1Description"; Value = "1_Datasheet"; VariantName = "[No Variations]"
Add component (AddParameter): Name = "ComponentLink1URL"; Value = "https://www.nxp.com/part/MIMX8ML8CVNKZAB#/"; VariantName = "[No Variations]"
Add component (AddParameter): Name = "ComponentLink2Description"; Value = "2_Product page"; VariantName = "[No Variations]"
Add component (AddParameter): Name = "ComponentLink2URL"; Value = ""; VariantName = "[No Variations]"
Add component (AddParameter): Name = "ComponentLink3Description"; Value = "3_X-information"; VariantName = "[No Variations]"
Add component (AddParameter): Name = "ComponentLink3URL"; Value = ""; VariantName = "[No Variations]"
Add component (AddParameter): Name = "ComponentLink4Description"; Value = "4_X-information"; VariantName = "[No Variations]"
Add component (AddParameter): Name = "ComponentLink4URL"; Value = ""; VariantName = "[No Variations]"
Add component (AddParameter): Name = "Creation date"; Value = "20240524"; VariantName = "[No Variations]"
Add component (AddParameter): Name = "Design Item ID"; Value = "MIMX8ML8CVNKZAB"; VariantName = "[No Variations]"
Add component (AddParameter): Name = "Dimensions WxLxH"; Value = "15 x 15 x 1.33mm"; VariantName = "[No Variations]"
Add component (AddParameter): Name = "ECCN"; Value = ""; VariantName = "[No Variations]"
Add component (AddParameter): Name = "HasBeenBuilt"; Value = ""; VariantName = "[No Variations]"
Add component (AddParameter): Name = "Manufacturer"; Value = "NXP SEMICONDUCTORS"; VariantName = "[No Variations]"
Add component (AddParameter): Name = "Manufacturer Part Number"; Value = "MIMX8ML8CVNKZAB"; VariantName = "[No Variations]"
Add component (AddParameter): Name = "Operating temperature range"; Value = "-40... +105 °C"; VariantName = "[No Variations]"
Add component (AddParameter): Name = "Package"; Value = "FCBGA548"; VariantName = "[No Variations]"
Add component (AddParameter): Name = "Part Number"; Value = "MIMX8ML8CVNKZAB"; VariantName = "[No Variations]"
Add component (AddParameter): Name = "Remark"; Value = ""; VariantName = "[No Variations]"
Add component (AddParameter): Name = "RoHS"; Value = ""; VariantName = "[No Variations]"
Add component (AddParameter): Name = "Sort order"; Value = "501"; VariantName = "[No Variations]"
Add component (AddParameter): Name = "Source"; Value = "UUDET_KOMPONENTIT.SchLib"; VariantName = "[No Variations]"
Add component (AddParameter): Name = "System"; Value = "IC"; VariantName = "[No Variations]"
Added Component: Designator=U?(BGA548C50P29X29_1500X1500X148)
Add component (AddParameter): Name = "Alternative component"; Value = ""; VariantName = "[No Variations]"
Add component (AddParameter): Name = "ClassName"; Value = "BIG"; VariantName = "[No Variations]"
Add component (AddParameter): Name = "Component Type"; Value = "Processor"; VariantName = "[No Variations]"
Add component (AddParameter): Name = "ComponentLink1Description"; Value = "1_Datasheet"; VariantName = "[No Variations]"
Add component (AddParameter): Name = "ComponentLink1URL"; Value = "https://www.nxp.com/part/MIMX8ML8CVNKZAB#/"; VariantName = "[No Variations]"
Add component (AddParameter): Name = "ComponentLink2Description"; Value = "2_Product page"; VariantName = "[No Variations]"
Add component (AddParameter): Name = "ComponentLink2URL"; Value = ""; VariantName = "[No Variations]"
Add component (AddParameter): Name = "ComponentLink3Description"; Value = "3_X-information"; VariantName = "[No Variations]"
Add component (AddParameter): Name = "ComponentLink3URL"; Value = ""; VariantName = "[No Variations]"
Add component (AddParameter): Name = "ComponentLink4Description"; Value = "4_X-information"; VariantName = "[No Variations]"
Add component (AddParameter): Name = "ComponentLink4URL"; Value = ""; VariantName = "[No Variations]"
Add component (AddParameter): Name = "Creation date"; Value = "20240524"; VariantName = "[No Variations]"
Add component (AddParameter): Name = "Design Item ID"; Value = "MIMX8ML8CVNKZAB"; VariantName = "[No Variations]"
Add component (AddParameter): Name = "Dimensions WxLxH"; Value = "15 x 15 x 1.33mm"; VariantName = "[No Variations]"
Add component (AddParameter): Name = "ECCN"; Value = ""; VariantName = "[No Variations]"
Add component (AddParameter): Name = "HasBeenBuilt"; Value = ""; VariantName = "[No Variations]"
Add component (AddParameter): Name = "Manufacturer"; Value = "NXP SEMICONDUCTORS"; VariantName = "[No Variations]"
Add component (AddParameter): Name = "Manufacturer Part Number"; Value = "MIMX8ML8CVNKZAB"; VariantName = "[No Variations]"
Add component (AddParameter): Name = "Operating temperature range"; Value = "-40... +105 °C"; VariantName = "[No Variations]"
Add component (AddParameter): Name = "Package"; Value = "FCBGA548"; VariantName = "[No Variations]"
Add component (AddParameter): Name = "Part Number"; Value = "MIMX8ML8CVNKZAB"; VariantName = "[No Variations]"
Add component (AddParameter): Name = "Remark"; Value = ""; VariantName = "[No Variations]"
Add component (AddParameter): Name = "RoHS"; Value = ""; VariantName = "[No Variations]"
Add component (AddParameter): Name = "Sort order"; Value = "501"; VariantName = "[No Variations]"
Add component (AddParameter): Name = "Source"; Value = "UUDET_KOMPONENTIT.SchLib"; VariantName = "[No Variations]"
Add component (AddParameter): Name = "System"; Value = "IC"; VariantName = "[No Variations]"
Added Component: Designator=U?(BGA548C50P29X29_1500X1500X148)
Add component (AddParameter): Name = "Alternative component"; Value = ""; VariantName = "[No Variations]"
Add component (AddParameter): Name = "ClassName"; Value = "BIG"; VariantName = "[No Variations]"
Add component (AddParameter): Name = "Component Type"; Value = "Processor"; VariantName = "[No Variations]"
Add component (AddParameter): Name = "ComponentLink1Description"; Value = "1_Datasheet"; VariantName = "[No Variations]"
Add component (AddParameter): Name = "ComponentLink1URL"; Value = "https://www.nxp.com/part/MIMX8ML8CVNKZAB#/"; VariantName = "[No Variations]"
Add component (AddParameter): Name = "ComponentLink2Description"; Value = "2_Product page"; VariantName = "[No Variations]"
Add component (AddParameter): Name = "ComponentLink2URL"; Value = ""; VariantName = "[No Variations]"
Add component (AddParameter): Name = "ComponentLink3Description"; Value = "3_X-information"; VariantName = "[No Variations]"
Add component (AddParameter): Name = "ComponentLink3URL"; Value = ""; VariantName = "[No Variations]"
Add component (AddParameter): Name = "ComponentLink4Description"; Value = "4_X-information"; VariantName = "[No Variations]"
Add component (AddParameter): Name = "ComponentLink4URL"; Value = ""; VariantName = "[No Variations]"
Add component (AddParameter): Name = "Creation date"; Value = "20240524"; VariantName = "[No Variations]"
Add component (AddParameter): Name = "Design Item ID"; Value = "MIMX8ML8CVNKZAB"; VariantName = "[No Variations]"
Add component (AddParameter): Name = "Dimensions WxLxH"; Value = "15 x 15 x 1.33mm"; VariantName = "[No Variations]"
Add component (AddParameter): Name = "ECCN"; Value = ""; VariantName = "[No Variations]"
Add component (AddParameter): Name = "HasBeenBuilt"; Value = ""; VariantName = "[No Variations]"
Add component (AddParameter): Name = "Manufacturer"; Value = "NXP SEMICONDUCTORS"; VariantName = "[No Variations]"
Add component (AddParameter): Name = "Manufacturer Part Number"; Value = "MIMX8ML8CVNKZAB"; VariantName = "[No Variations]"
Add component (AddParameter): Name = "Operating temperature range"; Value = "-40... +105 °C"; VariantName = "[No Variations]"
Add component (AddParameter): Name = "Package"; Value = "FCBGA548"; VariantName = "[No Variations]"
Add component (AddParameter): Name = "Part Number"; Value = "MIMX8ML8CVNKZAB"; VariantName = "[No Variations]"
Add component (AddParameter): Name = "Remark"; Value = ""; VariantName = "[No Variations]"
Add component (AddParameter): Name = "RoHS"; Value = ""; VariantName = "[No Variations]"
Add component (AddParameter): Name = "Sort order"; Value = "501"; VariantName = "[No Variations]"
Add component (AddParameter): Name = "Source"; Value = "UUDET_KOMPONENTIT.SchLib"; VariantName = "[No Variations]"
Add component (AddParameter): Name = "System"; Value = "IC"; VariantName = "[No Variations]"
Added Component: Designator=U?(BGA548C50P29X29_1500X1500X148)
Add component (AddParameter): Name = "Alternative component"; Value = ""; VariantName = "[No Variations]"
Add component (AddParameter): Name = "ClassName"; Value = "BIG"; VariantName = "[No Variations]"
Add component (AddParameter): Name = "Component Type"; Value = "Processor"; VariantName = "[No Variations]"
Add component (AddParameter): Name = "ComponentLink1Description"; Value = "1_Datasheet"; VariantName = "[No Variations]"
Add component (AddParameter): Name = "ComponentLink1URL"; Value = "https://www.nxp.com/part/MIMX8ML8CVNKZAB#/"; VariantName = "[No Variations]"
Add component (AddParameter): Name = "ComponentLink2Description"; Value = "2_Product page"; VariantName = "[No Variations]"
Add component (AddParameter): Name = "ComponentLink2URL"; Value = ""; VariantName = "[No Variations]"
Add component (AddParameter): Name = "ComponentLink3Description"; Value = "3_X-information"; VariantName = "[No Variations]"
Add component (AddParameter): Name = "ComponentLink3URL"; Value = ""; VariantName = "[No Variations]"
Add component (AddParameter): Name = "ComponentLink4Description"; Value = "4_X-information"; VariantName = "[No Variations]"
Add component (AddParameter): Name = "ComponentLink4URL"; Value = ""; VariantName = "[No Variations]"
Add component (AddParameter): Name = "Creation date"; Value = "20240524"; VariantName = "[No Variations]"
Add component (AddParameter): Name = "Design Item ID"; Value = "MIMX8ML8CVNKZAB"; VariantName = "[No Variations]"
Add component (AddParameter): Name = "Dimensions WxLxH"; Value = "15 x 15 x 1.33mm"; VariantName = "[No Variations]"
Add component (AddParameter): Name = "ECCN"; Value = ""; VariantName = "[No Variations]"
Add component (AddParameter): Name = "HasBeenBuilt"; Value = ""; VariantName = "[No Variations]"
Add component (AddParameter): Name = "Manufacturer"; Value = "NXP SEMICONDUCTORS"; VariantName = "[No Variations]"
Add component (AddParameter): Name = "Manufacturer Part Number"; Value = "MIMX8ML8CVNKZAB"; VariantName = "[No Variations]"
Add component (AddParameter): Name = "Operating temperature range"; Value = "-40... +105 °C"; VariantName = "[No Variations]"
Add component (AddParameter): Name = "Package"; Value = "FCBGA548"; VariantName = "[No Variations]"
Add component (AddParameter): Name = "Part Number"; Value = "MIMX8ML8CVNKZAB"; VariantName = "[No Variations]"
Add component (AddParameter): Name = "Remark"; Value = ""; VariantName = "[No Variations]"
Add component (AddParameter): Name = "RoHS"; Value = ""; VariantName = "[No Variations]"
Add component (AddParameter): Name = "Sort order"; Value = "501"; VariantName = "[No Variations]"
Add component (AddParameter): Name = "Source"; Value = "UUDET_KOMPONENTIT.SchLib"; VariantName = "[No Variations]"
Add component (AddParameter): Name = "System"; Value = "IC"; VariantName = "[No Variations]"
Added Component: Designator=U?(BGA548C50P29X29_1500X1500X148)
Add component (AddParameter): Name = "Alternative component"; Value = ""; VariantName = "[No Variations]"
Add component (AddParameter): Name = "ClassName"; Value = "BIG"; VariantName = "[No Variations]"
Add component (AddParameter): Name = "Component Type"; Value = "Processor"; VariantName = "[No Variations]"
Add component (AddParameter): Name = "ComponentLink1Description"; Value = "1_Datasheet"; VariantName = "[No Variations]"
Add component (AddParameter): Name = "ComponentLink1URL"; Value = "https://www.nxp.com/part/MIMX8ML8CVNKZAB#/"; VariantName = "[No Variations]"
Add component (AddParameter): Name = "ComponentLink2Description"; Value = "2_Product page"; VariantName = "[No Variations]"
Add component (AddParameter): Name = "ComponentLink2URL"; Value = ""; VariantName = "[No Variations]"
Add component (AddParameter): Name = "ComponentLink3Description"; Value = "3_X-information"; VariantName = "[No Variations]"
Add component (AddParameter): Name = "ComponentLink3URL"; Value = ""; VariantName = "[No Variations]"
Add component (AddParameter): Name = "ComponentLink4Description"; Value = "4_X-information"; VariantName = "[No Variations]"
Add component (AddParameter): Name = "ComponentLink4URL"; Value = ""; VariantName = "[No Variations]"
Add component (AddParameter): Name = "Creation date"; Value = "20240524"; VariantName = "[No Variations]"
Add component (AddParameter): Name = "Design Item ID"; Value = "MIMX8ML8CVNKZAB"; VariantName = "[No Variations]"
Add component (AddParameter): Name = "Dimensions WxLxH"; Value = "15 x 15 x 1.33mm"; VariantName = "[No Variations]"
Add component (AddParameter): Name = "ECCN"; Value = ""; VariantName = "[No Variations]"
Add component (AddParameter): Name = "HasBeenBuilt"; Value = ""; VariantName = "[No Variations]"
Add component (AddParameter): Name = "Manufacturer"; Value = "NXP SEMICONDUCTORS"; VariantName = "[No Variations]"
Add component (AddParameter): Name = "Manufacturer Part Number"; Value = "MIMX8ML8CVNKZAB"; VariantName = "[No Variations]"
Add component (AddParameter): Name = "Operating temperature range"; Value = "-40... +105 °C"; VariantName = "[No Variations]"
Add component (AddParameter): Name = "Package"; Value = "FCBGA548"; VariantName = "[No Variations]"
Add component (AddParameter): Name = "Part Number"; Value = "MIMX8ML8CVNKZAB"; VariantName = "[No Variations]"
Add component (AddParameter): Name = "Remark"; Value = ""; VariantName = "[No Variations]"
Add component (AddParameter): Name = "RoHS"; Value = ""; VariantName = "[No Variations]"
Add component (AddParameter): Name = "Sort order"; Value = "501"; VariantName = "[No Variations]"
Add component (AddParameter): Name = "Source"; Value = "UUDET_KOMPONENTIT.SchLib"; VariantName = "[No Variations]"
Add component (AddParameter): Name = "System"; Value = "IC"; VariantName = "[No Variations]"
Added Component: Designator=U?(BGA548C50P29X29_1500X1500X148)
Add component (AddParameter): Name = "Alternative component"; Value = ""; VariantName = "[No Variations]"
Add component (AddParameter): Name = "ClassName"; Value = "BIG"; VariantName = "[No Variations]"
Add component (AddParameter): Name = "Component Type"; Value = "Processor"; VariantName = "[No Variations]"
Add component (AddParameter): Name = "ComponentLink1Description"; Value = "1_Datasheet"; VariantName = "[No Variations]"
Add component (AddParameter): Name = "ComponentLink1URL"; Value = "https://www.nxp.com/part/MIMX8ML8CVNKZAB#/"; VariantName = "[No Variations]"
Add component (AddParameter): Name = "ComponentLink2Description"; Value = "2_Product page"; VariantName = "[No Variations]"
Add component (AddParameter): Name = "ComponentLink2URL"; Value = ""; VariantName = "[No Variations]"
Add component (AddParameter): Name = "ComponentLink3Description"; Value = "3_X-information"; VariantName = "[No Variations]"
Add component (AddParameter): Name = "ComponentLink3URL"; Value = ""; VariantName = "[No Variations]"
Add component (AddParameter): Name = "ComponentLink4Description"; Value = "4_X-information"; VariantName = "[No Variations]"
Add component (AddParameter): Name = "ComponentLink4URL"; Value = ""; VariantName = "[No Variations]"
Add component (AddParameter): Name = "Creation date"; Value = "20240524"; VariantName = "[No Variations]"
Add component (AddParameter): Name = "Design Item ID"; Value = "MIMX8ML8CVNKZAB"; VariantName = "[No Variations]"
Add component (AddParameter): Name = "Dimensions WxLxH"; Value = "15 x 15 x 1.33mm"; VariantName = "[No Variations]"
Add component (AddParameter): Name = "ECCN"; Value = ""; VariantName = "[No Variations]"
Add component (AddParameter): Name = "HasBeenBuilt"; Value = ""; VariantName = "[No Variations]"
Add component (AddParameter): Name = "Manufacturer"; Value = "NXP SEMICONDUCTORS"; VariantName = "[No Variations]"
Add component (AddParameter): Name = "Manufacturer Part Number"; Value = "MIMX8ML8CVNKZAB"; VariantName = "[No Variations]"
Add component (AddParameter): Name = "Operating temperature range"; Value = "-40... +105 °C"; VariantName = "[No Variations]"
Add component (AddParameter): Name = "Package"; Value = "FCBGA548"; VariantName = "[No Variations]"
Add component (AddParameter): Name = "Part Number"; Value = "MIMX8ML8CVNKZAB"; VariantName = "[No Variations]"
Add component (AddParameter): Name = "Remark"; Value = ""; VariantName = "[No Variations]"
Add component (AddParameter): Name = "RoHS"; Value = ""; VariantName = "[No Variations]"
Add component (AddParameter): Name = "Sort order"; Value = "501"; VariantName = "[No Variations]"
Add component (AddParameter): Name = "Source"; Value = "UUDET_KOMPONENTIT.SchLib"; VariantName = "[No Variations]"
Add component (AddParameter): Name = "System"; Value = "IC"; VariantName = "[No Variations]"
Added Component: Designator=U?(BGA548C50P29X29_1500X1500X148)
Add component (AddParameter): Name = "Alternative component"; Value = ""; VariantName = "[No Variations]"
Add component (AddParameter): Name = "ClassName"; Value = "BIG"; VariantName = "[No Variations]"
Add component (AddParameter): Name = "Component Type"; Value = "Processor"; VariantName = "[No Variations]"
Add component (AddParameter): Name = "ComponentLink1Description"; Value = "1_Datasheet"; VariantName = "[No Variations]"
Add component (AddParameter): Name = "ComponentLink1URL"; Value = "https://www.nxp.com/part/MIMX8ML8CVNKZAB#/"; VariantName = "[No Variations]"
Add component (AddParameter): Name = "ComponentLink2Description"; Value = "2_Product page"; VariantName = "[No Variations]"
Add component (AddParameter): Name = "ComponentLink2URL"; Value = ""; VariantName = "[No Variations]"
Add component (AddParameter): Name = "ComponentLink3Description"; Value = "3_X-information"; VariantName = "[No Variations]"
Add component (AddParameter): Name = "ComponentLink3URL"; Value = ""; VariantName = "[No Variations]"
Add component (AddParameter): Name = "ComponentLink4Description"; Value = "4_X-information"; VariantName = "[No Variations]"
Add component (AddParameter): Name = "ComponentLink4URL"; Value = ""; VariantName = "[No Variations]"
Add component (AddParameter): Name = "Creation date"; Value = "20240524"; VariantName = "[No Variations]"
Add component (AddParameter): Name = "Design Item ID"; Value = "MIMX8ML8CVNKZAB"; VariantName = "[No Variations]"
Add component (AddParameter): Name = "Dimensions WxLxH"; Value = "15 x 15 x 1.33mm"; VariantName = "[No Variations]"
Add component (AddParameter): Name = "ECCN"; Value = ""; VariantName = "[No Variations]"
Add component (AddParameter): Name = "HasBeenBuilt"; Value = ""; VariantName = "[No Variations]"
Add component (AddParameter): Name = "Manufacturer"; Value = "NXP SEMICONDUCTORS"; VariantName = "[No Variations]"
Add component (AddParameter): Name = "Manufacturer Part Number"; Value = "MIMX8ML8CVNKZAB"; VariantName = "[No Variations]"
Add component (AddParameter): Name = "Operating temperature range"; Value = "-40... +105 °C"; VariantName = "[No Variations]"
Add component (AddParameter): Name = "Package"; Value = "FCBGA548"; VariantName = "[No Variations]"
Add component (AddParameter): Name = "Part Number"; Value = "MIMX8ML8CVNKZAB"; VariantName = "[No Variations]"
Add component (AddParameter): Name = "Remark"; Value = ""; VariantName = "[No Variations]"
Add component (AddParameter): Name = "RoHS"; Value = ""; VariantName = "[No Variations]"
Add component (AddParameter): Name = "Sort order"; Value = "501"; VariantName = "[No Variations]"
Add component (AddParameter): Name = "Source"; Value = "UUDET_KOMPONENTIT.SchLib"; VariantName = "[No Variations]"
Add component (AddParameter): Name = "System"; Value = "IC"; VariantName = "[No Variations]"
Add Net: Net with name "GND" already exists
Add Net: Net with name "NVCC_DRAM_1V1" already exists
Add Net: Net with name "NVCC_SD2" already exists
Add Net: Net with name "NVCC_SNVS_1V8" already exists
Add Net: Net with name "VDD_1V8" already exists
Add Net: Net with name "VDD_3V3" already exists
Add Net: Net with name "VDD_ARM" already exists
Add Net: Net with name "VDD_MIPI_1P2_CAP" already exists
Add Net: Net with name "VDD_SNVS_0V8" already exists
Add Net: Net with name "VDD_SOC" already exists
Add Net: Net with name "VDDA_1V8" already exists
Add Class: Class already exists: IMX8_DISPLAY
Add Class: Class already exists: IMX8_INPUT
Add Class: Class already exists: IMX8_IO
Add Class: Class already exists: IMX8_LPDDR4
Add Class: Class already exists: IMX8_PHY
Add Class: Class already exists: IMX8_PWR
Added Rule: Name=Schematic Supply Nets_10
Added Rule: Name=Schematic Supply Nets_11
Added Rule: Name=Schematic Supply Nets_12
Added Rule: Name=Schematic Supply Nets_13
Added Rule: Name=Schematic Supply Nets_14
Added Rule: Name=Schematic Supply Nets_15
Added Rule: Name=Schematic Supply Nets_16
Added Rule: Name=Schematic Supply Nets_17
Added Rule: Name=Schematic Supply Nets_18
Added Rule: Name=Schematic Supply Nets_19
