Added Component: Designator=C57(CAP_0402_H09W07_UN1Q)
Add component (AddParameter): Name = "Alternative component"; Value = "Allowed"; VariantName = "[No Variations]"
Add component (AddParameter): Name = "ClassName"; Value = ""; VariantName = "[No Variations]"
Add component (AddParameter): Name = "Component Type"; Value = "Capacitor"; VariantName = "[No Variations]"
Add component (AddParameter): Name = "ComponentLink1Description"; Value = "1_Datasheet"; VariantName = "[No Variations]"
Add component (AddParameter): Name = "ComponentLink1URL"; Value = ""; VariantName = "[No Variations]"
Add component (AddParameter): Name = "ComponentLink2Description"; Value = "2_Product page"; VariantName = "[No Variations]"
Add component (AddParameter): Name = "ComponentLink2URL"; Value = ""; VariantName = "[No Variations]"
Add component (AddParameter): Name = "ComponentLink3Description"; Value = "3_X-information"; VariantName = "[No Variations]"
Add component (AddParameter): Name = "ComponentLink3URL"; Value = ""; VariantName = "[No Variations]"
Add component (AddParameter): Name = "ComponentLink4Description"; Value = "4_X-information"; VariantName = "[No Variations]"
Add component (AddParameter): Name = "ComponentLink4URL"; Value = ""; VariantName = "[No Variations]"
Add component (AddParameter): Name = "Creation date"; Value = "26042024"; VariantName = "[No Variations]"
Add component (AddParameter): Name = "Dimensions WxLxH"; Value = ""; VariantName = "[No Variations]"
Add component (AddParameter): Name = "ECCN"; Value = ""; VariantName = "[No Variations]"
Add component (AddParameter): Name = "HasBeenBuilt"; Value = "TBD"; VariantName = "[No Variations]"
Add component (AddParameter): Name = "Manufacturer"; Value = "Murata"; VariantName = "[No Variations]"
Add component (AddParameter): Name = "Manufacturer Part Number"; Value = "GRT155C81A475ME13J"; VariantName = "[No Variations]"
Add component (AddParameter): Name = "Operating temperature range"; Value = ""; VariantName = "[No Variations]"
Add component (AddParameter): Name = "Package"; Value = "0402"; VariantName = "[No Variations]"
Add component (AddParameter): Name = "Part Number"; Value = "GRT155C81A475ME13J"; VariantName = "[No Variations]"
Add component (AddParameter): Name = "Remark"; Value = ""; VariantName = "[No Variations]"
Add component (AddParameter): Name = "RoHS"; Value = ""; VariantName = "[No Variations]"
Add component (AddParameter): Name = "Sort order"; Value = "304"; VariantName = "[No Variations]"
Add component (AddParameter): Name = "Source"; Value = ""; VariantName = "[No Variations]"
Add component (AddParameter): Name = "System"; Value = "RLC"; VariantName = "[No Variations]"
Add component (AddParameter): Name = "Temperature characteristics"; Value = "X6S"; VariantName = "[No Variations]"
Add component (AddParameter): Name = "Tolerance"; Value = "+/-10%"; VariantName = "[No Variations]"
Add component (AddParameter): Name = "Value"; Value = "4.7uF"; VariantName = "[No Variations]"
Add component (AddParameter): Name = "Voltage"; Value = "10V"; VariantName = "[No Variations]"
Added Component: Designator=C58(CAP_0201_UN1Q)
Add component (AddParameter): Name = "Alternative component"; Value = "Allowed"; VariantName = "[No Variations]"
Add component (AddParameter): Name = "ClassName"; Value = "SMALL"; VariantName = "[No Variations]"
Add component (AddParameter): Name = "Component Type"; Value = "Capacitor"; VariantName = "[No Variations]"
Add component (AddParameter): Name = "ComponentLink1Description"; Value = "1_Datasheet"; VariantName = "[No Variations]"
Add component (AddParameter): Name = "ComponentLink1URL"; Value = ""; VariantName = "[No Variations]"
Add component (AddParameter): Name = "ComponentLink2Description"; Value = "2_Product page"; VariantName = "[No Variations]"
Add component (AddParameter): Name = "ComponentLink2URL"; Value = ""; VariantName = "[No Variations]"
Add component (AddParameter): Name = "ComponentLink3Description"; Value = "3_X-information"; VariantName = "[No Variations]"
Add component (AddParameter): Name = "ComponentLink3URL"; Value = ""; VariantName = "[No Variations]"
Add component (AddParameter): Name = "ComponentLink4Description"; Value = "4_X-information"; VariantName = "[No Variations]"
Add component (AddParameter): Name = "ComponentLink4URL"; Value = ""; VariantName = "[No Variations]"
Add component (AddParameter): Name = "Creation date"; Value = "26042024"; VariantName = "[No Variations]"
Add component (AddParameter): Name = "Dimensions WxLxH"; Value = "0.35"; VariantName = "[No Variations]"
Add component (AddParameter): Name = "ECCN"; Value = ""; VariantName = "[No Variations]"
Add component (AddParameter): Name = "HasBeenBuilt"; Value = "TBD"; VariantName = "[No Variations]"
Add component (AddParameter): Name = "Manufacturer"; Value = "Murata"; VariantName = "[No Variations]"
Add component (AddParameter): Name = "Manufacturer Part Number"; Value = "GRM033C81A224KE01D"; VariantName = "[No Variations]"
Add component (AddParameter): Name = "Operating temperature range"; Value = ""; VariantName = "[No Variations]"
Add component (AddParameter): Name = "Package"; Value = "0201"; VariantName = "[No Variations]"
Add component (AddParameter): Name = "Part Number"; Value = "GRM033C81A224KE01D"; VariantName = "[No Variations]"
Add component (AddParameter): Name = "Remark"; Value = ""; VariantName = "[No Variations]"
Add component (AddParameter): Name = "RoHS"; Value = ""; VariantName = "[No Variations]"
Add component (AddParameter): Name = "Sort order"; Value = "302"; VariantName = "[No Variations]"
Add component (AddParameter): Name = "Source"; Value = ""; VariantName = "[No Variations]"
Add component (AddParameter): Name = "System"; Value = "RLC"; VariantName = "[No Variations]"
Add component (AddParameter): Name = "Temperature characteristics"; Value = "X6S"; VariantName = "[No Variations]"
Add component (AddParameter): Name = "Tolerance"; Value = "+/-20%"; VariantName = "[No Variations]"
Add component (AddParameter): Name = "Value"; Value = "220nF"; VariantName = "[No Variations]"
Add component (AddParameter): Name = "Voltage"; Value = "10V"; VariantName = "[No Variations]"
Added Component: Designator=C59(CAP_0201_UN1Q)
Add component (AddParameter): Name = "Alternative component"; Value = "Allowed"; VariantName = "[No Variations]"
Add component (AddParameter): Name = "ClassName"; Value = "SMALL"; VariantName = "[No Variations]"
Add component (AddParameter): Name = "Component Type"; Value = "Capacitor"; VariantName = "[No Variations]"
Add component (AddParameter): Name = "ComponentLink1Description"; Value = "1_Datasheet"; VariantName = "[No Variations]"
Add component (AddParameter): Name = "ComponentLink1URL"; Value = ""; VariantName = "[No Variations]"
Add component (AddParameter): Name = "ComponentLink2Description"; Value = "2_Product page"; VariantName = "[No Variations]"
Add component (AddParameter): Name = "ComponentLink2URL"; Value = ""; VariantName = "[No Variations]"
Add component (AddParameter): Name = "ComponentLink3Description"; Value = "3_X-information"; VariantName = "[No Variations]"
Add component (AddParameter): Name = "ComponentLink3URL"; Value = ""; VariantName = "[No Variations]"
Add component (AddParameter): Name = "ComponentLink4Description"; Value = "4_X-information"; VariantName = "[No Variations]"
Add component (AddParameter): Name = "ComponentLink4URL"; Value = ""; VariantName = "[No Variations]"
Add component (AddParameter): Name = "Creation date"; Value = "26042024"; VariantName = "[No Variations]"
Add component (AddParameter): Name = "Dimensions WxLxH"; Value = "0.35"; VariantName = "[No Variations]"
Add component (AddParameter): Name = "ECCN"; Value = ""; VariantName = "[No Variations]"
Add component (AddParameter): Name = "HasBeenBuilt"; Value = "TBD"; VariantName = "[No Variations]"
Add component (AddParameter): Name = "Manufacturer"; Value = "Murata"; VariantName = "[No Variations]"
Add component (AddParameter): Name = "Manufacturer Part Number"; Value = "GRM033C81A224KE01D"; VariantName = "[No Variations]"
Add component (AddParameter): Name = "Operating temperature range"; Value = ""; VariantName = "[No Variations]"
Add component (AddParameter): Name = "Package"; Value = "0201"; VariantName = "[No Variations]"
Add component (AddParameter): Name = "Part Number"; Value = "GRM033C81A224KE01D"; VariantName = "[No Variations]"
Add component (AddParameter): Name = "Remark"; Value = ""; VariantName = "[No Variations]"
Add component (AddParameter): Name = "RoHS"; Value = ""; VariantName = "[No Variations]"
Add component (AddParameter): Name = "Sort order"; Value = "302"; VariantName = "[No Variations]"
Add component (AddParameter): Name = "Source"; Value = ""; VariantName = "[No Variations]"
Add component (AddParameter): Name = "System"; Value = "RLC"; VariantName = "[No Variations]"
Add component (AddParameter): Name = "Temperature characteristics"; Value = "X6S"; VariantName = "[No Variations]"
Add component (AddParameter): Name = "Tolerance"; Value = "+/-20%"; VariantName = "[No Variations]"
Add component (AddParameter): Name = "Value"; Value = "220nF"; VariantName = "[No Variations]"
Add component (AddParameter): Name = "Voltage"; Value = "10V"; VariantName = "[No Variations]"
Added Component: Designator=C60(CAP_0402_H09W07_UN1Q)
Add component (AddParameter): Name = "Alternative component"; Value = "Allowed"; VariantName = "[No Variations]"
Add component (AddParameter): Name = "ClassName"; Value = ""; VariantName = "[No Variations]"
Add component (AddParameter): Name = "Component Type"; Value = "Capacitor"; VariantName = "[No Variations]"
Add component (AddParameter): Name = "ComponentLink1Description"; Value = "1_Datasheet"; VariantName = "[No Variations]"
Add component (AddParameter): Name = "ComponentLink1URL"; Value = ""; VariantName = "[No Variations]"
Add component (AddParameter): Name = "ComponentLink2Description"; Value = "2_Product page"; VariantName = "[No Variations]"
Add component (AddParameter): Name = "ComponentLink2URL"; Value = ""; VariantName = "[No Variations]"
Add component (AddParameter): Name = "ComponentLink3Description"; Value = "3_X-information"; VariantName = "[No Variations]"
Add component (AddParameter): Name = "ComponentLink3URL"; Value = ""; VariantName = "[No Variations]"
Add component (AddParameter): Name = "ComponentLink4Description"; Value = "4_X-information"; VariantName = "[No Variations]"
Add component (AddParameter): Name = "ComponentLink4URL"; Value = ""; VariantName = "[No Variations]"
Add component (AddParameter): Name = "Creation date"; Value = "26042024"; VariantName = "[No Variations]"
Add component (AddParameter): Name = "Dimensions WxLxH"; Value = ""; VariantName = "[No Variations]"
Add component (AddParameter): Name = "ECCN"; Value = ""; VariantName = "[No Variations]"
Add component (AddParameter): Name = "HasBeenBuilt"; Value = "TBD"; VariantName = "[No Variations]"
Add component (AddParameter): Name = "Manufacturer"; Value = "Cal-Chip Electronics, Inc."; VariantName = "[No Variations]"
Add component (AddParameter): Name = "Manufacturer Part Number"; Value = "GMC04X6S106M6R3NT"; VariantName = "[No Variations]"
Add component (AddParameter): Name = "Operating temperature range"; Value = ""; VariantName = "[No Variations]"
Add component (AddParameter): Name = "Package"; Value = "0402"; VariantName = "[No Variations]"
Add component (AddParameter): Name = "Part Number"; Value = "GMC04X6S106M6R3NT"; VariantName = "[No Variations]"
Add component (AddParameter): Name = "Remark"; Value = ""; VariantName = "[No Variations]"
Add component (AddParameter): Name = "RoHS"; Value = ""; VariantName = "[No Variations]"
Add component (AddParameter): Name = "Sort order"; Value = "304"; VariantName = "[No Variations]"
Add component (AddParameter): Name = "Source"; Value = ""; VariantName = "[No Variations]"
Add component (AddParameter): Name = "System"; Value = "RLC"; VariantName = "[No Variations]"
Add component (AddParameter): Name = "Temperature characteristics"; Value = "X6S"; VariantName = "[No Variations]"
Add component (AddParameter): Name = "Tolerance"; Value = "+/-20%"; VariantName = "[No Variations]"
Add component (AddParameter): Name = "Value"; Value = "10uF"; VariantName = "[No Variations]"
Add component (AddParameter): Name = "Voltage"; Value = "6.3V"; VariantName = "[No Variations]"
Added Component: Designator=C61(CAP_0201_UN1Q)
Add component (AddParameter): Name = "Alternative component"; Value = "Allowed"; VariantName = "[No Variations]"
Add component (AddParameter): Name = "ClassName"; Value = "SMALL"; VariantName = "[No Variations]"
Add component (AddParameter): Name = "Component Type"; Value = "Capacitor"; VariantName = "[No Variations]"
Add component (AddParameter): Name = "ComponentLink1Description"; Value = "1_Datasheet"; VariantName = "[No Variations]"
Add component (AddParameter): Name = "ComponentLink1URL"; Value = ""; VariantName = "[No Variations]"
Add component (AddParameter): Name = "ComponentLink2Description"; Value = "2_Product page"; VariantName = "[No Variations]"
Add component (AddParameter): Name = "ComponentLink2URL"; Value = ""; VariantName = "[No Variations]"
Add component (AddParameter): Name = "ComponentLink3Description"; Value = "3_X-information"; VariantName = "[No Variations]"
Add component (AddParameter): Name = "ComponentLink3URL"; Value = ""; VariantName = "[No Variations]"
Add component (AddParameter): Name = "ComponentLink4Description"; Value = "4_X-information"; VariantName = "[No Variations]"
Add component (AddParameter): Name = "ComponentLink4URL"; Value = ""; VariantName = "[No Variations]"
Add component (AddParameter): Name = "Creation date"; Value = "26042024"; VariantName = "[No Variations]"
Add component (AddParameter): Name = "Dimensions WxLxH"; Value = "0.35"; VariantName = "[No Variations]"
Add component (AddParameter): Name = "ECCN"; Value = ""; VariantName = "[No Variations]"
Add component (AddParameter): Name = "HasBeenBuilt"; Value = "TBD"; VariantName = "[No Variations]"
Add component (AddParameter): Name = "Manufacturer"; Value = "Murata"; VariantName = "[No Variations]"
Add component (AddParameter): Name = "Manufacturer Part Number"; Value = "GRM033C81A224KE01D"; VariantName = "[No Variations]"
Add component (AddParameter): Name = "Operating temperature range"; Value = ""; VariantName = "[No Variations]"
Add component (AddParameter): Name = "Package"; Value = "0201"; VariantName = "[No Variations]"
Add component (AddParameter): Name = "Part Number"; Value = "GRM033C81A224KE01D"; VariantName = "[No Variations]"
Add component (AddParameter): Name = "Remark"; Value = ""; VariantName = "[No Variations]"
Add component (AddParameter): Name = "RoHS"; Value = ""; VariantName = "[No Variations]"
Add component (AddParameter): Name = "Sort order"; Value = "302"; VariantName = "[No Variations]"
Add component (AddParameter): Name = "Source"; Value = ""; VariantName = "[No Variations]"
Add component (AddParameter): Name = "System"; Value = "RLC"; VariantName = "[No Variations]"
Add component (AddParameter): Name = "Temperature characteristics"; Value = "X6S"; VariantName = "[No Variations]"
Add component (AddParameter): Name = "Tolerance"; Value = "+/-20%"; VariantName = "[No Variations]"
Add component (AddParameter): Name = "Value"; Value = "220nF"; VariantName = "[No Variations]"
Add component (AddParameter): Name = "Voltage"; Value = "10V"; VariantName = "[No Variations]"
Added Component: Designator=C62(CAP_0201_UN1Q)
Add component (AddParameter): Name = "Alternative component"; Value = "Allowed"; VariantName = "[No Variations]"
Add component (AddParameter): Name = "ClassName"; Value = "SMALL"; VariantName = "[No Variations]"
Add component (AddParameter): Name = "Component Type"; Value = "Capacitor"; VariantName = "[No Variations]"
Add component (AddParameter): Name = "ComponentLink1Description"; Value = "1_Datasheet"; VariantName = "[No Variations]"
Add component (AddParameter): Name = "ComponentLink1URL"; Value = ""; VariantName = "[No Variations]"
Add component (AddParameter): Name = "ComponentLink2Description"; Value = "2_Product page"; VariantName = "[No Variations]"
Add component (AddParameter): Name = "ComponentLink2URL"; Value = ""; VariantName = "[No Variations]"
Add component (AddParameter): Name = "ComponentLink3Description"; Value = "3_X-information"; VariantName = "[No Variations]"
Add component (AddParameter): Name = "ComponentLink3URL"; Value = ""; VariantName = "[No Variations]"
Add component (AddParameter): Name = "ComponentLink4Description"; Value = "4_X-information"; VariantName = "[No Variations]"
Add component (AddParameter): Name = "ComponentLink4URL"; Value = ""; VariantName = "[No Variations]"
Add component (AddParameter): Name = "Creation date"; Value = "26042024"; VariantName = "[No Variations]"
Add component (AddParameter): Name = "Dimensions WxLxH"; Value = "0.35"; VariantName = "[No Variations]"
Add component (AddParameter): Name = "ECCN"; Value = ""; VariantName = "[No Variations]"
Add component (AddParameter): Name = "HasBeenBuilt"; Value = "TBD"; VariantName = "[No Variations]"
Add component (AddParameter): Name = "Manufacturer"; Value = "Murata"; VariantName = "[No Variations]"
Add component (AddParameter): Name = "Manufacturer Part Number"; Value = "GRM033C81A224KE01D"; VariantName = "[No Variations]"
Add component (AddParameter): Name = "Operating temperature range"; Value = ""; VariantName = "[No Variations]"
Add component (AddParameter): Name = "Package"; Value = "0201"; VariantName = "[No Variations]"
Add component (AddParameter): Name = "Part Number"; Value = "GRM033C81A224KE01D"; VariantName = "[No Variations]"
Add component (AddParameter): Name = "Remark"; Value = ""; VariantName = "[No Variations]"
Add component (AddParameter): Name = "RoHS"; Value = ""; VariantName = "[No Variations]"
Add component (AddParameter): Name = "Sort order"; Value = "302"; VariantName = "[No Variations]"
Add component (AddParameter): Name = "Source"; Value = ""; VariantName = "[No Variations]"
Add component (AddParameter): Name = "System"; Value = "RLC"; VariantName = "[No Variations]"
Add component (AddParameter): Name = "Temperature characteristics"; Value = "X6S"; VariantName = "[No Variations]"
Add component (AddParameter): Name = "Tolerance"; Value = "+/-20%"; VariantName = "[No Variations]"
Add component (AddParameter): Name = "Value"; Value = "220nF"; VariantName = "[No Variations]"
Add component (AddParameter): Name = "Voltage"; Value = "10V"; VariantName = "[No Variations]"
Added Component: Designator=C63(CAP_0201_UN1Q)
Add component (AddParameter): Name = "Alternative component"; Value = "Allowed"; VariantName = "[No Variations]"
Add component (AddParameter): Name = "ClassName"; Value = "SMALL"; VariantName = "[No Variations]"
Add component (AddParameter): Name = "Component Type"; Value = "Capacitor"; VariantName = "[No Variations]"
Add component (AddParameter): Name = "ComponentLink1Description"; Value = "1_Datasheet"; VariantName = "[No Variations]"
Add component (AddParameter): Name = "ComponentLink1URL"; Value = ""; VariantName = "[No Variations]"
Add component (AddParameter): Name = "ComponentLink2Description"; Value = "2_Product page"; VariantName = "[No Variations]"
Add component (AddParameter): Name = "ComponentLink2URL"; Value = ""; VariantName = "[No Variations]"
Add component (AddParameter): Name = "ComponentLink3Description"; Value = "3_X-information"; VariantName = "[No Variations]"
Add component (AddParameter): Name = "ComponentLink3URL"; Value = ""; VariantName = "[No Variations]"
Add component (AddParameter): Name = "ComponentLink4Description"; Value = "4_X-information"; VariantName = "[No Variations]"
Add component (AddParameter): Name = "ComponentLink4URL"; Value = ""; VariantName = "[No Variations]"
Add component (AddParameter): Name = "Creation date"; Value = "26042024"; VariantName = "[No Variations]"
Add component (AddParameter): Name = "Dimensions WxLxH"; Value = "0.35"; VariantName = "[No Variations]"
Add component (AddParameter): Name = "ECCN"; Value = ""; VariantName = "[No Variations]"
Add component (AddParameter): Name = "HasBeenBuilt"; Value = "TBD"; VariantName = "[No Variations]"
Add component (AddParameter): Name = "Manufacturer"; Value = "Murata"; VariantName = "[No Variations]"
Add component (AddParameter): Name = "Manufacturer Part Number"; Value = "GRM033C81A224KE01D"; VariantName = "[No Variations]"
Add component (AddParameter): Name = "Operating temperature range"; Value = ""; VariantName = "[No Variations]"
Add component (AddParameter): Name = "Package"; Value = "0201"; VariantName = "[No Variations]"
Add component (AddParameter): Name = "Part Number"; Value = "GRM033C81A224KE01D"; VariantName = "[No Variations]"
Add component (AddParameter): Name = "Remark"; Value = ""; VariantName = "[No Variations]"
Add component (AddParameter): Name = "RoHS"; Value = ""; VariantName = "[No Variations]"
Add component (AddParameter): Name = "Sort order"; Value = "302"; VariantName = "[No Variations]"
Add component (AddParameter): Name = "Source"; Value = ""; VariantName = "[No Variations]"
Add component (AddParameter): Name = "System"; Value = "RLC"; VariantName = "[No Variations]"
Add component (AddParameter): Name = "Temperature characteristics"; Value = "X6S"; VariantName = "[No Variations]"
Add component (AddParameter): Name = "Tolerance"; Value = "+/-20%"; VariantName = "[No Variations]"
Add component (AddParameter): Name = "Value"; Value = "220nF"; VariantName = "[No Variations]"
Add component (AddParameter): Name = "Voltage"; Value = "10V"; VariantName = "[No Variations]"
Added Component: Designator=C64(CAP_0201_UN1Q)
Add component (AddParameter): Name = "Alternative component"; Value = "Allowed"; VariantName = "[No Variations]"
Add component (AddParameter): Name = "ClassName"; Value = "SMALL"; VariantName = "[No Variations]"
Add component (AddParameter): Name = "Component Type"; Value = "Capacitor"; VariantName = "[No Variations]"
Add component (AddParameter): Name = "ComponentLink1Description"; Value = "1_Datasheet"; VariantName = "[No Variations]"
Add component (AddParameter): Name = "ComponentLink1URL"; Value = ""; VariantName = "[No Variations]"
Add component (AddParameter): Name = "ComponentLink2Description"; Value = "2_Product page"; VariantName = "[No Variations]"
Add component (AddParameter): Name = "ComponentLink2URL"; Value = ""; VariantName = "[No Variations]"
Add component (AddParameter): Name = "ComponentLink3Description"; Value = "3_X-information"; VariantName = "[No Variations]"
Add component (AddParameter): Name = "ComponentLink3URL"; Value = ""; VariantName = "[No Variations]"
Add component (AddParameter): Name = "ComponentLink4Description"; Value = "4_X-information"; VariantName = "[No Variations]"
Add component (AddParameter): Name = "ComponentLink4URL"; Value = ""; VariantName = "[No Variations]"
Add component (AddParameter): Name = "Creation date"; Value = "26042024"; VariantName = "[No Variations]"
Add component (AddParameter): Name = "Dimensions WxLxH"; Value = "0.35"; VariantName = "[No Variations]"
Add component (AddParameter): Name = "ECCN"; Value = ""; VariantName = "[No Variations]"
Add component (AddParameter): Name = "HasBeenBuilt"; Value = "TBD"; VariantName = "[No Variations]"
Add component (AddParameter): Name = "Manufacturer"; Value = "Murata"; VariantName = "[No Variations]"
Add component (AddParameter): Name = "Manufacturer Part Number"; Value = "GRM033C81A224KE01D"; VariantName = "[No Variations]"
Add component (AddParameter): Name = "Operating temperature range"; Value = ""; VariantName = "[No Variations]"
Add component (AddParameter): Name = "Package"; Value = "0201"; VariantName = "[No Variations]"
Add component (AddParameter): Name = "Part Number"; Value = "GRM033C81A224KE01D"; VariantName = "[No Variations]"
Add component (AddParameter): Name = "Remark"; Value = ""; VariantName = "[No Variations]"
Add component (AddParameter): Name = "RoHS"; Value = ""; VariantName = "[No Variations]"
Add component (AddParameter): Name = "Sort order"; Value = "302"; VariantName = "[No Variations]"
Add component (AddParameter): Name = "Source"; Value = ""; VariantName = "[No Variations]"
Add component (AddParameter): Name = "System"; Value = "RLC"; VariantName = "[No Variations]"
Add component (AddParameter): Name = "Temperature characteristics"; Value = "X6S"; VariantName = "[No Variations]"
Add component (AddParameter): Name = "Tolerance"; Value = "+/-20%"; VariantName = "[No Variations]"
Add component (AddParameter): Name = "Value"; Value = "220nF"; VariantName = "[No Variations]"
Add component (AddParameter): Name = "Voltage"; Value = "10V"; VariantName = "[No Variations]"
Added Component: Designator=C65(CAP_0201_UN1Q)
Add component (AddParameter): Name = "Alternative component"; Value = "Allowed"; VariantName = "[No Variations]"
Add component (AddParameter): Name = "ClassName"; Value = "SMALL"; VariantName = "[No Variations]"
Add component (AddParameter): Name = "Component Type"; Value = "Capacitor"; VariantName = "[No Variations]"
Add component (AddParameter): Name = "ComponentLink1Description"; Value = "1_Datasheet"; VariantName = "[No Variations]"
Add component (AddParameter): Name = "ComponentLink1URL"; Value = ""; VariantName = "[No Variations]"
Add component (AddParameter): Name = "ComponentLink2Description"; Value = "2_Product page"; VariantName = "[No Variations]"
Add component (AddParameter): Name = "ComponentLink2URL"; Value = ""; VariantName = "[No Variations]"
Add component (AddParameter): Name = "ComponentLink3Description"; Value = "3_X-information"; VariantName = "[No Variations]"
Add component (AddParameter): Name = "ComponentLink3URL"; Value = ""; VariantName = "[No Variations]"
Add component (AddParameter): Name = "ComponentLink4Description"; Value = "4_X-information"; VariantName = "[No Variations]"
Add component (AddParameter): Name = "ComponentLink4URL"; Value = ""; VariantName = "[No Variations]"
Add component (AddParameter): Name = "Creation date"; Value = "26042024"; VariantName = "[No Variations]"
Add component (AddParameter): Name = "Dimensions WxLxH"; Value = "0.35"; VariantName = "[No Variations]"
Add component (AddParameter): Name = "ECCN"; Value = ""; VariantName = "[No Variations]"
Add component (AddParameter): Name = "HasBeenBuilt"; Value = "TBD"; VariantName = "[No Variations]"
Add component (AddParameter): Name = "Manufacturer"; Value = "Murata"; VariantName = "[No Variations]"
Add component (AddParameter): Name = "Manufacturer Part Number"; Value = "GRM033C81A224KE01D"; VariantName = "[No Variations]"
Add component (AddParameter): Name = "Operating temperature range"; Value = ""; VariantName = "[No Variations]"
Add component (AddParameter): Name = "Package"; Value = "0201"; VariantName = "[No Variations]"
Add component (AddParameter): Name = "Part Number"; Value = "GRM033C81A224KE01D"; VariantName = "[No Variations]"
Add component (AddParameter): Name = "Remark"; Value = ""; VariantName = "[No Variations]"
Add component (AddParameter): Name = "RoHS"; Value = ""; VariantName = "[No Variations]"
Add component (AddParameter): Name = "Sort order"; Value = "302"; VariantName = "[No Variations]"
Add component (AddParameter): Name = "Source"; Value = ""; VariantName = "[No Variations]"
Add component (AddParameter): Name = "System"; Value = "RLC"; VariantName = "[No Variations]"
Add component (AddParameter): Name = "Temperature characteristics"; Value = "X6S"; VariantName = "[No Variations]"
Add component (AddParameter): Name = "Tolerance"; Value = "+/-20%"; VariantName = "[No Variations]"
Add component (AddParameter): Name = "Value"; Value = "220nF"; VariantName = "[No Variations]"
Add component (AddParameter): Name = "Voltage"; Value = "10V"; VariantName = "[No Variations]"
Added Component: Designator=C66(CAP_0402_H09W07_UN1Q)
Add component (AddParameter): Name = "Alternative component"; Value = "Allowed"; VariantName = "[No Variations]"
Add component (AddParameter): Name = "ClassName"; Value = ""; VariantName = "[No Variations]"
Add component (AddParameter): Name = "Component Type"; Value = "Capacitor"; VariantName = "[No Variations]"
Add component (AddParameter): Name = "ComponentLink1Description"; Value = "1_Datasheet"; VariantName = "[No Variations]"
Add component (AddParameter): Name = "ComponentLink1URL"; Value = ""; VariantName = "[No Variations]"
Add component (AddParameter): Name = "ComponentLink2Description"; Value = "2_Product page"; VariantName = "[No Variations]"
Add component (AddParameter): Name = "ComponentLink2URL"; Value = ""; VariantName = "[No Variations]"
Add component (AddParameter): Name = "ComponentLink3Description"; Value = "3_X-information"; VariantName = "[No Variations]"
Add component (AddParameter): Name = "ComponentLink3URL"; Value = ""; VariantName = "[No Variations]"
Add component (AddParameter): Name = "ComponentLink4Description"; Value = "4_X-information"; VariantName = "[No Variations]"
Add component (AddParameter): Name = "ComponentLink4URL"; Value = ""; VariantName = "[No Variations]"
Add component (AddParameter): Name = "Creation date"; Value = "26042024"; VariantName = "[No Variations]"
Add component (AddParameter): Name = "Dimensions WxLxH"; Value = ""; VariantName = "[No Variations]"
Add component (AddParameter): Name = "ECCN"; Value = ""; VariantName = "[No Variations]"
Add component (AddParameter): Name = "HasBeenBuilt"; Value = "TBD"; VariantName = "[No Variations]"
Add component (AddParameter): Name = "Manufacturer"; Value = "Cal-Chip Electronics, Inc."; VariantName = "[No Variations]"
Add component (AddParameter): Name = "Manufacturer Part Number"; Value = "GMC04X6S106M6R3NT"; VariantName = "[No Variations]"
Add component (AddParameter): Name = "Operating temperature range"; Value = ""; VariantName = "[No Variations]"
Add component (AddParameter): Name = "Package"; Value = "0402"; VariantName = "[No Variations]"
Add component (AddParameter): Name = "Part Number"; Value = "GMC04X6S106M6R3NT"; VariantName = "[No Variations]"
Add component (AddParameter): Name = "Remark"; Value = ""; VariantName = "[No Variations]"
Add component (AddParameter): Name = "RoHS"; Value = ""; VariantName = "[No Variations]"
Add component (AddParameter): Name = "Sort order"; Value = "304"; VariantName = "[No Variations]"
Add component (AddParameter): Name = "Source"; Value = ""; VariantName = "[No Variations]"
Add component (AddParameter): Name = "System"; Value = "RLC"; VariantName = "[No Variations]"
Add component (AddParameter): Name = "Temperature characteristics"; Value = "X6S"; VariantName = "[No Variations]"
Add component (AddParameter): Name = "Tolerance"; Value = "+/-20%"; VariantName = "[No Variations]"
Add component (AddParameter): Name = "Value"; Value = "10uF"; VariantName = "[No Variations]"
Add component (AddParameter): Name = "Voltage"; Value = "6.3V"; VariantName = "[No Variations]"
Added Component: Designator=C67(CAP_0603_UN1Q)
Add component (AddParameter): Name = "Alternative component"; Value = "Allowed"; VariantName = "[No Variations]"
Add component (AddParameter): Name = "ClassName"; Value = ""; VariantName = "[No Variations]"
Add component (AddParameter): Name = "Component Type"; Value = "Capacitor"; VariantName = "[No Variations]"
Add component (AddParameter): Name = "ComponentLink1Description"; Value = "1_Datasheet"; VariantName = "[No Variations]"
Add component (AddParameter): Name = "ComponentLink1URL"; Value = ""; VariantName = "[No Variations]"
Add component (AddParameter): Name = "ComponentLink2Description"; Value = "2_Product page"; VariantName = "[No Variations]"
Add component (AddParameter): Name = "ComponentLink2URL"; Value = ""; VariantName = "[No Variations]"
Add component (AddParameter): Name = "ComponentLink3Description"; Value = "3_X-information"; VariantName = "[No Variations]"
Add component (AddParameter): Name = "ComponentLink3URL"; Value = ""; VariantName = "[No Variations]"
Add component (AddParameter): Name = "ComponentLink4Description"; Value = "4_X-information"; VariantName = "[No Variations]"
Add component (AddParameter): Name = "ComponentLink4URL"; Value = ""; VariantName = "[No Variations]"
Add component (AddParameter): Name = "ComponentLink5Description"; Value = ""; VariantName = "[No Variations]"
Add component (AddParameter): Name = "ComponentLink5URL"; Value = ""; VariantName = "[No Variations]"
Add component (AddParameter): Name = "Creation date"; Value = "20240404"; VariantName = "[No Variations]"
Add component (AddParameter): Name = "Dimensions WxLxH"; Value = ""; VariantName = "[No Variations]"
Add component (AddParameter): Name = "ECCN"; Value = ""; VariantName = "[No Variations]"
Add component (AddParameter): Name = "HasBeenBuilt"; Value = ""; VariantName = "[No Variations]"
Add component (AddParameter): Name = "Manufacturer"; Value = "Murata"; VariantName = "[No Variations]"
Add component (AddParameter): Name = "Manufacturer Part Number"; Value = "GRM188Z71A106KA73D"; VariantName = "[No Variations]"
Add component (AddParameter): Name = "Operating temperature range"; Value = ""; VariantName = "[No Variations]"
Add component (AddParameter): Name = "Package"; Value = "0603"; VariantName = "[No Variations]"
Add component (AddParameter): Name = "Part Number"; Value = "GRM188Z71A106KA73D"; VariantName = "[No Variations]"
Add component (AddParameter): Name = "Remark"; Value = ""; VariantName = "[No Variations]"
Add component (AddParameter): Name = "RoHS"; Value = ""; VariantName = "[No Variations]"
Add component (AddParameter): Name = "Sort order"; Value = "306"; VariantName = "[No Variations]"
Add component (AddParameter): Name = "Source"; Value = ""; VariantName = "[No Variations]"
Add component (AddParameter): Name = "System"; Value = "RLC"; VariantName = "[No Variations]"
Add component (AddParameter): Name = "Temperature characteristics"; Value = "X7R"; VariantName = "[No Variations]"
Add component (AddParameter): Name = "Tolerance"; Value = "+/-10%"; VariantName = "[No Variations]"
Add component (AddParameter): Name = "Value"; Value = "10uF"; VariantName = "[No Variations]"
Add component (AddParameter): Name = "Voltage"; Value = "10V"; VariantName = "[No Variations]"
Added Component: Designator=C68(CAP_0201_UN1Q)
Add component (AddParameter): Name = "Alternative component"; Value = "Allowed"; VariantName = "[No Variations]"
Add component (AddParameter): Name = "ClassName"; Value = "SMALL"; VariantName = "[No Variations]"
Add component (AddParameter): Name = "Component Type"; Value = "Capacitor"; VariantName = "[No Variations]"
Add component (AddParameter): Name = "ComponentLink1Description"; Value = "1_Datasheet"; VariantName = "[No Variations]"
Add component (AddParameter): Name = "ComponentLink1URL"; Value = ""; VariantName = "[No Variations]"
Add component (AddParameter): Name = "ComponentLink2Description"; Value = "2_Product page"; VariantName = "[No Variations]"
Add component (AddParameter): Name = "ComponentLink2URL"; Value = ""; VariantName = "[No Variations]"
Add component (AddParameter): Name = "ComponentLink3Description"; Value = "3_X-information"; VariantName = "[No Variations]"
Add component (AddParameter): Name = "ComponentLink3URL"; Value = ""; VariantName = "[No Variations]"
Add component (AddParameter): Name = "ComponentLink4Description"; Value = "4_X-information"; VariantName = "[No Variations]"
Add component (AddParameter): Name = "ComponentLink4URL"; Value = ""; VariantName = "[No Variations]"
Add component (AddParameter): Name = "ComponentLink5Description"; Value = ""; VariantName = "[No Variations]"
Add component (AddParameter): Name = "ComponentLink5URL"; Value = ""; VariantName = "[No Variations]"
Add component (AddParameter): Name = "Creation date"; Value = "20190101"; VariantName = "[No Variations]"
Add component (AddParameter): Name = "Dimensions WxLxH"; Value = ""; VariantName = "[No Variations]"
Add component (AddParameter): Name = "ECCN"; Value = ""; VariantName = "[No Variations]"
Add component (AddParameter): Name = "HasBeenBuilt"; Value = "False"; VariantName = "[No Variations]"
Add component (AddParameter): Name = "Manufacturer"; Value = "Kyocera"; VariantName = "[No Variations]"
Add component (AddParameter): Name = "Manufacturer Part Number"; Value = "KGM03CS61A105MH"; VariantName = "[No Variations]"
Add component (AddParameter): Name = "Operating temperature range"; Value = "-55C to +105C"; VariantName = "[No Variations]"
Add component (AddParameter): Name = "Package"; Value = "0201"; VariantName = "[No Variations]"
Add component (AddParameter): Name = "Part Number"; Value = "KGM03CS61A105MH"; VariantName = "[No Variations]"
Add component (AddParameter): Name = "Remark"; Value = ""; VariantName = "[No Variations]"
Add component (AddParameter): Name = "RoHS"; Value = ""; VariantName = "[No Variations]"
Add component (AddParameter): Name = "Sort order"; Value = "302"; VariantName = "[No Variations]"
Add component (AddParameter): Name = "Source"; Value = "RLC_UN1Q.SchLib"; VariantName = "[No Variations]"
Add component (AddParameter): Name = "System"; Value = "RLC"; VariantName = "[No Variations]"
Add component (AddParameter): Name = "Temperature characteristics"; Value = "X6S"; VariantName = "[No Variations]"
Add component (AddParameter): Name = "Tolerance"; Value = "+/-20%"; VariantName = "[No Variations]"
Add component (AddParameter): Name = "Value"; Value = "1uF"; VariantName = "[No Variations]"
Add component (AddParameter): Name = "Voltage"; Value = "10V"; VariantName = "[No Variations]"
Added Component: Designator=C69(CAP_0603_UN1Q)
Add component (AddParameter): Name = "Alternative component"; Value = "Allowed"; VariantName = "[No Variations]"
Add component (AddParameter): Name = "ClassName"; Value = ""; VariantName = "[No Variations]"
Add component (AddParameter): Name = "Component Type"; Value = "Capacitor"; VariantName = "[No Variations]"
Add component (AddParameter): Name = "ComponentLink1Description"; Value = "1_Datasheet"; VariantName = "[No Variations]"
Add component (AddParameter): Name = "ComponentLink1URL"; Value = ""; VariantName = "[No Variations]"
Add component (AddParameter): Name = "ComponentLink2Description"; Value = "2_Product page"; VariantName = "[No Variations]"
Add component (AddParameter): Name = "ComponentLink2URL"; Value = ""; VariantName = "[No Variations]"
Add component (AddParameter): Name = "ComponentLink3Description"; Value = "3_X-information"; VariantName = "[No Variations]"
Add component (AddParameter): Name = "ComponentLink3URL"; Value = ""; VariantName = "[No Variations]"
Add component (AddParameter): Name = "ComponentLink4Description"; Value = "4_X-information"; VariantName = "[No Variations]"
Add component (AddParameter): Name = "ComponentLink4URL"; Value = ""; VariantName = "[No Variations]"
Add component (AddParameter): Name = "ComponentLink5Description"; Value = ""; VariantName = "[No Variations]"
Add component (AddParameter): Name = "ComponentLink5URL"; Value = ""; VariantName = "[No Variations]"
Add component (AddParameter): Name = "Creation date"; Value = "20240404"; VariantName = "[No Variations]"
Add component (AddParameter): Name = "Dimensions WxLxH"; Value = ""; VariantName = "[No Variations]"
Add component (AddParameter): Name = "ECCN"; Value = ""; VariantName = "[No Variations]"
Add component (AddParameter): Name = "HasBeenBuilt"; Value = ""; VariantName = "[No Variations]"
Add component (AddParameter): Name = "Manufacturer"; Value = "Murata"; VariantName = "[No Variations]"
Add component (AddParameter): Name = "Manufacturer Part Number"; Value = "GRM188Z71A106KA73D"; VariantName = "[No Variations]"
Add component (AddParameter): Name = "Operating temperature range"; Value = ""; VariantName = "[No Variations]"
Add component (AddParameter): Name = "Package"; Value = "0603"; VariantName = "[No Variations]"
Add component (AddParameter): Name = "Part Number"; Value = "GRM188Z71A106KA73D"; VariantName = "[No Variations]"
Add component (AddParameter): Name = "Remark"; Value = ""; VariantName = "[No Variations]"
Add component (AddParameter): Name = "RoHS"; Value = ""; VariantName = "[No Variations]"
Add component (AddParameter): Name = "Sort order"; Value = "306"; VariantName = "[No Variations]"
Add component (AddParameter): Name = "Source"; Value = ""; VariantName = "[No Variations]"
Add component (AddParameter): Name = "System"; Value = "RLC"; VariantName = "[No Variations]"
Add component (AddParameter): Name = "Temperature characteristics"; Value = "X7R"; VariantName = "[No Variations]"
Add component (AddParameter): Name = "Tolerance"; Value = "+/-10%"; VariantName = "[No Variations]"
Add component (AddParameter): Name = "Value"; Value = "10uF"; VariantName = "[No Variations]"
Add component (AddParameter): Name = "Voltage"; Value = "10V"; VariantName = "[No Variations]"
Added Component: Designator=C70(CAP_0603_UN1Q)
Add component (AddParameter): Name = "Alternative component"; Value = ""; VariantName = "[No Variations]"
Add component (AddParameter): Name = "ClassName"; Value = ""; VariantName = "[No Variations]"
Add component (AddParameter): Name = "Component Type"; Value = "Capacitor"; VariantName = "[No Variations]"
Add component (AddParameter): Name = "ComponentLink1Description"; Value = "1_Datasheet"; VariantName = "[No Variations]"
Add component (AddParameter): Name = "ComponentLink1URL"; Value = ""; VariantName = "[No Variations]"
Add component (AddParameter): Name = "ComponentLink2Description"; Value = "2_Product page"; VariantName = "[No Variations]"
Add component (AddParameter): Name = "ComponentLink2URL"; Value = ""; VariantName = "[No Variations]"
Add component (AddParameter): Name = "ComponentLink3Description"; Value = "3_X-information"; VariantName = "[No Variations]"
Add component (AddParameter): Name = "ComponentLink3URL"; Value = ""; VariantName = "[No Variations]"
Add component (AddParameter): Name = "ComponentLink4Description"; Value = "4_X-information"; VariantName = "[No Variations]"
Add component (AddParameter): Name = "ComponentLink4URL"; Value = ""; VariantName = "[No Variations]"
Add component (AddParameter): Name = "ComponentLink5Description"; Value = ""; VariantName = "[No Variations]"
Add component (AddParameter): Name = "ComponentLink5URL"; Value = ""; VariantName = "[No Variations]"
Add component (AddParameter): Name = "Creation date"; Value = "20190101"; VariantName = "[No Variations]"
Add component (AddParameter): Name = "Dimensions WxLxH"; Value = ""; VariantName = "[No Variations]"
Add component (AddParameter): Name = "ECCN"; Value = ""; VariantName = "[No Variations]"
Add component (AddParameter): Name = "HasBeenBuilt"; Value = "TBD"; VariantName = "[No Variations]"
Add component (AddParameter): Name = "Manufacturer"; Value = ""; VariantName = "[No Variations]"
Add component (AddParameter): Name = "Operating temperature range"; Value = ""; VariantName = "[No Variations]"
Add component (AddParameter): Name = "Package"; Value = "0603"; VariantName = "[No Variations]"
Add component (AddParameter): Name = "Part Number"; Value = ""; VariantName = "[No Variations]"
Add component (AddParameter): Name = "Remark"; Value = ""; VariantName = "[No Variations]"
Add component (AddParameter): Name = "RoHS"; Value = ""; VariantName = "[No Variations]"
Add component (AddParameter): Name = "Sort order"; Value = "999"; VariantName = "[No Variations]"
Add component (AddParameter): Name = "Source"; Value = "RLC_UN1Q.SchLib"; VariantName = "[No Variations]"
Add component (AddParameter): Name = "System"; Value = "RLC"; VariantName = "[No Variations]"
Add component (AddParameter): Name = "Temperature characteristics"; Value = ""; VariantName = "[No Variations]"
Add component (AddParameter): Name = "Tolerance"; Value = ""; VariantName = "[No Variations]"
Add component (AddParameter): Name = "Value"; Value = "NA"; VariantName = "[No Variations]"
Add component (AddParameter): Name = "Voltage"; Value = ""; VariantName = "[No Variations]"
Added Component: Designator=C71(CAP_0603_UN1Q)
Add component (AddParameter): Name = "Alternative component"; Value = "Allowed"; VariantName = "[No Variations]"
Add component (AddParameter): Name = "ClassName"; Value = ""; VariantName = "[No Variations]"
Add component (AddParameter): Name = "Component Type"; Value = "Capacitor"; VariantName = "[No Variations]"
Add component (AddParameter): Name = "ComponentLink1Description"; Value = "1_Datasheet"; VariantName = "[No Variations]"
Add component (AddParameter): Name = "ComponentLink1URL"; Value = ""; VariantName = "[No Variations]"
Add component (AddParameter): Name = "ComponentLink2Description"; Value = "2_Product page"; VariantName = "[No Variations]"
Add component (AddParameter): Name = "ComponentLink2URL"; Value = ""; VariantName = "[No Variations]"
Add component (AddParameter): Name = "ComponentLink3Description"; Value = "3_X-information"; VariantName = "[No Variations]"
Add component (AddParameter): Name = "ComponentLink3URL"; Value = ""; VariantName = "[No Variations]"
Add component (AddParameter): Name = "ComponentLink4Description"; Value = "4_X-information"; VariantName = "[No Variations]"
Add component (AddParameter): Name = "ComponentLink4URL"; Value = ""; VariantName = "[No Variations]"
Add component (AddParameter): Name = "Creation date"; Value = "26042024"; VariantName = "[No Variations]"
Add component (AddParameter): Name = "Dimensions WxLxH"; Value = ""; VariantName = "[No Variations]"
Add component (AddParameter): Name = "ECCN"; Value = ""; VariantName = "[No Variations]"
Add component (AddParameter): Name = "HasBeenBuilt"; Value = "TBD"; VariantName = "[No Variations]"
Add component (AddParameter): Name = "Manufacturer"; Value = "Murata"; VariantName = "[No Variations]"
Add component (AddParameter): Name = "Manufacturer Part Number"; Value = "GRM188C80J226ME15D"; VariantName = "[No Variations]"
Add component (AddParameter): Name = "Operating temperature range"; Value = ""; VariantName = "[No Variations]"
Add component (AddParameter): Name = "Package"; Value = "0603"; VariantName = "[No Variations]"
Add component (AddParameter): Name = "Part Number"; Value = "GRM188C80J226ME15D"; VariantName = "[No Variations]"
Add component (AddParameter): Name = "Remark"; Value = ""; VariantName = "[No Variations]"
Add component (AddParameter): Name = "RoHS"; Value = ""; VariantName = "[No Variations]"
Add component (AddParameter): Name = "Sort order"; Value = "306"; VariantName = "[No Variations]"
Add component (AddParameter): Name = "Source"; Value = ""; VariantName = "[No Variations]"
Add component (AddParameter): Name = "System"; Value = "RLC"; VariantName = "[No Variations]"
Add component (AddParameter): Name = "Temperature characteristics"; Value = "X6S"; VariantName = "[No Variations]"
Add component (AddParameter): Name = "Tolerance"; Value = "+/-20%"; VariantName = "[No Variations]"
Add component (AddParameter): Name = "Value"; Value = "22uF"; VariantName = "[No Variations]"
Add component (AddParameter): Name = "Voltage"; Value = "6.3V"; VariantName = "[No Variations]"
Added Component: Designator=C72(CAP_0201_UN1Q)
Add component (AddParameter): Name = "Alternative component"; Value = "Allowed"; VariantName = "[No Variations]"
Add component (AddParameter): Name = "ClassName"; Value = "SMALL"; VariantName = "[No Variations]"
Add component (AddParameter): Name = "Component Type"; Value = "Capacitor"; VariantName = "[No Variations]"
Add component (AddParameter): Name = "ComponentLink1Description"; Value = "1_Datasheet"; VariantName = "[No Variations]"
Add component (AddParameter): Name = "ComponentLink1URL"; Value = ""; VariantName = "[No Variations]"
Add component (AddParameter): Name = "ComponentLink2Description"; Value = "2_Product page"; VariantName = "[No Variations]"
Add component (AddParameter): Name = "ComponentLink2URL"; Value = ""; VariantName = "[No Variations]"
Add component (AddParameter): Name = "ComponentLink3Description"; Value = "3_X-information"; VariantName = "[No Variations]"
Add component (AddParameter): Name = "ComponentLink3URL"; Value = ""; VariantName = "[No Variations]"
Add component (AddParameter): Name = "ComponentLink4Description"; Value = "4_X-information"; VariantName = "[No Variations]"
Add component (AddParameter): Name = "ComponentLink4URL"; Value = ""; VariantName = "[No Variations]"
Add component (AddParameter): Name = "ComponentLink5Description"; Value = ""; VariantName = "[No Variations]"
Add component (AddParameter): Name = "ComponentLink5URL"; Value = ""; VariantName = "[No Variations]"
Add component (AddParameter): Name = "Creation date"; Value = "20190101"; VariantName = "[No Variations]"
Add component (AddParameter): Name = "Dimensions WxLxH"; Value = ""; VariantName = "[No Variations]"
Add component (AddParameter): Name = "ECCN"; Value = ""; VariantName = "[No Variations]"
Add component (AddParameter): Name = "HasBeenBuilt"; Value = "False"; VariantName = "[No Variations]"
Add component (AddParameter): Name = "Manufacturer"; Value = "Kyocera"; VariantName = "[No Variations]"
Add component (AddParameter): Name = "Manufacturer Part Number"; Value = "KGM03CS61A105MH"; VariantName = "[No Variations]"
Add component (AddParameter): Name = "Operating temperature range"; Value = "-55C to +105C"; VariantName = "[No Variations]"
Add component (AddParameter): Name = "Package"; Value = "0201"; VariantName = "[No Variations]"
Add component (AddParameter): Name = "Part Number"; Value = "KGM03CS61A105MH"; VariantName = "[No Variations]"
Add component (AddParameter): Name = "Remark"; Value = ""; VariantName = "[No Variations]"
Add component (AddParameter): Name = "RoHS"; Value = ""; VariantName = "[No Variations]"
Add component (AddParameter): Name = "Sort order"; Value = "302"; VariantName = "[No Variations]"
Add component (AddParameter): Name = "Source"; Value = "RLC_UN1Q.SchLib"; VariantName = "[No Variations]"
Add component (AddParameter): Name = "System"; Value = "RLC"; VariantName = "[No Variations]"
Add component (AddParameter): Name = "Temperature characteristics"; Value = "X6S"; VariantName = "[No Variations]"
Add component (AddParameter): Name = "Tolerance"; Value = "+/-20%"; VariantName = "[No Variations]"
Add component (AddParameter): Name = "Value"; Value = "1uF"; VariantName = "[No Variations]"
Add component (AddParameter): Name = "Voltage"; Value = "10V"; VariantName = "[No Variations]"
Added Component: Designator=C73(CAP_0603_UN1Q)
Add component (AddParameter): Name = "Alternative component"; Value = "Allowed"; VariantName = "[No Variations]"
Add component (AddParameter): Name = "ClassName"; Value = ""; VariantName = "[No Variations]"
Add component (AddParameter): Name = "Component Type"; Value = "Capacitor"; VariantName = "[No Variations]"
Add component (AddParameter): Name = "ComponentLink1Description"; Value = "1_Datasheet"; VariantName = "[No Variations]"
Add component (AddParameter): Name = "ComponentLink1URL"; Value = ""; VariantName = "[No Variations]"
Add component (AddParameter): Name = "ComponentLink2Description"; Value = "2_Product page"; VariantName = "[No Variations]"
Add component (AddParameter): Name = "ComponentLink2URL"; Value = ""; VariantName = "[No Variations]"
Add component (AddParameter): Name = "ComponentLink3Description"; Value = "3_X-information"; VariantName = "[No Variations]"
Add component (AddParameter): Name = "ComponentLink3URL"; Value = ""; VariantName = "[No Variations]"
Add component (AddParameter): Name = "ComponentLink4Description"; Value = "4_X-information"; VariantName = "[No Variations]"
Add component (AddParameter): Name = "ComponentLink4URL"; Value = ""; VariantName = "[No Variations]"
Add component (AddParameter): Name = "ComponentLink5Description"; Value = ""; VariantName = "[No Variations]"
Add component (AddParameter): Name = "ComponentLink5URL"; Value = ""; VariantName = "[No Variations]"
Add component (AddParameter): Name = "Creation date"; Value = "20240404"; VariantName = "[No Variations]"
Add component (AddParameter): Name = "Dimensions WxLxH"; Value = ""; VariantName = "[No Variations]"
Add component (AddParameter): Name = "ECCN"; Value = ""; VariantName = "[No Variations]"
Add component (AddParameter): Name = "HasBeenBuilt"; Value = ""; VariantName = "[No Variations]"
Add component (AddParameter): Name = "Manufacturer"; Value = "Murata"; VariantName = "[No Variations]"
Add component (AddParameter): Name = "Manufacturer Part Number"; Value = "GRM188Z71A106KA73D"; VariantName = "[No Variations]"
Add component (AddParameter): Name = "Operating temperature range"; Value = ""; VariantName = "[No Variations]"
Add component (AddParameter): Name = "Package"; Value = "0603"; VariantName = "[No Variations]"
Add component (AddParameter): Name = "Part Number"; Value = "GRM188Z71A106KA73D"; VariantName = "[No Variations]"
Add component (AddParameter): Name = "Remark"; Value = ""; VariantName = "[No Variations]"
Add component (AddParameter): Name = "RoHS"; Value = ""; VariantName = "[No Variations]"
Add component (AddParameter): Name = "Sort order"; Value = "306"; VariantName = "[No Variations]"
Add component (AddParameter): Name = "Source"; Value = ""; VariantName = "[No Variations]"
Add component (AddParameter): Name = "System"; Value = "RLC"; VariantName = "[No Variations]"
Add component (AddParameter): Name = "Temperature characteristics"; Value = "X7R"; VariantName = "[No Variations]"
Add component (AddParameter): Name = "Tolerance"; Value = "+/-10%"; VariantName = "[No Variations]"
Add component (AddParameter): Name = "Value"; Value = "10uF"; VariantName = "[No Variations]"
Add component (AddParameter): Name = "Voltage"; Value = "10V"; VariantName = "[No Variations]"
Added Component: Designator=C74(CAP_0402_H09W07_UN1Q)
Add component (AddParameter): Name = "Alternative component"; Value = "Allowed"; VariantName = "[No Variations]"
Add component (AddParameter): Name = "ClassName"; Value = ""; VariantName = "[No Variations]"
Add component (AddParameter): Name = "Component Type"; Value = "Capacitor"; VariantName = "[No Variations]"
Add component (AddParameter): Name = "ComponentLink1Description"; Value = "1_Datasheet"; VariantName = "[No Variations]"
Add component (AddParameter): Name = "ComponentLink1URL"; Value = ""; VariantName = "[No Variations]"
Add component (AddParameter): Name = "ComponentLink2Description"; Value = "2_Product page"; VariantName = "[No Variations]"
Add component (AddParameter): Name = "ComponentLink2URL"; Value = ""; VariantName = "[No Variations]"
Add component (AddParameter): Name = "ComponentLink3Description"; Value = "3_X-information"; VariantName = "[No Variations]"
Add component (AddParameter): Name = "ComponentLink3URL"; Value = ""; VariantName = "[No Variations]"
Add component (AddParameter): Name = "ComponentLink4Description"; Value = "4_X-information"; VariantName = "[No Variations]"
Add component (AddParameter): Name = "ComponentLink4URL"; Value = ""; VariantName = "[No Variations]"
Add component (AddParameter): Name = "Creation date"; Value = "26042024"; VariantName = "[No Variations]"
Add component (AddParameter): Name = "Dimensions WxLxH"; Value = ""; VariantName = "[No Variations]"
Add component (AddParameter): Name = "ECCN"; Value = ""; VariantName = "[No Variations]"
Add component (AddParameter): Name = "HasBeenBuilt"; Value = "TBD"; VariantName = "[No Variations]"
Add component (AddParameter): Name = "Manufacturer"; Value = "Cal-Chip Electronics, Inc."; VariantName = "[No Variations]"
Add component (AddParameter): Name = "Manufacturer Part Number"; Value = "GMC04X6S106M6R3NT"; VariantName = "[No Variations]"
Add component (AddParameter): Name = "Operating temperature range"; Value = ""; VariantName = "[No Variations]"
Add component (AddParameter): Name = "Package"; Value = "0402"; VariantName = "[No Variations]"
Add component (AddParameter): Name = "Part Number"; Value = "GMC04X6S106M6R3NT"; VariantName = "[No Variations]"
Add component (AddParameter): Name = "Remark"; Value = ""; VariantName = "[No Variations]"
Add component (AddParameter): Name = "RoHS"; Value = ""; VariantName = "[No Variations]"
Add component (AddParameter): Name = "Sort order"; Value = "304"; VariantName = "[No Variations]"
Add component (AddParameter): Name = "Source"; Value = ""; VariantName = "[No Variations]"
Add component (AddParameter): Name = "System"; Value = "RLC"; VariantName = "[No Variations]"
Add component (AddParameter): Name = "Temperature characteristics"; Value = "X6S"; VariantName = "[No Variations]"
Add component (AddParameter): Name = "Tolerance"; Value = "+/-20%"; VariantName = "[No Variations]"
Add component (AddParameter): Name = "Value"; Value = "10uF"; VariantName = "[No Variations]"
Add component (AddParameter): Name = "Voltage"; Value = "6.3V"; VariantName = "[No Variations]"
Added Component: Designator=C75(CAP_0603_UN1Q)
Add component (AddParameter): Name = "Alternative component"; Value = ""; VariantName = "[No Variations]"
Add component (AddParameter): Name = "ClassName"; Value = ""; VariantName = "[No Variations]"
Add component (AddParameter): Name = "Component Type"; Value = "Capacitor"; VariantName = "[No Variations]"
Add component (AddParameter): Name = "ComponentLink1Description"; Value = "1_Datasheet"; VariantName = "[No Variations]"
Add component (AddParameter): Name = "ComponentLink1URL"; Value = ""; VariantName = "[No Variations]"
Add component (AddParameter): Name = "ComponentLink2Description"; Value = "2_Product page"; VariantName = "[No Variations]"
Add component (AddParameter): Name = "ComponentLink2URL"; Value = ""; VariantName = "[No Variations]"
Add component (AddParameter): Name = "ComponentLink3Description"; Value = "3_X-information"; VariantName = "[No Variations]"
Add component (AddParameter): Name = "ComponentLink3URL"; Value = ""; VariantName = "[No Variations]"
Add component (AddParameter): Name = "ComponentLink4Description"; Value = "4_X-information"; VariantName = "[No Variations]"
Add component (AddParameter): Name = "ComponentLink4URL"; Value = ""; VariantName = "[No Variations]"
Add component (AddParameter): Name = "ComponentLink5Description"; Value = ""; VariantName = "[No Variations]"
Add component (AddParameter): Name = "ComponentLink5URL"; Value = ""; VariantName = "[No Variations]"
Add component (AddParameter): Name = "Creation date"; Value = "20190101"; VariantName = "[No Variations]"
Add component (AddParameter): Name = "Dimensions WxLxH"; Value = ""; VariantName = "[No Variations]"
Add component (AddParameter): Name = "ECCN"; Value = ""; VariantName = "[No Variations]"
Add component (AddParameter): Name = "HasBeenBuilt"; Value = "TBD"; VariantName = "[No Variations]"
Add component (AddParameter): Name = "Manufacturer"; Value = ""; VariantName = "[No Variations]"
Add component (AddParameter): Name = "Operating temperature range"; Value = ""; VariantName = "[No Variations]"
Add component (AddParameter): Name = "Package"; Value = "0603"; VariantName = "[No Variations]"
Add component (AddParameter): Name = "Part Number"; Value = ""; VariantName = "[No Variations]"
Add component (AddParameter): Name = "Remark"; Value = ""; VariantName = "[No Variations]"
Add component (AddParameter): Name = "RoHS"; Value = ""; VariantName = "[No Variations]"
Add component (AddParameter): Name = "Sort order"; Value = "999"; VariantName = "[No Variations]"
Add component (AddParameter): Name = "Source"; Value = "RLC_UN1Q.SchLib"; VariantName = "[No Variations]"
Add component (AddParameter): Name = "System"; Value = "RLC"; VariantName = "[No Variations]"
Add component (AddParameter): Name = "Temperature characteristics"; Value = ""; VariantName = "[No Variations]"
Add component (AddParameter): Name = "Tolerance"; Value = ""; VariantName = "[No Variations]"
Add component (AddParameter): Name = "Value"; Value = "NA"; VariantName = "[No Variations]"
Add component (AddParameter): Name = "Voltage"; Value = ""; VariantName = "[No Variations]"
Added Component: Designator=C76(CAP_0603_UN1Q)
Add component (AddParameter): Name = "Alternative component"; Value = "Allowed"; VariantName = "[No Variations]"
Add component (AddParameter): Name = "ClassName"; Value = ""; VariantName = "[No Variations]"
Add component (AddParameter): Name = "Component Type"; Value = "Capacitor"; VariantName = "[No Variations]"
Add component (AddParameter): Name = "ComponentLink1Description"; Value = "1_Datasheet"; VariantName = "[No Variations]"
Add component (AddParameter): Name = "ComponentLink1URL"; Value = ""; VariantName = "[No Variations]"
Add component (AddParameter): Name = "ComponentLink2Description"; Value = "2_Product page"; VariantName = "[No Variations]"
Add component (AddParameter): Name = "ComponentLink2URL"; Value = ""; VariantName = "[No Variations]"
Add component (AddParameter): Name = "ComponentLink3Description"; Value = "3_X-information"; VariantName = "[No Variations]"
Add component (AddParameter): Name = "ComponentLink3URL"; Value = ""; VariantName = "[No Variations]"
Add component (AddParameter): Name = "ComponentLink4Description"; Value = "4_X-information"; VariantName = "[No Variations]"
Add component (AddParameter): Name = "ComponentLink4URL"; Value = ""; VariantName = "[No Variations]"
Add component (AddParameter): Name = "ComponentLink5Description"; Value = ""; VariantName = "[No Variations]"
Add component (AddParameter): Name = "ComponentLink5URL"; Value = ""; VariantName = "[No Variations]"
Add component (AddParameter): Name = "Creation date"; Value = "20240404"; VariantName = "[No Variations]"
Add component (AddParameter): Name = "Dimensions WxLxH"; Value = ""; VariantName = "[No Variations]"
Add component (AddParameter): Name = "ECCN"; Value = ""; VariantName = "[No Variations]"
Add component (AddParameter): Name = "HasBeenBuilt"; Value = ""; VariantName = "[No Variations]"
Add component (AddParameter): Name = "Manufacturer"; Value = "Murata"; VariantName = "[No Variations]"
Add component (AddParameter): Name = "Manufacturer Part Number"; Value = "GRM188Z71A106KA73D"; VariantName = "[No Variations]"
Add component (AddParameter): Name = "Operating temperature range"; Value = ""; VariantName = "[No Variations]"
Add component (AddParameter): Name = "Package"; Value = "0603"; VariantName = "[No Variations]"
Add component (AddParameter): Name = "Part Number"; Value = "GRM188Z71A106KA73D"; VariantName = "[No Variations]"
Add component (AddParameter): Name = "Remark"; Value = ""; VariantName = "[No Variations]"
Add component (AddParameter): Name = "RoHS"; Value = ""; VariantName = "[No Variations]"
Add component (AddParameter): Name = "Sort order"; Value = "306"; VariantName = "[No Variations]"
Add component (AddParameter): Name = "Source"; Value = ""; VariantName = "[No Variations]"
Add component (AddParameter): Name = "System"; Value = "RLC"; VariantName = "[No Variations]"
Add component (AddParameter): Name = "Temperature characteristics"; Value = "X7R"; VariantName = "[No Variations]"
Add component (AddParameter): Name = "Tolerance"; Value = "+/-10%"; VariantName = "[No Variations]"
Add component (AddParameter): Name = "Value"; Value = "10uF"; VariantName = "[No Variations]"
Add component (AddParameter): Name = "Voltage"; Value = "10V"; VariantName = "[No Variations]"
Added Component: Designator=C77(CAP_0603_UN1Q)
Add component (AddParameter): Name = "Alternative component"; Value = "Allowed"; VariantName = "[No Variations]"
Add component (AddParameter): Name = "ClassName"; Value = ""; VariantName = "[No Variations]"
Add component (AddParameter): Name = "Component Type"; Value = "Capacitor"; VariantName = "[No Variations]"
Add component (AddParameter): Name = "ComponentLink1Description"; Value = "1_Datasheet"; VariantName = "[No Variations]"
Add component (AddParameter): Name = "ComponentLink1URL"; Value = ""; VariantName = "[No Variations]"
Add component (AddParameter): Name = "ComponentLink2Description"; Value = "2_Product page"; VariantName = "[No Variations]"
Add component (AddParameter): Name = "ComponentLink2URL"; Value = ""; VariantName = "[No Variations]"
Add component (AddParameter): Name = "ComponentLink3Description"; Value = "3_X-information"; VariantName = "[No Variations]"
Add component (AddParameter): Name = "ComponentLink3URL"; Value = ""; VariantName = "[No Variations]"
Add component (AddParameter): Name = "ComponentLink4Description"; Value = "4_X-information"; VariantName = "[No Variations]"
Add component (AddParameter): Name = "ComponentLink4URL"; Value = ""; VariantName = "[No Variations]"
Add component (AddParameter): Name = "Creation date"; Value = "26042024"; VariantName = "[No Variations]"
Add component (AddParameter): Name = "Dimensions WxLxH"; Value = ""; VariantName = "[No Variations]"
Add component (AddParameter): Name = "ECCN"; Value = ""; VariantName = "[No Variations]"
Add component (AddParameter): Name = "HasBeenBuilt"; Value = "TBD"; VariantName = "[No Variations]"
Add component (AddParameter): Name = "Manufacturer"; Value = "Murata"; VariantName = "[No Variations]"
Add component (AddParameter): Name = "Manufacturer Part Number"; Value = "GRM188C80J226ME15D"; VariantName = "[No Variations]"
Add component (AddParameter): Name = "Operating temperature range"; Value = ""; VariantName = "[No Variations]"
Add component (AddParameter): Name = "Package"; Value = "0603"; VariantName = "[No Variations]"
Add component (AddParameter): Name = "Part Number"; Value = "GRM188C80J226ME15D"; VariantName = "[No Variations]"
Add component (AddParameter): Name = "Remark"; Value = ""; VariantName = "[No Variations]"
Add component (AddParameter): Name = "RoHS"; Value = ""; VariantName = "[No Variations]"
Add component (AddParameter): Name = "Sort order"; Value = "306"; VariantName = "[No Variations]"
Add component (AddParameter): Name = "Source"; Value = ""; VariantName = "[No Variations]"
Add component (AddParameter): Name = "System"; Value = "RLC"; VariantName = "[No Variations]"
Add component (AddParameter): Name = "Temperature characteristics"; Value = "X6S"; VariantName = "[No Variations]"
Add component (AddParameter): Name = "Tolerance"; Value = "+/-20%"; VariantName = "[No Variations]"
Add component (AddParameter): Name = "Value"; Value = "22uF"; VariantName = "[No Variations]"
Add component (AddParameter): Name = "Voltage"; Value = "6.3V"; VariantName = "[No Variations]"
Added Component: Designator=C78(CAP_0402_H09W07_UN1Q)
Add component (AddParameter): Name = "Alternative component"; Value = "Allowed"; VariantName = "[No Variations]"
Add component (AddParameter): Name = "ClassName"; Value = ""; VariantName = "[No Variations]"
Add component (AddParameter): Name = "Component Type"; Value = "Capacitor"; VariantName = "[No Variations]"
Add component (AddParameter): Name = "ComponentLink1Description"; Value = "1_Datasheet"; VariantName = "[No Variations]"
Add component (AddParameter): Name = "ComponentLink1URL"; Value = ""; VariantName = "[No Variations]"
Add component (AddParameter): Name = "ComponentLink2Description"; Value = "2_Product page"; VariantName = "[No Variations]"
Add component (AddParameter): Name = "ComponentLink2URL"; Value = ""; VariantName = "[No Variations]"
Add component (AddParameter): Name = "ComponentLink3Description"; Value = "3_X-information"; VariantName = "[No Variations]"
Add component (AddParameter): Name = "ComponentLink3URL"; Value = ""; VariantName = "[No Variations]"
Add component (AddParameter): Name = "ComponentLink4Description"; Value = "4_X-information"; VariantName = "[No Variations]"
Add component (AddParameter): Name = "ComponentLink4URL"; Value = ""; VariantName = "[No Variations]"
Add component (AddParameter): Name = "Creation date"; Value = "26042024"; VariantName = "[No Variations]"
Add component (AddParameter): Name = "Dimensions WxLxH"; Value = ""; VariantName = "[No Variations]"
Add component (AddParameter): Name = "ECCN"; Value = ""; VariantName = "[No Variations]"
Add component (AddParameter): Name = "HasBeenBuilt"; Value = "TBD"; VariantName = "[No Variations]"
Add component (AddParameter): Name = "Manufacturer"; Value = "Murata"; VariantName = "[No Variations]"
Add component (AddParameter): Name = "Manufacturer Part Number"; Value = "GRT155C81A475ME13J"; VariantName = "[No Variations]"
Add component (AddParameter): Name = "Operating temperature range"; Value = ""; VariantName = "[No Variations]"
Add component (AddParameter): Name = "Package"; Value = "0402"; VariantName = "[No Variations]"
Add component (AddParameter): Name = "Part Number"; Value = "GRT155C81A475ME13J"; VariantName = "[No Variations]"
Add component (AddParameter): Name = "Remark"; Value = ""; VariantName = "[No Variations]"
Add component (AddParameter): Name = "RoHS"; Value = ""; VariantName = "[No Variations]"
Add component (AddParameter): Name = "Sort order"; Value = "304"; VariantName = "[No Variations]"
Add component (AddParameter): Name = "Source"; Value = ""; VariantName = "[No Variations]"
Add component (AddParameter): Name = "System"; Value = "RLC"; VariantName = "[No Variations]"
Add component (AddParameter): Name = "Temperature characteristics"; Value = "X6S"; VariantName = "[No Variations]"
Add component (AddParameter): Name = "Tolerance"; Value = "+/-10%"; VariantName = "[No Variations]"
Add component (AddParameter): Name = "Value"; Value = "4.7uF"; VariantName = "[No Variations]"
Add component (AddParameter): Name = "Voltage"; Value = "10V"; VariantName = "[No Variations]"
Added Component: Designator=C79(CAP_0603_UN1Q)
Add component (AddParameter): Name = "Alternative component"; Value = "Allowed"; VariantName = "[No Variations]"
Add component (AddParameter): Name = "ClassName"; Value = ""; VariantName = "[No Variations]"
Add component (AddParameter): Name = "Component Type"; Value = "Capacitor"; VariantName = "[No Variations]"
Add component (AddParameter): Name = "ComponentLink1Description"; Value = "1_Datasheet"; VariantName = "[No Variations]"
Add component (AddParameter): Name = "ComponentLink1URL"; Value = ""; VariantName = "[No Variations]"
Add component (AddParameter): Name = "ComponentLink2Description"; Value = "2_Product page"; VariantName = "[No Variations]"
Add component (AddParameter): Name = "ComponentLink2URL"; Value = ""; VariantName = "[No Variations]"
Add component (AddParameter): Name = "ComponentLink3Description"; Value = "3_X-information"; VariantName = "[No Variations]"
Add component (AddParameter): Name = "ComponentLink3URL"; Value = ""; VariantName = "[No Variations]"
Add component (AddParameter): Name = "ComponentLink4Description"; Value = "4_X-information"; VariantName = "[No Variations]"
Add component (AddParameter): Name = "ComponentLink4URL"; Value = ""; VariantName = "[No Variations]"
Add component (AddParameter): Name = "ComponentLink5Description"; Value = ""; VariantName = "[No Variations]"
Add component (AddParameter): Name = "ComponentLink5URL"; Value = ""; VariantName = "[No Variations]"
Add component (AddParameter): Name = "Creation date"; Value = "20240404"; VariantName = "[No Variations]"
Add component (AddParameter): Name = "Dimensions WxLxH"; Value = ""; VariantName = "[No Variations]"
Add component (AddParameter): Name = "ECCN"; Value = ""; VariantName = "[No Variations]"
Add component (AddParameter): Name = "HasBeenBuilt"; Value = ""; VariantName = "[No Variations]"
Add component (AddParameter): Name = "Manufacturer"; Value = "Murata"; VariantName = "[No Variations]"
Add component (AddParameter): Name = "Manufacturer Part Number"; Value = "GRM188Z71A106KA73D"; VariantName = "[No Variations]"
Add component (AddParameter): Name = "Operating temperature range"; Value = ""; VariantName = "[No Variations]"
Add component (AddParameter): Name = "Package"; Value = "0603"; VariantName = "[No Variations]"
Add component (AddParameter): Name = "Part Number"; Value = "GRM188Z71A106KA73D"; VariantName = "[No Variations]"
Add component (AddParameter): Name = "Remark"; Value = ""; VariantName = "[No Variations]"
Add component (AddParameter): Name = "RoHS"; Value = ""; VariantName = "[No Variations]"
Add component (AddParameter): Name = "Sort order"; Value = "306"; VariantName = "[No Variations]"
Add component (AddParameter): Name = "Source"; Value = ""; VariantName = "[No Variations]"
Add component (AddParameter): Name = "System"; Value = "RLC"; VariantName = "[No Variations]"
Add component (AddParameter): Name = "Temperature characteristics"; Value = "X7R"; VariantName = "[No Variations]"
Add component (AddParameter): Name = "Tolerance"; Value = "+/-10%"; VariantName = "[No Variations]"
Add component (AddParameter): Name = "Value"; Value = "10uF"; VariantName = "[No Variations]"
Add component (AddParameter): Name = "Voltage"; Value = "10V"; VariantName = "[No Variations]"
Added Component: Designator=C80(CAP_0603_UN1Q)
Add component (AddParameter): Name = "Alternative component"; Value = "Allowed"; VariantName = "[No Variations]"
Add component (AddParameter): Name = "ClassName"; Value = ""; VariantName = "[No Variations]"
Add component (AddParameter): Name = "Component Type"; Value = "Capacitor"; VariantName = "[No Variations]"
Add component (AddParameter): Name = "ComponentLink1Description"; Value = "1_Datasheet"; VariantName = "[No Variations]"
Add component (AddParameter): Name = "ComponentLink1URL"; Value = ""; VariantName = "[No Variations]"
Add component (AddParameter): Name = "ComponentLink2Description"; Value = "2_Product page"; VariantName = "[No Variations]"
Add component (AddParameter): Name = "ComponentLink2URL"; Value = ""; VariantName = "[No Variations]"
Add component (AddParameter): Name = "ComponentLink3Description"; Value = "3_X-information"; VariantName = "[No Variations]"
Add component (AddParameter): Name = "ComponentLink3URL"; Value = ""; VariantName = "[No Variations]"
Add component (AddParameter): Name = "ComponentLink4Description"; Value = "4_X-information"; VariantName = "[No Variations]"
Add component (AddParameter): Name = "ComponentLink4URL"; Value = ""; VariantName = "[No Variations]"
Add component (AddParameter): Name = "ComponentLink5Description"; Value = ""; VariantName = "[No Variations]"
Add component (AddParameter): Name = "ComponentLink5URL"; Value = ""; VariantName = "[No Variations]"
Add component (AddParameter): Name = "Creation date"; Value = "20240404"; VariantName = "[No Variations]"
Add component (AddParameter): Name = "Dimensions WxLxH"; Value = ""; VariantName = "[No Variations]"
Add component (AddParameter): Name = "ECCN"; Value = ""; VariantName = "[No Variations]"
Add component (AddParameter): Name = "HasBeenBuilt"; Value = ""; VariantName = "[No Variations]"
Add component (AddParameter): Name = "Manufacturer"; Value = "Murata"; VariantName = "[No Variations]"
Add component (AddParameter): Name = "Manufacturer Part Number"; Value = "GRM188Z71A106KA73D"; VariantName = "[No Variations]"
Add component (AddParameter): Name = "Operating temperature range"; Value = ""; VariantName = "[No Variations]"
Add component (AddParameter): Name = "Package"; Value = "0603"; VariantName = "[No Variations]"
Add component (AddParameter): Name = "Part Number"; Value = "GRM188Z71A106KA73D"; VariantName = "[No Variations]"
Add component (AddParameter): Name = "Remark"; Value = ""; VariantName = "[No Variations]"
Add component (AddParameter): Name = "RoHS"; Value = ""; VariantName = "[No Variations]"
Add component (AddParameter): Name = "Sort order"; Value = "306"; VariantName = "[No Variations]"
Add component (AddParameter): Name = "Source"; Value = ""; VariantName = "[No Variations]"
Add component (AddParameter): Name = "System"; Value = "RLC"; VariantName = "[No Variations]"
Add component (AddParameter): Name = "Temperature characteristics"; Value = "X7R"; VariantName = "[No Variations]"
Add component (AddParameter): Name = "Tolerance"; Value = "+/-10%"; VariantName = "[No Variations]"
Add component (AddParameter): Name = "Value"; Value = "10uF"; VariantName = "[No Variations]"
Add component (AddParameter): Name = "Voltage"; Value = "10V"; VariantName = "[No Variations]"
Added Component: Designator=C81(CAP_0603_UN1Q)
Add component (AddParameter): Name = "Alternative component"; Value = ""; VariantName = "[No Variations]"
Add component (AddParameter): Name = "ClassName"; Value = ""; VariantName = "[No Variations]"
Add component (AddParameter): Name = "Component Type"; Value = "Capacitor"; VariantName = "[No Variations]"
Add component (AddParameter): Name = "ComponentLink1Description"; Value = "1_Datasheet"; VariantName = "[No Variations]"
Add component (AddParameter): Name = "ComponentLink1URL"; Value = ""; VariantName = "[No Variations]"
Add component (AddParameter): Name = "ComponentLink2Description"; Value = "2_Product page"; VariantName = "[No Variations]"
Add component (AddParameter): Name = "ComponentLink2URL"; Value = ""; VariantName = "[No Variations]"
Add component (AddParameter): Name = "ComponentLink3Description"; Value = "3_X-information"; VariantName = "[No Variations]"
Add component (AddParameter): Name = "ComponentLink3URL"; Value = ""; VariantName = "[No Variations]"
Add component (AddParameter): Name = "ComponentLink4Description"; Value = "4_X-information"; VariantName = "[No Variations]"
Add component (AddParameter): Name = "ComponentLink4URL"; Value = ""; VariantName = "[No Variations]"
Add component (AddParameter): Name = "ComponentLink5Description"; Value = ""; VariantName = "[No Variations]"
Add component (AddParameter): Name = "ComponentLink5URL"; Value = ""; VariantName = "[No Variations]"
Add component (AddParameter): Name = "Creation date"; Value = "20190101"; VariantName = "[No Variations]"
Add component (AddParameter): Name = "Dimensions WxLxH"; Value = ""; VariantName = "[No Variations]"
Add component (AddParameter): Name = "ECCN"; Value = ""; VariantName = "[No Variations]"
Add component (AddParameter): Name = "HasBeenBuilt"; Value = "TBD"; VariantName = "[No Variations]"
Add component (AddParameter): Name = "Manufacturer"; Value = ""; VariantName = "[No Variations]"
Add component (AddParameter): Name = "Operating temperature range"; Value = ""; VariantName = "[No Variations]"
Add component (AddParameter): Name = "Package"; Value = "0603"; VariantName = "[No Variations]"
Add component (AddParameter): Name = "Part Number"; Value = ""; VariantName = "[No Variations]"
Add component (AddParameter): Name = "Remark"; Value = ""; VariantName = "[No Variations]"
Add component (AddParameter): Name = "RoHS"; Value = ""; VariantName = "[No Variations]"
Add component (AddParameter): Name = "Sort order"; Value = "999"; VariantName = "[No Variations]"
Add component (AddParameter): Name = "Source"; Value = "RLC_UN1Q.SchLib"; VariantName = "[No Variations]"
Add component (AddParameter): Name = "System"; Value = "RLC"; VariantName = "[No Variations]"
Add component (AddParameter): Name = "Temperature characteristics"; Value = ""; VariantName = "[No Variations]"
Add component (AddParameter): Name = "Tolerance"; Value = ""; VariantName = "[No Variations]"
Add component (AddParameter): Name = "Value"; Value = "NA"; VariantName = "[No Variations]"
Add component (AddParameter): Name = "Voltage"; Value = ""; VariantName = "[No Variations]"
Added Component: Designator=C82(CAP_0603_UN1Q)
Add component (AddParameter): Name = "Alternative component"; Value = "Allowed"; VariantName = "[No Variations]"
Add component (AddParameter): Name = "ClassName"; Value = ""; VariantName = "[No Variations]"
Add component (AddParameter): Name = "Component Type"; Value = "Capacitor"; VariantName = "[No Variations]"
Add component (AddParameter): Name = "ComponentLink1Description"; Value = "1_Datasheet"; VariantName = "[No Variations]"
Add component (AddParameter): Name = "ComponentLink1URL"; Value = ""; VariantName = "[No Variations]"
Add component (AddParameter): Name = "ComponentLink2Description"; Value = "2_Product page"; VariantName = "[No Variations]"
Add component (AddParameter): Name = "ComponentLink2URL"; Value = ""; VariantName = "[No Variations]"
Add component (AddParameter): Name = "ComponentLink3Description"; Value = "3_X-information"; VariantName = "[No Variations]"
Add component (AddParameter): Name = "ComponentLink3URL"; Value = ""; VariantName = "[No Variations]"
Add component (AddParameter): Name = "ComponentLink4Description"; Value = "4_X-information"; VariantName = "[No Variations]"
Add component (AddParameter): Name = "ComponentLink4URL"; Value = ""; VariantName = "[No Variations]"
Add component (AddParameter): Name = "Creation date"; Value = "26042024"; VariantName = "[No Variations]"
Add component (AddParameter): Name = "Dimensions WxLxH"; Value = ""; VariantName = "[No Variations]"
Add component (AddParameter): Name = "ECCN"; Value = ""; VariantName = "[No Variations]"
Add component (AddParameter): Name = "HasBeenBuilt"; Value = "TBD"; VariantName = "[No Variations]"
Add component (AddParameter): Name = "Manufacturer"; Value = "Murata"; VariantName = "[No Variations]"
Add component (AddParameter): Name = "Manufacturer Part Number"; Value = "GRM188C80J226ME15D"; VariantName = "[No Variations]"
Add component (AddParameter): Name = "Operating temperature range"; Value = ""; VariantName = "[No Variations]"
Add component (AddParameter): Name = "Package"; Value = "0603"; VariantName = "[No Variations]"
Add component (AddParameter): Name = "Part Number"; Value = "GRM188C80J226ME15D"; VariantName = "[No Variations]"
Add component (AddParameter): Name = "Remark"; Value = ""; VariantName = "[No Variations]"
Add component (AddParameter): Name = "RoHS"; Value = ""; VariantName = "[No Variations]"
Add component (AddParameter): Name = "Sort order"; Value = "306"; VariantName = "[No Variations]"
Add component (AddParameter): Name = "Source"; Value = ""; VariantName = "[No Variations]"
Add component (AddParameter): Name = "System"; Value = "RLC"; VariantName = "[No Variations]"
Add component (AddParameter): Name = "Temperature characteristics"; Value = "X6S"; VariantName = "[No Variations]"
Add component (AddParameter): Name = "Tolerance"; Value = "+/-20%"; VariantName = "[No Variations]"
Add component (AddParameter): Name = "Value"; Value = "22uF"; VariantName = "[No Variations]"
Add component (AddParameter): Name = "Voltage"; Value = "6.3V"; VariantName = "[No Variations]"
Added Component: Designator=C83(CAP_0603_UN1Q)
Add component (AddParameter): Name = "Alternative component"; Value = "Allowed"; VariantName = "[No Variations]"
Add component (AddParameter): Name = "ClassName"; Value = ""; VariantName = "[No Variations]"
Add component (AddParameter): Name = "Component Type"; Value = "Capacitor"; VariantName = "[No Variations]"
Add component (AddParameter): Name = "ComponentLink1Description"; Value = "1_Datasheet"; VariantName = "[No Variations]"
Add component (AddParameter): Name = "ComponentLink1URL"; Value = ""; VariantName = "[No Variations]"
Add component (AddParameter): Name = "ComponentLink2Description"; Value = "2_Product page"; VariantName = "[No Variations]"
Add component (AddParameter): Name = "ComponentLink2URL"; Value = ""; VariantName = "[No Variations]"
Add component (AddParameter): Name = "ComponentLink3Description"; Value = "3_X-information"; VariantName = "[No Variations]"
Add component (AddParameter): Name = "ComponentLink3URL"; Value = ""; VariantName = "[No Variations]"
Add component (AddParameter): Name = "ComponentLink4Description"; Value = "4_X-information"; VariantName = "[No Variations]"
Add component (AddParameter): Name = "ComponentLink4URL"; Value = ""; VariantName = "[No Variations]"
Add component (AddParameter): Name = "ComponentLink5Description"; Value = ""; VariantName = "[No Variations]"
Add component (AddParameter): Name = "ComponentLink5URL"; Value = ""; VariantName = "[No Variations]"
Add component (AddParameter): Name = "Creation date"; Value = "20240404"; VariantName = "[No Variations]"
Add component (AddParameter): Name = "Dimensions WxLxH"; Value = ""; VariantName = "[No Variations]"
Add component (AddParameter): Name = "ECCN"; Value = ""; VariantName = "[No Variations]"
Add component (AddParameter): Name = "HasBeenBuilt"; Value = ""; VariantName = "[No Variations]"
Add component (AddParameter): Name = "Manufacturer"; Value = "Murata"; VariantName = "[No Variations]"
Add component (AddParameter): Name = "Manufacturer Part Number"; Value = "GRM188Z71A106KA73D"; VariantName = "[No Variations]"
Add component (AddParameter): Name = "Operating temperature range"; Value = ""; VariantName = "[No Variations]"
Add component (AddParameter): Name = "Package"; Value = "0603"; VariantName = "[No Variations]"
Add component (AddParameter): Name = "Part Number"; Value = "GRM188Z71A106KA73D"; VariantName = "[No Variations]"
Add component (AddParameter): Name = "Remark"; Value = ""; VariantName = "[No Variations]"
Add component (AddParameter): Name = "RoHS"; Value = ""; VariantName = "[No Variations]"
Add component (AddParameter): Name = "Sort order"; Value = "306"; VariantName = "[No Variations]"
Add component (AddParameter): Name = "Source"; Value = ""; VariantName = "[No Variations]"
Add component (AddParameter): Name = "System"; Value = "RLC"; VariantName = "[No Variations]"
Add component (AddParameter): Name = "Temperature characteristics"; Value = "X7R"; VariantName = "[No Variations]"
Add component (AddParameter): Name = "Tolerance"; Value = "+/-10%"; VariantName = "[No Variations]"
Add component (AddParameter): Name = "Value"; Value = "10uF"; VariantName = "[No Variations]"
Add component (AddParameter): Name = "Voltage"; Value = "10V"; VariantName = "[No Variations]"
Added Component: Designator=C84(CAP_0402_H09W07_UN1Q)
Add component (AddParameter): Name = "Alternative component"; Value = "Allowed"; VariantName = "[No Variations]"
Add component (AddParameter): Name = "ClassName"; Value = ""; VariantName = "[No Variations]"
Add component (AddParameter): Name = "Component Type"; Value = "Capacitor"; VariantName = "[No Variations]"
Add component (AddParameter): Name = "ComponentLink1Description"; Value = "1_Datasheet"; VariantName = "[No Variations]"
Add component (AddParameter): Name = "ComponentLink1URL"; Value = ""; VariantName = "[No Variations]"
Add component (AddParameter): Name = "ComponentLink2Description"; Value = "2_Product page"; VariantName = "[No Variations]"
Add component (AddParameter): Name = "ComponentLink2URL"; Value = ""; VariantName = "[No Variations]"
Add component (AddParameter): Name = "ComponentLink3Description"; Value = "3_X-information"; VariantName = "[No Variations]"
Add component (AddParameter): Name = "ComponentLink3URL"; Value = ""; VariantName = "[No Variations]"
Add component (AddParameter): Name = "ComponentLink4Description"; Value = "4_X-information"; VariantName = "[No Variations]"
Add component (AddParameter): Name = "ComponentLink4URL"; Value = ""; VariantName = "[No Variations]"
Add component (AddParameter): Name = "Creation date"; Value = "26042024"; VariantName = "[No Variations]"
Add component (AddParameter): Name = "Dimensions WxLxH"; Value = ""; VariantName = "[No Variations]"
Add component (AddParameter): Name = "ECCN"; Value = ""; VariantName = "[No Variations]"
Add component (AddParameter): Name = "HasBeenBuilt"; Value = "TBD"; VariantName = "[No Variations]"
Add component (AddParameter): Name = "Manufacturer"; Value = "Murata"; VariantName = "[No Variations]"
Add component (AddParameter): Name = "Manufacturer Part Number"; Value = "GRT155C81A475ME13J"; VariantName = "[No Variations]"
Add component (AddParameter): Name = "Operating temperature range"; Value = ""; VariantName = "[No Variations]"
Add component (AddParameter): Name = "Package"; Value = "0402"; VariantName = "[No Variations]"
Add component (AddParameter): Name = "Part Number"; Value = "GRT155C81A475ME13J"; VariantName = "[No Variations]"
Add component (AddParameter): Name = "Remark"; Value = ""; VariantName = "[No Variations]"
Add component (AddParameter): Name = "RoHS"; Value = ""; VariantName = "[No Variations]"
Add component (AddParameter): Name = "Sort order"; Value = "304"; VariantName = "[No Variations]"
Add component (AddParameter): Name = "Source"; Value = ""; VariantName = "[No Variations]"
Add component (AddParameter): Name = "System"; Value = "RLC"; VariantName = "[No Variations]"
Add component (AddParameter): Name = "Temperature characteristics"; Value = "X6S"; VariantName = "[No Variations]"
Add component (AddParameter): Name = "Tolerance"; Value = "+/-10%"; VariantName = "[No Variations]"
Add component (AddParameter): Name = "Value"; Value = "4.7uF"; VariantName = "[No Variations]"
Add component (AddParameter): Name = "Voltage"; Value = "10V"; VariantName = "[No Variations]"
Added Component: Designator=C85(CAP_0603_UN1Q)
Add component (AddParameter): Name = "Alternative component"; Value = ""; VariantName = "[No Variations]"
Add component (AddParameter): Name = "ClassName"; Value = ""; VariantName = "[No Variations]"
Add component (AddParameter): Name = "Component Type"; Value = "Capacitor"; VariantName = "[No Variations]"
Add component (AddParameter): Name = "ComponentLink1Description"; Value = "1_Datasheet"; VariantName = "[No Variations]"
Add component (AddParameter): Name = "ComponentLink1URL"; Value = ""; VariantName = "[No Variations]"
Add component (AddParameter): Name = "ComponentLink2Description"; Value = "2_Product page"; VariantName = "[No Variations]"
Add component (AddParameter): Name = "ComponentLink2URL"; Value = ""; VariantName = "[No Variations]"
Add component (AddParameter): Name = "ComponentLink3Description"; Value = "3_X-information"; VariantName = "[No Variations]"
Add component (AddParameter): Name = "ComponentLink3URL"; Value = ""; VariantName = "[No Variations]"
Add component (AddParameter): Name = "ComponentLink4Description"; Value = "4_X-information"; VariantName = "[No Variations]"
Add component (AddParameter): Name = "ComponentLink4URL"; Value = ""; VariantName = "[No Variations]"
Add component (AddParameter): Name = "ComponentLink5Description"; Value = ""; VariantName = "[No Variations]"
Add component (AddParameter): Name = "ComponentLink5URL"; Value = ""; VariantName = "[No Variations]"
Add component (AddParameter): Name = "Creation date"; Value = "20190101"; VariantName = "[No Variations]"
Add component (AddParameter): Name = "Dimensions WxLxH"; Value = ""; VariantName = "[No Variations]"
Add component (AddParameter): Name = "ECCN"; Value = ""; VariantName = "[No Variations]"
Add component (AddParameter): Name = "HasBeenBuilt"; Value = "TBD"; VariantName = "[No Variations]"
Add component (AddParameter): Name = "Manufacturer"; Value = ""; VariantName = "[No Variations]"
Add component (AddParameter): Name = "Operating temperature range"; Value = ""; VariantName = "[No Variations]"
Add component (AddParameter): Name = "Package"; Value = "0603"; VariantName = "[No Variations]"
Add component (AddParameter): Name = "Part Number"; Value = ""; VariantName = "[No Variations]"
Add component (AddParameter): Name = "Remark"; Value = ""; VariantName = "[No Variations]"
Add component (AddParameter): Name = "RoHS"; Value = ""; VariantName = "[No Variations]"
Add component (AddParameter): Name = "Sort order"; Value = "999"; VariantName = "[No Variations]"
Add component (AddParameter): Name = "Source"; Value = "RLC_UN1Q.SchLib"; VariantName = "[No Variations]"
Add component (AddParameter): Name = "System"; Value = "RLC"; VariantName = "[No Variations]"
Add component (AddParameter): Name = "Temperature characteristics"; Value = ""; VariantName = "[No Variations]"
Add component (AddParameter): Name = "Tolerance"; Value = ""; VariantName = "[No Variations]"
Add component (AddParameter): Name = "Value"; Value = "NA"; VariantName = "[No Variations]"
Add component (AddParameter): Name = "Voltage"; Value = ""; VariantName = "[No Variations]"
Added Component: Designator=C86(CAP_0603_UN1Q)
Add component (AddParameter): Name = "Alternative component"; Value = "Allowed"; VariantName = "[No Variations]"
Add component (AddParameter): Name = "ClassName"; Value = ""; VariantName = "[No Variations]"
Add component (AddParameter): Name = "Component Type"; Value = "Capacitor"; VariantName = "[No Variations]"
Add component (AddParameter): Name = "ComponentLink1Description"; Value = "1_Datasheet"; VariantName = "[No Variations]"
Add component (AddParameter): Name = "ComponentLink1URL"; Value = ""; VariantName = "[No Variations]"
Add component (AddParameter): Name = "ComponentLink2Description"; Value = "2_Product page"; VariantName = "[No Variations]"
Add component (AddParameter): Name = "ComponentLink2URL"; Value = ""; VariantName = "[No Variations]"
Add component (AddParameter): Name = "ComponentLink3Description"; Value = "3_X-information"; VariantName = "[No Variations]"
Add component (AddParameter): Name = "ComponentLink3URL"; Value = ""; VariantName = "[No Variations]"
Add component (AddParameter): Name = "ComponentLink4Description"; Value = "4_X-information"; VariantName = "[No Variations]"
Add component (AddParameter): Name = "ComponentLink4URL"; Value = ""; VariantName = "[No Variations]"
Add component (AddParameter): Name = "ComponentLink5Description"; Value = ""; VariantName = "[No Variations]"
Add component (AddParameter): Name = "ComponentLink5URL"; Value = ""; VariantName = "[No Variations]"
Add component (AddParameter): Name = "Creation date"; Value = "20240404"; VariantName = "[No Variations]"
Add component (AddParameter): Name = "Dimensions WxLxH"; Value = ""; VariantName = "[No Variations]"
Add component (AddParameter): Name = "ECCN"; Value = ""; VariantName = "[No Variations]"
Add component (AddParameter): Name = "HasBeenBuilt"; Value = ""; VariantName = "[No Variations]"
Add component (AddParameter): Name = "Manufacturer"; Value = "Murata"; VariantName = "[No Variations]"
Add component (AddParameter): Name = "Manufacturer Part Number"; Value = "GRM188Z71A106KA73D"; VariantName = "[No Variations]"
Add component (AddParameter): Name = "Operating temperature range"; Value = ""; VariantName = "[No Variations]"
Add component (AddParameter): Name = "Package"; Value = "0603"; VariantName = "[No Variations]"
Add component (AddParameter): Name = "Part Number"; Value = "GRM188Z71A106KA73D"; VariantName = "[No Variations]"
Add component (AddParameter): Name = "Remark"; Value = ""; VariantName = "[No Variations]"
Add component (AddParameter): Name = "RoHS"; Value = ""; VariantName = "[No Variations]"
Add component (AddParameter): Name = "Sort order"; Value = "306"; VariantName = "[No Variations]"
Add component (AddParameter): Name = "Source"; Value = ""; VariantName = "[No Variations]"
Add component (AddParameter): Name = "System"; Value = "RLC"; VariantName = "[No Variations]"
Add component (AddParameter): Name = "Temperature characteristics"; Value = "X7R"; VariantName = "[No Variations]"
Add component (AddParameter): Name = "Tolerance"; Value = "+/-10%"; VariantName = "[No Variations]"
Add component (AddParameter): Name = "Value"; Value = "10uF"; VariantName = "[No Variations]"
Add component (AddParameter): Name = "Voltage"; Value = "10V"; VariantName = "[No Variations]"
Added Component: Designator=C87(CAP_0402_UN1Q)
Add component (AddParameter): Name = "Alternative component"; Value = "Allowed"; VariantName = "[No Variations]"
Add component (AddParameter): Name = "ClassName"; Value = ""; VariantName = "[No Variations]"
Add component (AddParameter): Name = "Component Type"; Value = "Capacitor"; VariantName = "[No Variations]"
Add component (AddParameter): Name = "ComponentLink1Description"; Value = "1_Datasheet"; VariantName = "[No Variations]"
Add component (AddParameter): Name = "ComponentLink1URL"; Value = ""; VariantName = "[No Variations]"
Add component (AddParameter): Name = "ComponentLink2Description"; Value = "2_Product page"; VariantName = "[No Variations]"
Add component (AddParameter): Name = "ComponentLink2URL"; Value = ""; VariantName = "[No Variations]"
Add component (AddParameter): Name = "ComponentLink3Description"; Value = "3_X-information"; VariantName = "[No Variations]"
Add component (AddParameter): Name = "ComponentLink3URL"; Value = ""; VariantName = "[No Variations]"
Add component (AddParameter): Name = "ComponentLink4Description"; Value = "4_X-information"; VariantName = "[No Variations]"
Add component (AddParameter): Name = "ComponentLink4URL"; Value = ""; VariantName = "[No Variations]"
Add component (AddParameter): Name = "ComponentLink5Description"; Value = ""; VariantName = "[No Variations]"
Add component (AddParameter): Name = "ComponentLink5URL"; Value = ""; VariantName = "[No Variations]"
Add component (AddParameter): Name = "Creation date"; Value = "20240404"; VariantName = "[No Variations]"
Add component (AddParameter): Name = "Dimensions WxLxH"; Value = ""; VariantName = "[No Variations]"
Add component (AddParameter): Name = "ECCN"; Value = ""; VariantName = "[No Variations]"
Add component (AddParameter): Name = "HasBeenBuilt"; Value = ""; VariantName = "[No Variations]"
Add component (AddParameter): Name = "Manufacturer"; Value = "Murata"; VariantName = "[No Variations]"
Add component (AddParameter): Name = "Manufacturer Part Number"; Value = "GRM155Z71A105KE01J"; VariantName = "[No Variations]"
Add component (AddParameter): Name = "Operating temperature range"; Value = ""; VariantName = "[No Variations]"
Add component (AddParameter): Name = "Package"; Value = "0402"; VariantName = "[No Variations]"
Add component (AddParameter): Name = "Part Number"; Value = "GRM155Z71A105KE01J"; VariantName = "[No Variations]"
Add component (AddParameter): Name = "Remark"; Value = ""; VariantName = "[No Variations]"
Add component (AddParameter): Name = "RoHS"; Value = ""; VariantName = "[No Variations]"
Add component (AddParameter): Name = "Sort order"; Value = "304"; VariantName = "[No Variations]"
Add component (AddParameter): Name = "Source"; Value = ""; VariantName = "[No Variations]"
Add component (AddParameter): Name = "System"; Value = "RLC"; VariantName = "[No Variations]"
Add component (AddParameter): Name = "Temperature characteristics"; Value = "X7R"; VariantName = "[No Variations]"
Add component (AddParameter): Name = "Tolerance"; Value = "+/-10%"; VariantName = "[No Variations]"
Add component (AddParameter): Name = "Value"; Value = "1uF"; VariantName = "[No Variations]"
Add component (AddParameter): Name = "Voltage"; Value = "10V"; VariantName = "[No Variations]"
Added Component: Designator=C88(CAP_0603_UN1Q)
Add component (AddParameter): Name = "Alternative component"; Value = "Allowed"; VariantName = "[No Variations]"
Add component (AddParameter): Name = "ClassName"; Value = ""; VariantName = "[No Variations]"
Add component (AddParameter): Name = "Component Type"; Value = "Capacitor"; VariantName = "[No Variations]"
Add component (AddParameter): Name = "ComponentLink1Description"; Value = "1_Datasheet"; VariantName = "[No Variations]"
Add component (AddParameter): Name = "ComponentLink1URL"; Value = ""; VariantName = "[No Variations]"
Add component (AddParameter): Name = "ComponentLink2Description"; Value = "2_Product page"; VariantName = "[No Variations]"
Add component (AddParameter): Name = "ComponentLink2URL"; Value = ""; VariantName = "[No Variations]"
Add component (AddParameter): Name = "ComponentLink3Description"; Value = "3_X-information"; VariantName = "[No Variations]"
Add component (AddParameter): Name = "ComponentLink3URL"; Value = ""; VariantName = "[No Variations]"
Add component (AddParameter): Name = "ComponentLink4Description"; Value = "4_X-information"; VariantName = "[No Variations]"
Add component (AddParameter): Name = "ComponentLink4URL"; Value = ""; VariantName = "[No Variations]"
Add component (AddParameter): Name = "Creation date"; Value = "26042024"; VariantName = "[No Variations]"
Add component (AddParameter): Name = "Dimensions WxLxH"; Value = ""; VariantName = "[No Variations]"
Add component (AddParameter): Name = "ECCN"; Value = ""; VariantName = "[No Variations]"
Add component (AddParameter): Name = "HasBeenBuilt"; Value = "TBD"; VariantName = "[No Variations]"
Add component (AddParameter): Name = "Manufacturer"; Value = "Murata"; VariantName = "[No Variations]"
Add component (AddParameter): Name = "Manufacturer Part Number"; Value = "GRM188C80J226ME15D"; VariantName = "[No Variations]"
Add component (AddParameter): Name = "Operating temperature range"; Value = ""; VariantName = "[No Variations]"
Add component (AddParameter): Name = "Package"; Value = "0603"; VariantName = "[No Variations]"
Add component (AddParameter): Name = "Part Number"; Value = "GRM188C80J226ME15D"; VariantName = "[No Variations]"
Add component (AddParameter): Name = "Remark"; Value = ""; VariantName = "[No Variations]"
Add component (AddParameter): Name = "RoHS"; Value = ""; VariantName = "[No Variations]"
Add component (AddParameter): Name = "Sort order"; Value = "306"; VariantName = "[No Variations]"
Add component (AddParameter): Name = "Source"; Value = ""; VariantName = "[No Variations]"
Add component (AddParameter): Name = "System"; Value = "RLC"; VariantName = "[No Variations]"
Add component (AddParameter): Name = "Temperature characteristics"; Value = "X6S"; VariantName = "[No Variations]"
Add component (AddParameter): Name = "Tolerance"; Value = "+/-20%"; VariantName = "[No Variations]"
Add component (AddParameter): Name = "Value"; Value = "22uF"; VariantName = "[No Variations]"
Add component (AddParameter): Name = "Voltage"; Value = "6.3V"; VariantName = "[No Variations]"
Added Component: Designator=C89(CAP_0603_UN1Q)
Add component (AddParameter): Name = "Alternative component"; Value = ""; VariantName = "[No Variations]"
Add component (AddParameter): Name = "ClassName"; Value = ""; VariantName = "[No Variations]"
Add component (AddParameter): Name = "Component Type"; Value = "Capacitor"; VariantName = "[No Variations]"
Add component (AddParameter): Name = "ComponentLink1Description"; Value = "1_Datasheet"; VariantName = "[No Variations]"
Add component (AddParameter): Name = "ComponentLink1URL"; Value = ""; VariantName = "[No Variations]"
Add component (AddParameter): Name = "ComponentLink2Description"; Value = "2_Product page"; VariantName = "[No Variations]"
Add component (AddParameter): Name = "ComponentLink2URL"; Value = ""; VariantName = "[No Variations]"
Add component (AddParameter): Name = "ComponentLink3Description"; Value = "3_X-information"; VariantName = "[No Variations]"
Add component (AddParameter): Name = "ComponentLink3URL"; Value = ""; VariantName = "[No Variations]"
Add component (AddParameter): Name = "ComponentLink4Description"; Value = "4_X-information"; VariantName = "[No Variations]"
Add component (AddParameter): Name = "ComponentLink4URL"; Value = ""; VariantName = "[No Variations]"
Add component (AddParameter): Name = "ComponentLink5Description"; Value = ""; VariantName = "[No Variations]"
Add component (AddParameter): Name = "ComponentLink5URL"; Value = ""; VariantName = "[No Variations]"
Add component (AddParameter): Name = "Creation date"; Value = "20190101"; VariantName = "[No Variations]"
Add component (AddParameter): Name = "Dimensions WxLxH"; Value = ""; VariantName = "[No Variations]"
Add component (AddParameter): Name = "ECCN"; Value = ""; VariantName = "[No Variations]"
Add component (AddParameter): Name = "HasBeenBuilt"; Value = "TBD"; VariantName = "[No Variations]"
Add component (AddParameter): Name = "Manufacturer"; Value = ""; VariantName = "[No Variations]"
Add component (AddParameter): Name = "Operating temperature range"; Value = ""; VariantName = "[No Variations]"
Add component (AddParameter): Name = "Package"; Value = "0603"; VariantName = "[No Variations]"
Add component (AddParameter): Name = "Part Number"; Value = ""; VariantName = "[No Variations]"
Add component (AddParameter): Name = "Remark"; Value = ""; VariantName = "[No Variations]"
Add component (AddParameter): Name = "RoHS"; Value = ""; VariantName = "[No Variations]"
Add component (AddParameter): Name = "Sort order"; Value = "999"; VariantName = "[No Variations]"
Add component (AddParameter): Name = "Source"; Value = "RLC_UN1Q.SchLib"; VariantName = "[No Variations]"
Add component (AddParameter): Name = "System"; Value = "RLC"; VariantName = "[No Variations]"
Add component (AddParameter): Name = "Temperature characteristics"; Value = ""; VariantName = "[No Variations]"
Add component (AddParameter): Name = "Tolerance"; Value = ""; VariantName = "[No Variations]"
Add component (AddParameter): Name = "Value"; Value = "NA"; VariantName = "[No Variations]"
Add component (AddParameter): Name = "Voltage"; Value = ""; VariantName = "[No Variations]"
Added Component: Designator=C90(CAP_0603_UN1Q)
Add component (AddParameter): Name = "Alternative component"; Value = "Allowed"; VariantName = "[No Variations]"
Add component (AddParameter): Name = "ClassName"; Value = ""; VariantName = "[No Variations]"
Add component (AddParameter): Name = "Component Type"; Value = "Capacitor"; VariantName = "[No Variations]"
Add component (AddParameter): Name = "ComponentLink1Description"; Value = "1_Datasheet"; VariantName = "[No Variations]"
Add component (AddParameter): Name = "ComponentLink1URL"; Value = ""; VariantName = "[No Variations]"
Add component (AddParameter): Name = "ComponentLink2Description"; Value = "2_Product page"; VariantName = "[No Variations]"
Add component (AddParameter): Name = "ComponentLink2URL"; Value = ""; VariantName = "[No Variations]"
Add component (AddParameter): Name = "ComponentLink3Description"; Value = "3_X-information"; VariantName = "[No Variations]"
Add component (AddParameter): Name = "ComponentLink3URL"; Value = ""; VariantName = "[No Variations]"
Add component (AddParameter): Name = "ComponentLink4Description"; Value = "4_X-information"; VariantName = "[No Variations]"
Add component (AddParameter): Name = "ComponentLink4URL"; Value = ""; VariantName = "[No Variations]"
Add component (AddParameter): Name = "Creation date"; Value = "26042024"; VariantName = "[No Variations]"
Add component (AddParameter): Name = "Dimensions WxLxH"; Value = ""; VariantName = "[No Variations]"
Add component (AddParameter): Name = "ECCN"; Value = ""; VariantName = "[No Variations]"
Add component (AddParameter): Name = "HasBeenBuilt"; Value = "TBD"; VariantName = "[No Variations]"
Add component (AddParameter): Name = "Manufacturer"; Value = "Murata"; VariantName = "[No Variations]"
Add component (AddParameter): Name = "Manufacturer Part Number"; Value = "GRM188C80J226ME15D"; VariantName = "[No Variations]"
Add component (AddParameter): Name = "Operating temperature range"; Value = ""; VariantName = "[No Variations]"
Add component (AddParameter): Name = "Package"; Value = "0603"; VariantName = "[No Variations]"
Add component (AddParameter): Name = "Part Number"; Value = "GRM188C80J226ME15D"; VariantName = "[No Variations]"
Add component (AddParameter): Name = "Remark"; Value = ""; VariantName = "[No Variations]"
Add component (AddParameter): Name = "RoHS"; Value = ""; VariantName = "[No Variations]"
Add component (AddParameter): Name = "Sort order"; Value = "306"; VariantName = "[No Variations]"
Add component (AddParameter): Name = "Source"; Value = ""; VariantName = "[No Variations]"
Add component (AddParameter): Name = "System"; Value = "RLC"; VariantName = "[No Variations]"
Add component (AddParameter): Name = "Temperature characteristics"; Value = "X6S"; VariantName = "[No Variations]"
Add component (AddParameter): Name = "Tolerance"; Value = "+/-20%"; VariantName = "[No Variations]"
Add component (AddParameter): Name = "Value"; Value = "22uF"; VariantName = "[No Variations]"
Add component (AddParameter): Name = "Voltage"; Value = "6.3V"; VariantName = "[No Variations]"
Added Component: Designator=C91(CAP_0402_UN1Q)
Add component (AddParameter): Name = "Alternative component"; Value = "Allowed"; VariantName = "[No Variations]"
Add component (AddParameter): Name = "ClassName"; Value = ""; VariantName = "[No Variations]"
Add component (AddParameter): Name = "Component Type"; Value = "Capacitor"; VariantName = "[No Variations]"
Add component (AddParameter): Name = "ComponentLink1Description"; Value = "1_Datasheet"; VariantName = "[No Variations]"
Add component (AddParameter): Name = "ComponentLink1URL"; Value = ""; VariantName = "[No Variations]"
Add component (AddParameter): Name = "ComponentLink2Description"; Value = "2_Product page"; VariantName = "[No Variations]"
Add component (AddParameter): Name = "ComponentLink2URL"; Value = ""; VariantName = "[No Variations]"
Add component (AddParameter): Name = "ComponentLink3Description"; Value = "3_X-information"; VariantName = "[No Variations]"
Add component (AddParameter): Name = "ComponentLink3URL"; Value = ""; VariantName = "[No Variations]"
Add component (AddParameter): Name = "ComponentLink4Description"; Value = "4_X-information"; VariantName = "[No Variations]"
Add component (AddParameter): Name = "ComponentLink4URL"; Value = ""; VariantName = "[No Variations]"
Add component (AddParameter): Name = "ComponentLink5Description"; Value = ""; VariantName = "[No Variations]"
Add component (AddParameter): Name = "ComponentLink5URL"; Value = ""; VariantName = "[No Variations]"
Add component (AddParameter): Name = "Creation date"; Value = "20240404"; VariantName = "[No Variations]"
Add component (AddParameter): Name = "Dimensions WxLxH"; Value = ""; VariantName = "[No Variations]"
Add component (AddParameter): Name = "ECCN"; Value = ""; VariantName = "[No Variations]"
Add component (AddParameter): Name = "HasBeenBuilt"; Value = ""; VariantName = "[No Variations]"
Add component (AddParameter): Name = "Manufacturer"; Value = "Murata"; VariantName = "[No Variations]"
Add component (AddParameter): Name = "Manufacturer Part Number"; Value = "GRM155Z71A105KE01J"; VariantName = "[No Variations]"
Add component (AddParameter): Name = "Operating temperature range"; Value = ""; VariantName = "[No Variations]"
Add component (AddParameter): Name = "Package"; Value = "0402"; VariantName = "[No Variations]"
Add component (AddParameter): Name = "Part Number"; Value = "GRM155Z71A105KE01J"; VariantName = "[No Variations]"
Add component (AddParameter): Name = "Remark"; Value = ""; VariantName = "[No Variations]"
Add component (AddParameter): Name = "RoHS"; Value = ""; VariantName = "[No Variations]"
Add component (AddParameter): Name = "Sort order"; Value = "304"; VariantName = "[No Variations]"
Add component (AddParameter): Name = "Source"; Value = ""; VariantName = "[No Variations]"
Add component (AddParameter): Name = "System"; Value = "RLC"; VariantName = "[No Variations]"
Add component (AddParameter): Name = "Temperature characteristics"; Value = "X7R"; VariantName = "[No Variations]"
Add component (AddParameter): Name = "Tolerance"; Value = "+/-10%"; VariantName = "[No Variations]"
Add component (AddParameter): Name = "Value"; Value = "1uF"; VariantName = "[No Variations]"
Add component (AddParameter): Name = "Voltage"; Value = "10V"; VariantName = "[No Variations]"
Added Component: Designator=C92(CAP_0603_UN1Q)
Add component (AddParameter): Name = "Alternative component"; Value = ""; VariantName = "[No Variations]"
Add component (AddParameter): Name = "ClassName"; Value = ""; VariantName = "[No Variations]"
Add component (AddParameter): Name = "Component Type"; Value = "Capacitor"; VariantName = "[No Variations]"
Add component (AddParameter): Name = "ComponentLink1Description"; Value = "1_Datasheet"; VariantName = "[No Variations]"
Add component (AddParameter): Name = "ComponentLink1URL"; Value = ""; VariantName = "[No Variations]"
Add component (AddParameter): Name = "ComponentLink2Description"; Value = "2_Product page"; VariantName = "[No Variations]"
Add component (AddParameter): Name = "ComponentLink2URL"; Value = ""; VariantName = "[No Variations]"
Add component (AddParameter): Name = "ComponentLink3Description"; Value = "3_X-information"; VariantName = "[No Variations]"
Add component (AddParameter): Name = "ComponentLink3URL"; Value = ""; VariantName = "[No Variations]"
Add component (AddParameter): Name = "ComponentLink4Description"; Value = "4_X-information"; VariantName = "[No Variations]"
Add component (AddParameter): Name = "ComponentLink4URL"; Value = ""; VariantName = "[No Variations]"
Add component (AddParameter): Name = "ComponentLink5Description"; Value = ""; VariantName = "[No Variations]"
Add component (AddParameter): Name = "ComponentLink5URL"; Value = ""; VariantName = "[No Variations]"
Add component (AddParameter): Name = "Creation date"; Value = "20190101"; VariantName = "[No Variations]"
Add component (AddParameter): Name = "Dimensions WxLxH"; Value = ""; VariantName = "[No Variations]"
Add component (AddParameter): Name = "ECCN"; Value = ""; VariantName = "[No Variations]"
Add component (AddParameter): Name = "HasBeenBuilt"; Value = "TBD"; VariantName = "[No Variations]"
Add component (AddParameter): Name = "Manufacturer"; Value = ""; VariantName = "[No Variations]"
Add component (AddParameter): Name = "Operating temperature range"; Value = ""; VariantName = "[No Variations]"
Add component (AddParameter): Name = "Package"; Value = "0603"; VariantName = "[No Variations]"
Add component (AddParameter): Name = "Part Number"; Value = ""; VariantName = "[No Variations]"
Add component (AddParameter): Name = "Remark"; Value = ""; VariantName = "[No Variations]"
Add component (AddParameter): Name = "RoHS"; Value = ""; VariantName = "[No Variations]"
Add component (AddParameter): Name = "Sort order"; Value = "999"; VariantName = "[No Variations]"
Add component (AddParameter): Name = "Source"; Value = "RLC_UN1Q.SchLib"; VariantName = "[No Variations]"
Add component (AddParameter): Name = "System"; Value = "RLC"; VariantName = "[No Variations]"
Add component (AddParameter): Name = "Temperature characteristics"; Value = ""; VariantName = "[No Variations]"
Add component (AddParameter): Name = "Tolerance"; Value = ""; VariantName = "[No Variations]"
Add component (AddParameter): Name = "Value"; Value = "NA"; VariantName = "[No Variations]"
Add component (AddParameter): Name = "Voltage"; Value = ""; VariantName = "[No Variations]"
Added Component: Designator=C93(CAP_0603_UN1Q)
Add component (AddParameter): Name = "Alternative component"; Value = "Allowed"; VariantName = "[No Variations]"
Add component (AddParameter): Name = "ClassName"; Value = ""; VariantName = "[No Variations]"
Add component (AddParameter): Name = "Component Type"; Value = "Capacitor"; VariantName = "[No Variations]"
Add component (AddParameter): Name = "ComponentLink1Description"; Value = "1_Datasheet"; VariantName = "[No Variations]"
Add component (AddParameter): Name = "ComponentLink1URL"; Value = ""; VariantName = "[No Variations]"
Add component (AddParameter): Name = "ComponentLink2Description"; Value = "2_Product page"; VariantName = "[No Variations]"
Add component (AddParameter): Name = "ComponentLink2URL"; Value = ""; VariantName = "[No Variations]"
Add component (AddParameter): Name = "ComponentLink3Description"; Value = "3_X-information"; VariantName = "[No Variations]"
Add component (AddParameter): Name = "ComponentLink3URL"; Value = ""; VariantName = "[No Variations]"
Add component (AddParameter): Name = "ComponentLink4Description"; Value = "4_X-information"; VariantName = "[No Variations]"
Add component (AddParameter): Name = "ComponentLink4URL"; Value = ""; VariantName = "[No Variations]"
Add component (AddParameter): Name = "Creation date"; Value = "26042024"; VariantName = "[No Variations]"
Add component (AddParameter): Name = "Dimensions WxLxH"; Value = ""; VariantName = "[No Variations]"
Add component (AddParameter): Name = "ECCN"; Value = ""; VariantName = "[No Variations]"
Add component (AddParameter): Name = "HasBeenBuilt"; Value = "TBD"; VariantName = "[No Variations]"
Add component (AddParameter): Name = "Manufacturer"; Value = "Murata"; VariantName = "[No Variations]"
Add component (AddParameter): Name = "Manufacturer Part Number"; Value = "GRM188C80J226ME15D"; VariantName = "[No Variations]"
Add component (AddParameter): Name = "Operating temperature range"; Value = ""; VariantName = "[No Variations]"
Add component (AddParameter): Name = "Package"; Value = "0603"; VariantName = "[No Variations]"
Add component (AddParameter): Name = "Part Number"; Value = "GRM188C80J226ME15D"; VariantName = "[No Variations]"
Add component (AddParameter): Name = "Remark"; Value = ""; VariantName = "[No Variations]"
Add component (AddParameter): Name = "RoHS"; Value = ""; VariantName = "[No Variations]"
Add component (AddParameter): Name = "Sort order"; Value = "306"; VariantName = "[No Variations]"
Add component (AddParameter): Name = "Source"; Value = ""; VariantName = "[No Variations]"
Add component (AddParameter): Name = "System"; Value = "RLC"; VariantName = "[No Variations]"
Add component (AddParameter): Name = "Temperature characteristics"; Value = "X6S"; VariantName = "[No Variations]"
Add component (AddParameter): Name = "Tolerance"; Value = "+/-20%"; VariantName = "[No Variations]"
Add component (AddParameter): Name = "Value"; Value = "22uF"; VariantName = "[No Variations]"
Add component (AddParameter): Name = "Voltage"; Value = "6.3V"; VariantName = "[No Variations]"
Added Component: Designator=C94(CAP_0402_UN1Q)
Add component (AddParameter): Name = "Alternative component"; Value = "Allowed"; VariantName = "[No Variations]"
Add component (AddParameter): Name = "ClassName"; Value = ""; VariantName = "[No Variations]"
Add component (AddParameter): Name = "Component Type"; Value = "Capacitor"; VariantName = "[No Variations]"
Add component (AddParameter): Name = "ComponentLink1Description"; Value = "1_Datasheet"; VariantName = "[No Variations]"
Add component (AddParameter): Name = "ComponentLink1URL"; Value = ""; VariantName = "[No Variations]"
Add component (AddParameter): Name = "ComponentLink2Description"; Value = "2_Product page"; VariantName = "[No Variations]"
Add component (AddParameter): Name = "ComponentLink2URL"; Value = ""; VariantName = "[No Variations]"
Add component (AddParameter): Name = "ComponentLink3Description"; Value = "3_X-information"; VariantName = "[No Variations]"
Add component (AddParameter): Name = "ComponentLink3URL"; Value = ""; VariantName = "[No Variations]"
Add component (AddParameter): Name = "ComponentLink4Description"; Value = "4_X-information"; VariantName = "[No Variations]"
Add component (AddParameter): Name = "ComponentLink4URL"; Value = ""; VariantName = "[No Variations]"
Add component (AddParameter): Name = "ComponentLink5Description"; Value = ""; VariantName = "[No Variations]"
Add component (AddParameter): Name = "ComponentLink5URL"; Value = ""; VariantName = "[No Variations]"
Add component (AddParameter): Name = "Creation date"; Value = "20240404"; VariantName = "[No Variations]"
Add component (AddParameter): Name = "Dimensions WxLxH"; Value = ""; VariantName = "[No Variations]"
Add component (AddParameter): Name = "ECCN"; Value = ""; VariantName = "[No Variations]"
Add component (AddParameter): Name = "HasBeenBuilt"; Value = ""; VariantName = "[No Variations]"
Add component (AddParameter): Name = "Manufacturer"; Value = "Murata"; VariantName = "[No Variations]"
Add component (AddParameter): Name = "Manufacturer Part Number"; Value = "GRM155Z71A105KE01J"; VariantName = "[No Variations]"
Add component (AddParameter): Name = "Operating temperature range"; Value = ""; VariantName = "[No Variations]"
Add component (AddParameter): Name = "Package"; Value = "0402"; VariantName = "[No Variations]"
Add component (AddParameter): Name = "Part Number"; Value = "GRM155Z71A105KE01J"; VariantName = "[No Variations]"
Add component (AddParameter): Name = "Remark"; Value = ""; VariantName = "[No Variations]"
Add component (AddParameter): Name = "RoHS"; Value = ""; VariantName = "[No Variations]"
Add component (AddParameter): Name = "Sort order"; Value = "304"; VariantName = "[No Variations]"
Add component (AddParameter): Name = "Source"; Value = ""; VariantName = "[No Variations]"
Add component (AddParameter): Name = "System"; Value = "RLC"; VariantName = "[No Variations]"
Add component (AddParameter): Name = "Temperature characteristics"; Value = "X7R"; VariantName = "[No Variations]"
Add component (AddParameter): Name = "Tolerance"; Value = "+/-10%"; VariantName = "[No Variations]"
Add component (AddParameter): Name = "Value"; Value = "1uF"; VariantName = "[No Variations]"
Add component (AddParameter): Name = "Voltage"; Value = "10V"; VariantName = "[No Variations]"
Added Component: Designator=C95(CAP_0402_H09W07_UN1Q)
Add component (AddParameter): Name = "Alternative component"; Value = "Allowed"; VariantName = "[No Variations]"
Add component (AddParameter): Name = "ClassName"; Value = ""; VariantName = "[No Variations]"
Add component (AddParameter): Name = "Component Type"; Value = "Capacitor"; VariantName = "[No Variations]"
Add component (AddParameter): Name = "ComponentLink1Description"; Value = "1_Datasheet"; VariantName = "[No Variations]"
Add component (AddParameter): Name = "ComponentLink1URL"; Value = ""; VariantName = "[No Variations]"
Add component (AddParameter): Name = "ComponentLink2Description"; Value = "2_Product page"; VariantName = "[No Variations]"
Add component (AddParameter): Name = "ComponentLink2URL"; Value = ""; VariantName = "[No Variations]"
Add component (AddParameter): Name = "ComponentLink3Description"; Value = "3_X-information"; VariantName = "[No Variations]"
Add component (AddParameter): Name = "ComponentLink3URL"; Value = ""; VariantName = "[No Variations]"
Add component (AddParameter): Name = "ComponentLink4Description"; Value = "4_X-information"; VariantName = "[No Variations]"
Add component (AddParameter): Name = "ComponentLink4URL"; Value = ""; VariantName = "[No Variations]"
Add component (AddParameter): Name = "Creation date"; Value = "26042024"; VariantName = "[No Variations]"
Add component (AddParameter): Name = "Dimensions WxLxH"; Value = ""; VariantName = "[No Variations]"
Add component (AddParameter): Name = "ECCN"; Value = ""; VariantName = "[No Variations]"
Add component (AddParameter): Name = "HasBeenBuilt"; Value = "TBD"; VariantName = "[No Variations]"
Add component (AddParameter): Name = "Manufacturer"; Value = "Murata"; VariantName = "[No Variations]"
Add component (AddParameter): Name = "Manufacturer Part Number"; Value = "GRT155C81A475ME13J"; VariantName = "[No Variations]"
Add component (AddParameter): Name = "Operating temperature range"; Value = ""; VariantName = "[No Variations]"
Add component (AddParameter): Name = "Package"; Value = "0402"; VariantName = "[No Variations]"
Add component (AddParameter): Name = "Part Number"; Value = "GRT155C81A475ME13J"; VariantName = "[No Variations]"
Add component (AddParameter): Name = "Remark"; Value = ""; VariantName = "[No Variations]"
Add component (AddParameter): Name = "RoHS"; Value = ""; VariantName = "[No Variations]"
Add component (AddParameter): Name = "Sort order"; Value = "304"; VariantName = "[No Variations]"
Add component (AddParameter): Name = "Source"; Value = ""; VariantName = "[No Variations]"
Add component (AddParameter): Name = "System"; Value = "RLC"; VariantName = "[No Variations]"
Add component (AddParameter): Name = "Temperature characteristics"; Value = "X6S"; VariantName = "[No Variations]"
Add component (AddParameter): Name = "Tolerance"; Value = "+/-10%"; VariantName = "[No Variations]"
Add component (AddParameter): Name = "Value"; Value = "4.7uF"; VariantName = "[No Variations]"
Add component (AddParameter): Name = "Voltage"; Value = "10V"; VariantName = "[No Variations]"
Added Component: Designator=C96(CAP_0201_UN1Q)
Add component (AddParameter): Name = "Alternative component"; Value = ""; VariantName = "[No Variations]"
Add component (AddParameter): Name = "ClassName"; Value = "SMALL"; VariantName = "[No Variations]"
Add component (AddParameter): Name = "Component Type"; Value = "Capacitor"; VariantName = "[No Variations]"
Add component (AddParameter): Name = "ComponentLink1Description"; Value = "1_Datasheet"; VariantName = "[No Variations]"
Add component (AddParameter): Name = "ComponentLink1URL"; Value = ""; VariantName = "[No Variations]"
Add component (AddParameter): Name = "ComponentLink2Description"; Value = "2_Product page"; VariantName = "[No Variations]"
Add component (AddParameter): Name = "ComponentLink2URL"; Value = ""; VariantName = "[No Variations]"
Add component (AddParameter): Name = "ComponentLink3Description"; Value = "3_X-information"; VariantName = "[No Variations]"
Add component (AddParameter): Name = "ComponentLink3URL"; Value = ""; VariantName = "[No Variations]"
Add component (AddParameter): Name = "ComponentLink4Description"; Value = "4_X-information"; VariantName = "[No Variations]"
Add component (AddParameter): Name = "ComponentLink4URL"; Value = ""; VariantName = "[No Variations]"
Add component (AddParameter): Name = "ComponentLink5Description"; Value = ""; VariantName = "[No Variations]"
Add component (AddParameter): Name = "ComponentLink5URL"; Value = ""; VariantName = "[No Variations]"
Add component (AddParameter): Name = "Creation date"; Value = "20211123"; VariantName = "[No Variations]"
Add component (AddParameter): Name = "Dimensions WxLxH"; Value = ""; VariantName = "[No Variations]"
Add component (AddParameter): Name = "ECCN"; Value = ""; VariantName = "[No Variations]"
Add component (AddParameter): Name = "HasBeenBuilt"; Value = "TBD"; VariantName = "[No Variations]"
Add component (AddParameter): Name = "Manufacturer"; Value = "Murata"; VariantName = "[No Variations]"
Add component (AddParameter): Name = "Manufacturer Part Number"; Value = "GRM0335C1H120GA01"; VariantName = "[No Variations]"
Add component (AddParameter): Name = "Operating temperature range"; Value = "-55 ... +125C"; VariantName = "[No Variations]"
Add component (AddParameter): Name = "Package"; Value = "0201"; VariantName = "[No Variations]"
Add component (AddParameter): Name = "Part Number"; Value = "GRM0335C1H120GA01"; VariantName = "[No Variations]"
Add component (AddParameter): Name = "Remark"; Value = "RF matching, use part number"; VariantName = "[No Variations]"
Add component (AddParameter): Name = "RoHS"; Value = ""; VariantName = "[No Variations]"
Add component (AddParameter): Name = "Sort order"; Value = "202"; VariantName = "[No Variations]"
Add component (AddParameter): Name = "Source"; Value = "RLC_UN1Q.SchLib"; VariantName = "[No Variations]"
Add component (AddParameter): Name = "System"; Value = "RLC"; VariantName = "[No Variations]"
Add component (AddParameter): Name = "Temperature characteristics"; Value = "C0G"; VariantName = "[No Variations]"
Add component (AddParameter): Name = "Tolerance"; Value = "+/- 2%"; VariantName = "[No Variations]"
Add component (AddParameter): Name = "Value"; Value = "12pF"; VariantName = "[No Variations]"
Add component (AddParameter): Name = "Voltage"; Value = "50V"; VariantName = "[No Variations]"
Added Component: Designator=C97(CAP_0201_UN1Q)
Add component (AddParameter): Name = "Alternative component"; Value = ""; VariantName = "[No Variations]"
Add component (AddParameter): Name = "ClassName"; Value = "SMALL"; VariantName = "[No Variations]"
Add component (AddParameter): Name = "Component Type"; Value = "Capacitor"; VariantName = "[No Variations]"
Add component (AddParameter): Name = "ComponentLink1Description"; Value = "1_Datasheet"; VariantName = "[No Variations]"
Add component (AddParameter): Name = "ComponentLink1URL"; Value = ""; VariantName = "[No Variations]"
Add component (AddParameter): Name = "ComponentLink2Description"; Value = "2_Product page"; VariantName = "[No Variations]"
Add component (AddParameter): Name = "ComponentLink2URL"; Value = ""; VariantName = "[No Variations]"
Add component (AddParameter): Name = "ComponentLink3Description"; Value = "3_X-information"; VariantName = "[No Variations]"
Add component (AddParameter): Name = "ComponentLink3URL"; Value = ""; VariantName = "[No Variations]"
Add component (AddParameter): Name = "ComponentLink4Description"; Value = "4_X-information"; VariantName = "[No Variations]"
Add component (AddParameter): Name = "ComponentLink4URL"; Value = ""; VariantName = "[No Variations]"
Add component (AddParameter): Name = "ComponentLink5Description"; Value = ""; VariantName = "[No Variations]"
Add component (AddParameter): Name = "ComponentLink5URL"; Value = ""; VariantName = "[No Variations]"
Add component (AddParameter): Name = "Creation date"; Value = "20211123"; VariantName = "[No Variations]"
Add component (AddParameter): Name = "Dimensions WxLxH"; Value = ""; VariantName = "[No Variations]"
Add component (AddParameter): Name = "ECCN"; Value = ""; VariantName = "[No Variations]"
Add component (AddParameter): Name = "HasBeenBuilt"; Value = "TBD"; VariantName = "[No Variations]"
Add component (AddParameter): Name = "Manufacturer"; Value = "Murata"; VariantName = "[No Variations]"
Add component (AddParameter): Name = "Manufacturer Part Number"; Value = "GRM0335C1H120GA01"; VariantName = "[No Variations]"
Add component (AddParameter): Name = "Operating temperature range"; Value = "-55 ... +125C"; VariantName = "[No Variations]"
Add component (AddParameter): Name = "Package"; Value = "0201"; VariantName = "[No Variations]"
Add component (AddParameter): Name = "Part Number"; Value = "GRM0335C1H120GA01"; VariantName = "[No Variations]"
Add component (AddParameter): Name = "Remark"; Value = "RF matching, use part number"; VariantName = "[No Variations]"
Add component (AddParameter): Name = "RoHS"; Value = ""; VariantName = "[No Variations]"
Add component (AddParameter): Name = "Sort order"; Value = "202"; VariantName = "[No Variations]"
Add component (AddParameter): Name = "Source"; Value = "RLC_UN1Q.SchLib"; VariantName = "[No Variations]"
Add component (AddParameter): Name = "System"; Value = "RLC"; VariantName = "[No Variations]"
Add component (AddParameter): Name = "Temperature characteristics"; Value = "C0G"; VariantName = "[No Variations]"
Add component (AddParameter): Name = "Tolerance"; Value = "+/- 2%"; VariantName = "[No Variations]"
Add component (AddParameter): Name = "Value"; Value = "12pF"; VariantName = "[No Variations]"
Add component (AddParameter): Name = "Voltage"; Value = "50V"; VariantName = "[No Variations]"
Added Component: Designator=C98(CAP_1206_UN1Q)
Add component (AddParameter): Name = "Alternative component"; Value = "Allowed"; VariantName = "[No Variations]"
Add component (AddParameter): Name = "ClassName"; Value = ""; VariantName = "[No Variations]"
Add component (AddParameter): Name = "Component Type"; Value = "Capacitor"; VariantName = "[No Variations]"
Add component (AddParameter): Name = "ComponentLink1Description"; Value = "1_Datasheet"; VariantName = "[No Variations]"
Add component (AddParameter): Name = "ComponentLink1URL"; Value = ""; VariantName = "[No Variations]"
Add component (AddParameter): Name = "ComponentLink2Description"; Value = "2_Product page"; VariantName = "[No Variations]"
Add component (AddParameter): Name = "ComponentLink2URL"; Value = ""; VariantName = "[No Variations]"
Add component (AddParameter): Name = "ComponentLink3Description"; Value = "3_X-information"; VariantName = "[No Variations]"
Add component (AddParameter): Name = "ComponentLink3URL"; Value = ""; VariantName = "[No Variations]"
Add component (AddParameter): Name = "ComponentLink4Description"; Value = "4_X-information"; VariantName = "[No Variations]"
Add component (AddParameter): Name = "ComponentLink4URL"; Value = ""; VariantName = "[No Variations]"
Add component (AddParameter): Name = "ComponentLink5Description"; Value = ""; VariantName = "[No Variations]"
Add component (AddParameter): Name = "ComponentLink5URL"; Value = ""; VariantName = "[No Variations]"
Add component (AddParameter): Name = "Creation date"; Value = "20220729"; VariantName = "[No Variations]"
Add component (AddParameter): Name = "Dimensions WxLxH"; Value = ""; VariantName = "[No Variations]"
Add component (AddParameter): Name = "ECCN"; Value = "EAR99"; VariantName = "[No Variations]"
Add component (AddParameter): Name = "HasBeenBuilt"; Value = "Saluki3"; VariantName = "[No Variations]"
Add component (AddParameter): Name = "Manufacturer"; Value = "Samsung"; VariantName = "[No Variations]"
Add component (AddParameter): Name = "Manufacturer Part Number"; Value = "CL31B106KBHNNNE"; VariantName = "[No Variations]"
Add component (AddParameter): Name = "Operating temperature range"; Value = "-55 ... +125°C"; VariantName = "[No Variations]"
Add component (AddParameter): Name = "Package"; Value = "1206"; VariantName = "[No Variations]"
Add component (AddParameter): Name = "Part Number"; Value = "CL31B106KBHNNNE"; VariantName = "[No Variations]"
Add component (AddParameter): Name = "Remark"; Value = ""; VariantName = "[No Variations]"
Add component (AddParameter): Name = "RoHS"; Value = "ROHS3"; VariantName = "[No Variations]"
Add component (AddParameter): Name = "Sort order"; Value = "308"; VariantName = "[No Variations]"
Add component (AddParameter): Name = "Source"; Value = "RLC_UN1Q.SchLib"; VariantName = "[No Variations]"
Add component (AddParameter): Name = "System"; Value = "RLC"; VariantName = "[No Variations]"
Add component (AddParameter): Name = "Temperature characteristics"; Value = "X7R"; VariantName = "[No Variations]"
Add component (AddParameter): Name = "Tolerance"; Value = "+/-10%"; VariantName = "[No Variations]"
Add component (AddParameter): Name = "Value"; Value = "10uF"; VariantName = "[No Variations]"
Add component (AddParameter): Name = "Voltage"; Value = "50V"; VariantName = "[No Variations]"
Added Component: Designator=C99(CAP_0402_UN1Q)
Add component (AddParameter): Name = "Alternative component"; Value = "Allowed"; VariantName = "[No Variations]"
Add component (AddParameter): Name = "ClassName"; Value = ""; VariantName = "[No Variations]"
Add component (AddParameter): Name = "Component Type"; Value = "Capacitor"; VariantName = "[No Variations]"
Add component (AddParameter): Name = "ComponentLink1Description"; Value = "1_Datasheet"; VariantName = "[No Variations]"
Add component (AddParameter): Name = "ComponentLink1URL"; Value = ""; VariantName = "[No Variations]"
Add component (AddParameter): Name = "ComponentLink2Description"; Value = "2_Product page"; VariantName = "[No Variations]"
Add component (AddParameter): Name = "ComponentLink2URL"; Value = ""; VariantName = "[No Variations]"
Add component (AddParameter): Name = "ComponentLink3Description"; Value = "3_X-information"; VariantName = "[No Variations]"
Add component (AddParameter): Name = "ComponentLink3URL"; Value = ""; VariantName = "[No Variations]"
Add component (AddParameter): Name = "ComponentLink4Description"; Value = "4_X-information"; VariantName = "[No Variations]"
Add component (AddParameter): Name = "ComponentLink4URL"; Value = ""; VariantName = "[No Variations]"
Add component (AddParameter): Name = "ComponentLink5Description"; Value = ""; VariantName = "[No Variations]"
Add component (AddParameter): Name = "ComponentLink5URL"; Value = ""; VariantName = "[No Variations]"
Add component (AddParameter): Name = "Creation date"; Value = "20190101"; VariantName = "[No Variations]"
Add component (AddParameter): Name = "Dimensions WxLxH"; Value = ""; VariantName = "[No Variations]"
Add component (AddParameter): Name = "ECCN"; Value = ""; VariantName = "[No Variations]"
Add component (AddParameter): Name = "HasBeenBuilt"; Value = "TBD"; VariantName = "[No Variations]"
Add component (AddParameter): Name = "Manufacturer"; Value = "Murata"; VariantName = "[No Variations]"
Add component (AddParameter): Name = "Manufacturer Part Number"; Value = "GRM155R71H104KE14D"; VariantName = "[No Variations]"
Add component (AddParameter): Name = "Operating temperature range"; Value = ""; VariantName = "[No Variations]"
Add component (AddParameter): Name = "Package"; Value = "0402"; VariantName = "[No Variations]"
Add component (AddParameter): Name = "Part Number"; Value = "GRM155R71H104KE14D"; VariantName = "[No Variations]"
Add component (AddParameter): Name = "Remark"; Value = ""; VariantName = "[No Variations]"
Add component (AddParameter): Name = "RoHS"; Value = ""; VariantName = "[No Variations]"
Add component (AddParameter): Name = "Sort order"; Value = "304"; VariantName = "[No Variations]"
Add component (AddParameter): Name = "Source"; Value = ""; VariantName = "[No Variations]"
Add component (AddParameter): Name = "System"; Value = "RLC"; VariantName = "[No Variations]"
Add component (AddParameter): Name = "Temperature characteristics"; Value = "X7R"; VariantName = "[No Variations]"
Add component (AddParameter): Name = "Tolerance"; Value = "+/-10%"; VariantName = "[No Variations]"
Add component (AddParameter): Name = "Value"; Value = "100nF"; VariantName = "[No Variations]"
Add component (AddParameter): Name = "Voltage"; Value = "50V"; VariantName = "[No Variations]"
Added Component: Designator=C100(CAP_0805_UN1Q)
Add component (AddParameter): Name = "Alternative component"; Value = "Allowed"; VariantName = "[No Variations]"
Add component (AddParameter): Name = "ClassName"; Value = ""; VariantName = "[No Variations]"
Add component (AddParameter): Name = "Component Type"; Value = "Capacitor"; VariantName = "[No Variations]"
Add component (AddParameter): Name = "ComponentLink1Description"; Value = "1_Datasheet"; VariantName = "[No Variations]"
Add component (AddParameter): Name = "ComponentLink1URL"; Value = ""; VariantName = "[No Variations]"
Add component (AddParameter): Name = "ComponentLink2Description"; Value = "2_Product page"; VariantName = "[No Variations]"
Add component (AddParameter): Name = "ComponentLink2URL"; Value = ""; VariantName = "[No Variations]"
Add component (AddParameter): Name = "ComponentLink3Description"; Value = "3_X-information"; VariantName = "[No Variations]"
Add component (AddParameter): Name = "ComponentLink3URL"; Value = ""; VariantName = "[No Variations]"
Add component (AddParameter): Name = "ComponentLink4Description"; Value = "4_X-information"; VariantName = "[No Variations]"
Add component (AddParameter): Name = "ComponentLink4URL"; Value = ""; VariantName = "[No Variations]"
Add component (AddParameter): Name = "Creation date"; Value = "22032024"; VariantName = "[No Variations]"
Add component (AddParameter): Name = "Dimensions WxLxH"; Value = ""; VariantName = "[No Variations]"
Add component (AddParameter): Name = "ECCN"; Value = ""; VariantName = "[No Variations]"
Add component (AddParameter): Name = "HasBeenBuilt"; Value = "TBD"; VariantName = "[No Variations]"
Add component (AddParameter): Name = "Manufacturer"; Value = "Murata"; VariantName = "[No Variations]"
Add component (AddParameter): Name = "Manufacturer Part Number"; Value = "GRM21BZ71A226ME15L"; VariantName = "[No Variations]"
Add component (AddParameter): Name = "Operating temperature range"; Value = ""; VariantName = "[No Variations]"
Add component (AddParameter): Name = "Package"; Value = "0805"; VariantName = "[No Variations]"
Add component (AddParameter): Name = "Part Number"; Value = "GRM21BZ71A226ME15L"; VariantName = "[No Variations]"
Add component (AddParameter): Name = "Remark"; Value = ""; VariantName = "[No Variations]"
Add component (AddParameter): Name = "RoHS"; Value = ""; VariantName = "[No Variations]"
Add component (AddParameter): Name = "Sort order"; Value = "308"; VariantName = "[No Variations]"
Add component (AddParameter): Name = "Source"; Value = ""; VariantName = "[No Variations]"
Add component (AddParameter): Name = "System"; Value = "RLC"; VariantName = "[No Variations]"
Add component (AddParameter): Name = "Temperature characteristics"; Value = "X7R"; VariantName = "[No Variations]"
Add component (AddParameter): Name = "Tolerance"; Value = "+/-20%"; VariantName = "[No Variations]"
Add component (AddParameter): Name = "Value"; Value = "22uF"; VariantName = "[No Variations]"
Add component (AddParameter): Name = "Voltage"; Value = "10V"; VariantName = "[No Variations]"
Added Component: Designator=C101(CAP_0805_UN1Q)
Add component (AddParameter): Name = "Alternative component"; Value = "Allowed"; VariantName = "[No Variations]"
Add component (AddParameter): Name = "ClassName"; Value = ""; VariantName = "[No Variations]"
Add component (AddParameter): Name = "Component Type"; Value = "Capacitor"; VariantName = "[No Variations]"
Add component (AddParameter): Name = "ComponentLink1Description"; Value = "1_Datasheet"; VariantName = "[No Variations]"
Add component (AddParameter): Name = "ComponentLink1URL"; Value = ""; VariantName = "[No Variations]"
Add component (AddParameter): Name = "ComponentLink2Description"; Value = "2_Product page"; VariantName = "[No Variations]"
Add component (AddParameter): Name = "ComponentLink2URL"; Value = ""; VariantName = "[No Variations]"
Add component (AddParameter): Name = "ComponentLink3Description"; Value = "3_X-information"; VariantName = "[No Variations]"
Add component (AddParameter): Name = "ComponentLink3URL"; Value = ""; VariantName = "[No Variations]"
Add component (AddParameter): Name = "ComponentLink4Description"; Value = "4_X-information"; VariantName = "[No Variations]"
Add component (AddParameter): Name = "ComponentLink4URL"; Value = ""; VariantName = "[No Variations]"
Add component (AddParameter): Name = "Creation date"; Value = "22032024"; VariantName = "[No Variations]"
Add component (AddParameter): Name = "Dimensions WxLxH"; Value = ""; VariantName = "[No Variations]"
Add component (AddParameter): Name = "ECCN"; Value = ""; VariantName = "[No Variations]"
Add component (AddParameter): Name = "HasBeenBuilt"; Value = "TBD"; VariantName = "[No Variations]"
Add component (AddParameter): Name = "Manufacturer"; Value = "Murata"; VariantName = "[No Variations]"
Add component (AddParameter): Name = "Manufacturer Part Number"; Value = "GRM21BZ71A226ME15L"; VariantName = "[No Variations]"
Add component (AddParameter): Name = "Operating temperature range"; Value = ""; VariantName = "[No Variations]"
Add component (AddParameter): Name = "Package"; Value = "0805"; VariantName = "[No Variations]"
Add component (AddParameter): Name = "Part Number"; Value = "GRM21BZ71A226ME15L"; VariantName = "[No Variations]"
Add component (AddParameter): Name = "Remark"; Value = ""; VariantName = "[No Variations]"
Add component (AddParameter): Name = "RoHS"; Value = ""; VariantName = "[No Variations]"
Add component (AddParameter): Name = "Sort order"; Value = "308"; VariantName = "[No Variations]"
Add component (AddParameter): Name = "Source"; Value = ""; VariantName = "[No Variations]"
Add component (AddParameter): Name = "System"; Value = "RLC"; VariantName = "[No Variations]"
Add component (AddParameter): Name = "Temperature characteristics"; Value = "X7R"; VariantName = "[No Variations]"
Add component (AddParameter): Name = "Tolerance"; Value = "+/-20%"; VariantName = "[No Variations]"
Add component (AddParameter): Name = "Value"; Value = "22uF"; VariantName = "[No Variations]"
Add component (AddParameter): Name = "Voltage"; Value = "10V"; VariantName = "[No Variations]"
Added Component: Designator=C102(CAP_0805_UN1Q)
Add component (AddParameter): Name = "Alternative component"; Value = "Allowed"; VariantName = "[No Variations]"
Add component (AddParameter): Name = "ClassName"; Value = ""; VariantName = "[No Variations]"
Add component (AddParameter): Name = "Component Type"; Value = "Capacitor"; VariantName = "[No Variations]"
Add component (AddParameter): Name = "ComponentLink1Description"; Value = "1_Datasheet"; VariantName = "[No Variations]"
Add component (AddParameter): Name = "ComponentLink1URL"; Value = ""; VariantName = "[No Variations]"
Add component (AddParameter): Name = "ComponentLink2Description"; Value = "2_Product page"; VariantName = "[No Variations]"
Add component (AddParameter): Name = "ComponentLink2URL"; Value = ""; VariantName = "[No Variations]"
Add component (AddParameter): Name = "ComponentLink3Description"; Value = "3_X-information"; VariantName = "[No Variations]"
Add component (AddParameter): Name = "ComponentLink3URL"; Value = ""; VariantName = "[No Variations]"
Add component (AddParameter): Name = "ComponentLink4Description"; Value = "4_X-information"; VariantName = "[No Variations]"
Add component (AddParameter): Name = "ComponentLink4URL"; Value = ""; VariantName = "[No Variations]"
Add component (AddParameter): Name = "Creation date"; Value = "22032024"; VariantName = "[No Variations]"
Add component (AddParameter): Name = "Dimensions WxLxH"; Value = ""; VariantName = "[No Variations]"
Add component (AddParameter): Name = "ECCN"; Value = ""; VariantName = "[No Variations]"
Add component (AddParameter): Name = "HasBeenBuilt"; Value = "TBD"; VariantName = "[No Variations]"
Add component (AddParameter): Name = "Manufacturer"; Value = "Murata"; VariantName = "[No Variations]"
Add component (AddParameter): Name = "Manufacturer Part Number"; Value = "GRM21BZ71A226ME15L"; VariantName = "[No Variations]"
Add component (AddParameter): Name = "Operating temperature range"; Value = ""; VariantName = "[No Variations]"
Add component (AddParameter): Name = "Package"; Value = "0805"; VariantName = "[No Variations]"
Add component (AddParameter): Name = "Part Number"; Value = "GRM21BZ71A226ME15L"; VariantName = "[No Variations]"
Add component (AddParameter): Name = "Remark"; Value = ""; VariantName = "[No Variations]"
Add component (AddParameter): Name = "RoHS"; Value = ""; VariantName = "[No Variations]"
Add component (AddParameter): Name = "Sort order"; Value = "308"; VariantName = "[No Variations]"
Add component (AddParameter): Name = "Source"; Value = ""; VariantName = "[No Variations]"
Add component (AddParameter): Name = "System"; Value = "RLC"; VariantName = "[No Variations]"
Add component (AddParameter): Name = "Temperature characteristics"; Value = "X7R"; VariantName = "[No Variations]"
Add component (AddParameter): Name = "Tolerance"; Value = "+/-20%"; VariantName = "[No Variations]"
Add component (AddParameter): Name = "Value"; Value = "22uF"; VariantName = "[No Variations]"
Add component (AddParameter): Name = "Voltage"; Value = "10V"; VariantName = "[No Variations]"
Added Component: Designator=C103(CAP_0805_UN1Q)
Add component (AddParameter): Name = "Alternative component"; Value = "Allowed"; VariantName = "[No Variations]"
Add component (AddParameter): Name = "ClassName"; Value = ""; VariantName = "[No Variations]"
Add component (AddParameter): Name = "Component Type"; Value = "Capacitor"; VariantName = "[No Variations]"
Add component (AddParameter): Name = "ComponentLink1Description"; Value = "1_Datasheet"; VariantName = "[No Variations]"
Add component (AddParameter): Name = "ComponentLink1URL"; Value = ""; VariantName = "[No Variations]"
Add component (AddParameter): Name = "ComponentLink2Description"; Value = "2_Product page"; VariantName = "[No Variations]"
Add component (AddParameter): Name = "ComponentLink2URL"; Value = ""; VariantName = "[No Variations]"
Add component (AddParameter): Name = "ComponentLink3Description"; Value = "3_X-information"; VariantName = "[No Variations]"
Add component (AddParameter): Name = "ComponentLink3URL"; Value = ""; VariantName = "[No Variations]"
Add component (AddParameter): Name = "ComponentLink4Description"; Value = "4_X-information"; VariantName = "[No Variations]"
Add component (AddParameter): Name = "ComponentLink4URL"; Value = ""; VariantName = "[No Variations]"
Add component (AddParameter): Name = "Creation date"; Value = "22032024"; VariantName = "[No Variations]"
Add component (AddParameter): Name = "Dimensions WxLxH"; Value = ""; VariantName = "[No Variations]"
Add component (AddParameter): Name = "ECCN"; Value = ""; VariantName = "[No Variations]"
Add component (AddParameter): Name = "HasBeenBuilt"; Value = "TBD"; VariantName = "[No Variations]"
Add component (AddParameter): Name = "Manufacturer"; Value = "Murata"; VariantName = "[No Variations]"
Add component (AddParameter): Name = "Manufacturer Part Number"; Value = "GRM21BZ71A226ME15L"; VariantName = "[No Variations]"
Add component (AddParameter): Name = "Operating temperature range"; Value = ""; VariantName = "[No Variations]"
Add component (AddParameter): Name = "Package"; Value = "0805"; VariantName = "[No Variations]"
Add component (AddParameter): Name = "Part Number"; Value = "GRM21BZ71A226ME15L"; VariantName = "[No Variations]"
Add component (AddParameter): Name = "Remark"; Value = ""; VariantName = "[No Variations]"
Add component (AddParameter): Name = "RoHS"; Value = ""; VariantName = "[No Variations]"
Add component (AddParameter): Name = "Sort order"; Value = "308"; VariantName = "[No Variations]"
Add component (AddParameter): Name = "Source"; Value = ""; VariantName = "[No Variations]"
Add component (AddParameter): Name = "System"; Value = "RLC"; VariantName = "[No Variations]"
Add component (AddParameter): Name = "Temperature characteristics"; Value = "X7R"; VariantName = "[No Variations]"
Add component (AddParameter): Name = "Tolerance"; Value = "+/-20%"; VariantName = "[No Variations]"
Add component (AddParameter): Name = "Value"; Value = "22uF"; VariantName = "[No Variations]"
Add component (AddParameter): Name = "Voltage"; Value = "10V"; VariantName = "[No Variations]"
Added Component: Designator=C104(CAP_0402_UN1Q)
Add component (AddParameter): Name = "Alternative component"; Value = "Allowed"; VariantName = "[No Variations]"
Add component (AddParameter): Name = "ClassName"; Value = ""; VariantName = "[No Variations]"
Add component (AddParameter): Name = "Component Type"; Value = "Capacitor"; VariantName = "[No Variations]"
Add component (AddParameter): Name = "ComponentLink1Description"; Value = "1_Datasheet"; VariantName = "[No Variations]"
Add component (AddParameter): Name = "ComponentLink1URL"; Value = ""; VariantName = "[No Variations]"
Add component (AddParameter): Name = "ComponentLink2Description"; Value = "2_Product page"; VariantName = "[No Variations]"
Add component (AddParameter): Name = "ComponentLink2URL"; Value = ""; VariantName = "[No Variations]"
Add component (AddParameter): Name = "ComponentLink3Description"; Value = "3_X-information"; VariantName = "[No Variations]"
Add component (AddParameter): Name = "ComponentLink3URL"; Value = ""; VariantName = "[No Variations]"
Add component (AddParameter): Name = "ComponentLink4Description"; Value = "4_X-information"; VariantName = "[No Variations]"
Add component (AddParameter): Name = "ComponentLink4URL"; Value = ""; VariantName = "[No Variations]"
Add component (AddParameter): Name = "ComponentLink5Description"; Value = ""; VariantName = "[No Variations]"
Add component (AddParameter): Name = "ComponentLink5URL"; Value = ""; VariantName = "[No Variations]"
Add component (AddParameter): Name = "Creation date"; Value = "20190101"; VariantName = "[No Variations]"
Add component (AddParameter): Name = "Dimensions WxLxH"; Value = ""; VariantName = "[No Variations]"
Add component (AddParameter): Name = "ECCN"; Value = ""; VariantName = "[No Variations]"
Add component (AddParameter): Name = "HasBeenBuilt"; Value = "TBD"; VariantName = "[No Variations]"
Add component (AddParameter): Name = "Manufacturer"; Value = "Murata"; VariantName = "[No Variations]"
Add component (AddParameter): Name = "Manufacturer Part Number"; Value = "GRM155R71H104KE14D"; VariantName = "[No Variations]"
Add component (AddParameter): Name = "Operating temperature range"; Value = ""; VariantName = "[No Variations]"
Add component (AddParameter): Name = "Package"; Value = "0402"; VariantName = "[No Variations]"
Add component (AddParameter): Name = "Part Number"; Value = "GRM155R71H104KE14D"; VariantName = "[No Variations]"
Add component (AddParameter): Name = "Remark"; Value = ""; VariantName = "[No Variations]"
Add component (AddParameter): Name = "RoHS"; Value = ""; VariantName = "[No Variations]"
Add component (AddParameter): Name = "Sort order"; Value = "304"; VariantName = "[No Variations]"
Add component (AddParameter): Name = "Source"; Value = ""; VariantName = "[No Variations]"
Add component (AddParameter): Name = "System"; Value = "RLC"; VariantName = "[No Variations]"
Add component (AddParameter): Name = "Temperature characteristics"; Value = "X7R"; VariantName = "[No Variations]"
Add component (AddParameter): Name = "Tolerance"; Value = "+/-10%"; VariantName = "[No Variations]"
Add component (AddParameter): Name = "Value"; Value = "100nF"; VariantName = "[No Variations]"
Add component (AddParameter): Name = "Voltage"; Value = "50V"; VariantName = "[No Variations]"
Added Component: Designator=C105(CAP_0402_UN1Q)
Add component (AddParameter): Name = "Alternative component"; Value = "Allowed"; VariantName = "[No Variations]"
Add component (AddParameter): Name = "ClassName"; Value = ""; VariantName = "[No Variations]"
Add component (AddParameter): Name = "Component Type"; Value = "Capacitor"; VariantName = "[No Variations]"
Add component (AddParameter): Name = "ComponentLink1Description"; Value = "1_Datasheet"; VariantName = "[No Variations]"
Add component (AddParameter): Name = "ComponentLink1URL"; Value = ""; VariantName = "[No Variations]"
Add component (AddParameter): Name = "ComponentLink2Description"; Value = "2_Product page"; VariantName = "[No Variations]"
Add component (AddParameter): Name = "ComponentLink2URL"; Value = ""; VariantName = "[No Variations]"
Add component (AddParameter): Name = "ComponentLink3Description"; Value = "3_X-information"; VariantName = "[No Variations]"
Add component (AddParameter): Name = "ComponentLink3URL"; Value = ""; VariantName = "[No Variations]"
Add component (AddParameter): Name = "ComponentLink4Description"; Value = "4_X-information"; VariantName = "[No Variations]"
Add component (AddParameter): Name = "ComponentLink4URL"; Value = ""; VariantName = "[No Variations]"
Add component (AddParameter): Name = "ComponentLink5Description"; Value = ""; VariantName = "[No Variations]"
Add component (AddParameter): Name = "ComponentLink5URL"; Value = ""; VariantName = "[No Variations]"
Add component (AddParameter): Name = "Creation date"; Value = "20190101"; VariantName = "[No Variations]"
Add component (AddParameter): Name = "Dimensions WxLxH"; Value = ""; VariantName = "[No Variations]"
Add component (AddParameter): Name = "ECCN"; Value = ""; VariantName = "[No Variations]"
Add component (AddParameter): Name = "HasBeenBuilt"; Value = "TBD"; VariantName = "[No Variations]"
Add component (AddParameter): Name = "Manufacturer"; Value = "Murata"; VariantName = "[No Variations]"
Add component (AddParameter): Name = "Manufacturer Part Number"; Value = "GRM155R71H104KE14D"; VariantName = "[No Variations]"
Add component (AddParameter): Name = "Operating temperature range"; Value = ""; VariantName = "[No Variations]"
Add component (AddParameter): Name = "Package"; Value = "0402"; VariantName = "[No Variations]"
Add component (AddParameter): Name = "Part Number"; Value = "GRM155R71H104KE14D"; VariantName = "[No Variations]"
Add component (AddParameter): Name = "Remark"; Value = ""; VariantName = "[No Variations]"
Add component (AddParameter): Name = "RoHS"; Value = ""; VariantName = "[No Variations]"
Add component (AddParameter): Name = "Sort order"; Value = "304"; VariantName = "[No Variations]"
Add component (AddParameter): Name = "Source"; Value = ""; VariantName = "[No Variations]"
Add component (AddParameter): Name = "System"; Value = "RLC"; VariantName = "[No Variations]"
Add component (AddParameter): Name = "Temperature characteristics"; Value = "X7R"; VariantName = "[No Variations]"
Add component (AddParameter): Name = "Tolerance"; Value = "+/-10%"; VariantName = "[No Variations]"
Add component (AddParameter): Name = "Value"; Value = "100nF"; VariantName = "[No Variations]"
Add component (AddParameter): Name = "Voltage"; Value = "50V"; VariantName = "[No Variations]"
Added Component: Designator=C106(CAP_0805_UN1Q)
Add component (AddParameter): Name = "Alternative component"; Value = "Allowed"; VariantName = "[No Variations]"
Add component (AddParameter): Name = "ClassName"; Value = ""; VariantName = "[No Variations]"
Add component (AddParameter): Name = "Component Type"; Value = "Capacitor"; VariantName = "[No Variations]"
Add component (AddParameter): Name = "ComponentLink1Description"; Value = "1_Datasheet"; VariantName = "[No Variations]"
Add component (AddParameter): Name = "ComponentLink1URL"; Value = ""; VariantName = "[No Variations]"
Add component (AddParameter): Name = "ComponentLink2Description"; Value = "2_Product page"; VariantName = "[No Variations]"
Add component (AddParameter): Name = "ComponentLink2URL"; Value = ""; VariantName = "[No Variations]"
Add component (AddParameter): Name = "ComponentLink3Description"; Value = "3_X-information"; VariantName = "[No Variations]"
Add component (AddParameter): Name = "ComponentLink3URL"; Value = ""; VariantName = "[No Variations]"
Add component (AddParameter): Name = "ComponentLink4Description"; Value = "4_X-information"; VariantName = "[No Variations]"
Add component (AddParameter): Name = "ComponentLink4URL"; Value = ""; VariantName = "[No Variations]"
Add component (AddParameter): Name = "ComponentLink5Description"; Value = ""; VariantName = "[No Variations]"
Add component (AddParameter): Name = "ComponentLink5URL"; Value = ""; VariantName = "[No Variations]"
Add component (AddParameter): Name = "Creation date"; Value = "20220803"; VariantName = "[No Variations]"
Add component (AddParameter): Name = "Dimensions WxLxH"; Value = ""; VariantName = "[No Variations]"
Add component (AddParameter): Name = "ECCN"; Value = "EAR99"; VariantName = "[No Variations]"
Add component (AddParameter): Name = "HasBeenBuilt"; Value = "Saluki3"; VariantName = "[No Variations]"
Add component (AddParameter): Name = "Manufacturer"; Value = "TDK"; VariantName = "[No Variations]"
Add component (AddParameter): Name = "Manufacturer Part Number"; Value = "C2012X7R1H225K125AC"; VariantName = "[No Variations]"
Add component (AddParameter): Name = "Operating temperature range"; Value = "-55 ... +125°C"; VariantName = "[No Variations]"
Add component (AddParameter): Name = "Package"; Value = "0805"; VariantName = "[No Variations]"
Add component (AddParameter): Name = "Part Number"; Value = "C2012X7R1H225K125AC"; VariantName = "[No Variations]"
Add component (AddParameter): Name = "Remark"; Value = ""; VariantName = "[No Variations]"
Add component (AddParameter): Name = "RoHS"; Value = "ROHS3"; VariantName = "[No Variations]"
Add component (AddParameter): Name = "Sort order"; Value = "308"; VariantName = "[No Variations]"
Add component (AddParameter): Name = "Source"; Value = "RLC_UN1Q.SchLib"; VariantName = "[No Variations]"
Add component (AddParameter): Name = "System"; Value = "RLC"; VariantName = "[No Variations]"
Add component (AddParameter): Name = "Temperature characteristics"; Value = "X7R"; VariantName = "[No Variations]"
Add component (AddParameter): Name = "Tolerance"; Value = "+/-10%"; VariantName = "[No Variations]"
Add component (AddParameter): Name = "Value"; Value = "2.2uF"; VariantName = "[No Variations]"
Add component (AddParameter): Name = "Voltage"; Value = "50V"; VariantName = "[No Variations]"
Added Component: Designator=C107(CAP_0805_UN1Q)
Add component (AddParameter): Name = "Alternative component"; Value = "Allowed"; VariantName = "[No Variations]"
Add component (AddParameter): Name = "ClassName"; Value = ""; VariantName = "[No Variations]"
Add component (AddParameter): Name = "Component Type"; Value = "Capacitor"; VariantName = "[No Variations]"
Add component (AddParameter): Name = "ComponentLink1Description"; Value = "1_Datasheet"; VariantName = "[No Variations]"
Add component (AddParameter): Name = "ComponentLink1URL"; Value = ""; VariantName = "[No Variations]"
Add component (AddParameter): Name = "ComponentLink2Description"; Value = "2_Product page"; VariantName = "[No Variations]"
Add component (AddParameter): Name = "ComponentLink2URL"; Value = ""; VariantName = "[No Variations]"
Add component (AddParameter): Name = "ComponentLink3Description"; Value = "3_X-information"; VariantName = "[No Variations]"
Add component (AddParameter): Name = "ComponentLink3URL"; Value = ""; VariantName = "[No Variations]"
Add component (AddParameter): Name = "ComponentLink4Description"; Value = "4_X-information"; VariantName = "[No Variations]"
Add component (AddParameter): Name = "ComponentLink4URL"; Value = ""; VariantName = "[No Variations]"
Add component (AddParameter): Name = "ComponentLink5Description"; Value = ""; VariantName = "[No Variations]"
Add component (AddParameter): Name = "ComponentLink5URL"; Value = ""; VariantName = "[No Variations]"
Add component (AddParameter): Name = "Creation date"; Value = "20220803"; VariantName = "[No Variations]"
Add component (AddParameter): Name = "Dimensions WxLxH"; Value = ""; VariantName = "[No Variations]"
Add component (AddParameter): Name = "ECCN"; Value = "EAR99"; VariantName = "[No Variations]"
Add component (AddParameter): Name = "HasBeenBuilt"; Value = "Saluki3"; VariantName = "[No Variations]"
Add component (AddParameter): Name = "Manufacturer"; Value = "TDK"; VariantName = "[No Variations]"
Add component (AddParameter): Name = "Manufacturer Part Number"; Value = "C2012X7R1H225K125AC"; VariantName = "[No Variations]"
Add component (AddParameter): Name = "Operating temperature range"; Value = "-55 ... +125°C"; VariantName = "[No Variations]"
Add component (AddParameter): Name = "Package"; Value = "0805"; VariantName = "[No Variations]"
Add component (AddParameter): Name = "Part Number"; Value = "C2012X7R1H225K125AC"; VariantName = "[No Variations]"
Add component (AddParameter): Name = "Remark"; Value = ""; VariantName = "[No Variations]"
Add component (AddParameter): Name = "RoHS"; Value = "ROHS3"; VariantName = "[No Variations]"
Add component (AddParameter): Name = "Sort order"; Value = "308"; VariantName = "[No Variations]"
Add component (AddParameter): Name = "Source"; Value = "RLC_UN1Q.SchLib"; VariantName = "[No Variations]"
Add component (AddParameter): Name = "System"; Value = "RLC"; VariantName = "[No Variations]"
Add component (AddParameter): Name = "Temperature characteristics"; Value = "X7R"; VariantName = "[No Variations]"
Add component (AddParameter): Name = "Tolerance"; Value = "+/-10%"; VariantName = "[No Variations]"
Add component (AddParameter): Name = "Value"; Value = "2.2uF"; VariantName = "[No Variations]"
Add component (AddParameter): Name = "Voltage"; Value = "50V"; VariantName = "[No Variations]"
Added Component: Designator=C108(CAP_0402_UN1Q)
Add component (AddParameter): Name = "Alternative component"; Value = "Allowed"; VariantName = "[No Variations]"
Add component (AddParameter): Name = "ClassName"; Value = ""; VariantName = "[No Variations]"
Add component (AddParameter): Name = "Component Type"; Value = "Capacitor"; VariantName = "[No Variations]"
Add component (AddParameter): Name = "ComponentLink1Description"; Value = "1_Datasheet"; VariantName = "[No Variations]"
Add component (AddParameter): Name = "ComponentLink1URL"; Value = ""; VariantName = "[No Variations]"
Add component (AddParameter): Name = "ComponentLink2Description"; Value = "2_Product page"; VariantName = "[No Variations]"
Add component (AddParameter): Name = "ComponentLink2URL"; Value = ""; VariantName = "[No Variations]"
Add component (AddParameter): Name = "ComponentLink3Description"; Value = "3_X-information"; VariantName = "[No Variations]"
Add component (AddParameter): Name = "ComponentLink3URL"; Value = ""; VariantName = "[No Variations]"
Add component (AddParameter): Name = "ComponentLink4Description"; Value = "4_X-information"; VariantName = "[No Variations]"
Add component (AddParameter): Name = "ComponentLink4URL"; Value = ""; VariantName = "[No Variations]"
Add component (AddParameter): Name = "ComponentLink5Description"; Value = ""; VariantName = "[No Variations]"
Add component (AddParameter): Name = "ComponentLink5URL"; Value = ""; VariantName = "[No Variations]"
Add component (AddParameter): Name = "Creation date"; Value = "20190101"; VariantName = "[No Variations]"
Add component (AddParameter): Name = "Dimensions WxLxH"; Value = ""; VariantName = "[No Variations]"
Add component (AddParameter): Name = "ECCN"; Value = ""; VariantName = "[No Variations]"
Add component (AddParameter): Name = "HasBeenBuilt"; Value = "TBD"; VariantName = "[No Variations]"
Add component (AddParameter): Name = "Manufacturer"; Value = "Murata"; VariantName = "[No Variations]"
Add component (AddParameter): Name = "Manufacturer Part Number"; Value = "GRM155R71H104KE14D"; VariantName = "[No Variations]"
Add component (AddParameter): Name = "Operating temperature range"; Value = ""; VariantName = "[No Variations]"
Add component (AddParameter): Name = "Package"; Value = "0402"; VariantName = "[No Variations]"
Add component (AddParameter): Name = "Part Number"; Value = "GRM155R71H104KE14D"; VariantName = "[No Variations]"
Add component (AddParameter): Name = "Remark"; Value = ""; VariantName = "[No Variations]"
Add component (AddParameter): Name = "RoHS"; Value = ""; VariantName = "[No Variations]"
Add component (AddParameter): Name = "Sort order"; Value = "304"; VariantName = "[No Variations]"
Add component (AddParameter): Name = "Source"; Value = ""; VariantName = "[No Variations]"
Add component (AddParameter): Name = "System"; Value = "RLC"; VariantName = "[No Variations]"
Add component (AddParameter): Name = "Temperature characteristics"; Value = "X7R"; VariantName = "[No Variations]"
Add component (AddParameter): Name = "Tolerance"; Value = "+/-10%"; VariantName = "[No Variations]"
Add component (AddParameter): Name = "Value"; Value = "100nF"; VariantName = "[No Variations]"
Add component (AddParameter): Name = "Voltage"; Value = "50V"; VariantName = "[No Variations]"
Added Component: Designator=C109(CAP_0402_UN1Q)
Add component (AddParameter): Name = "Alternative component"; Value = "Allowed"; VariantName = "[No Variations]"
Add component (AddParameter): Name = "ClassName"; Value = ""; VariantName = "[No Variations]"
Add component (AddParameter): Name = "Component Type"; Value = "Capacitor"; VariantName = "[No Variations]"
Add component (AddParameter): Name = "ComponentLink1Description"; Value = "1_Datasheet"; VariantName = "[No Variations]"
Add component (AddParameter): Name = "ComponentLink1URL"; Value = ""; VariantName = "[No Variations]"
Add component (AddParameter): Name = "ComponentLink2Description"; Value = "2_Product page"; VariantName = "[No Variations]"
Add component (AddParameter): Name = "ComponentLink2URL"; Value = ""; VariantName = "[No Variations]"
Add component (AddParameter): Name = "ComponentLink3Description"; Value = "3_X-information"; VariantName = "[No Variations]"
Add component (AddParameter): Name = "ComponentLink3URL"; Value = ""; VariantName = "[No Variations]"
Add component (AddParameter): Name = "ComponentLink4Description"; Value = "4_X-information"; VariantName = "[No Variations]"
Add component (AddParameter): Name = "ComponentLink4URL"; Value = ""; VariantName = "[No Variations]"
Add component (AddParameter): Name = "ComponentLink5Description"; Value = ""; VariantName = "[No Variations]"
Add component (AddParameter): Name = "ComponentLink5URL"; Value = ""; VariantName = "[No Variations]"
Add component (AddParameter): Name = "Creation date"; Value = "20210916"; VariantName = "[No Variations]"
Add component (AddParameter): Name = "Dimensions WxLxH"; Value = ""; VariantName = "[No Variations]"
Add component (AddParameter): Name = "ECCN"; Value = "EAR99"; VariantName = "[No Variations]"
Add component (AddParameter): Name = "HasBeenBuilt"; Value = "False"; VariantName = "[No Variations]"
Add component (AddParameter): Name = "Manufacturer"; Value = "Murata"; VariantName = "[No Variations]"
Add component (AddParameter): Name = "Manufacturer Part Number"; Value = "GCM155R71H223KA55D"; VariantName = "[No Variations]"
Add component (AddParameter): Name = "Operating temperature range"; Value = "-55 ... +125°C"; VariantName = "[No Variations]"
Add component (AddParameter): Name = "Package"; Value = "0402"; VariantName = "[No Variations]"
Add component (AddParameter): Name = "Part Number"; Value = "GCM155R71H223KA55D"; VariantName = "[No Variations]"
Add component (AddParameter): Name = "Remark"; Value = ""; VariantName = "[No Variations]"
Add component (AddParameter): Name = "RoHS"; Value = "RoHS3"; VariantName = "[No Variations]"
Add component (AddParameter): Name = "Sort order"; Value = "304"; VariantName = "[No Variations]"
Add component (AddParameter): Name = "Source"; Value = "RLC_UN1Q.SchLib"; VariantName = "[No Variations]"
Add component (AddParameter): Name = "System"; Value = "RLC"; VariantName = "[No Variations]"
Add component (AddParameter): Name = "Temperature characteristics"; Value = "X7R"; VariantName = "[No Variations]"
Add component (AddParameter): Name = "Tolerance"; Value = "+/-10%"; VariantName = "[No Variations]"
Add component (AddParameter): Name = "Value"; Value = "22nF"; VariantName = "[No Variations]"
Add component (AddParameter): Name = "Voltage"; Value = "50V"; VariantName = "[No Variations]"
Added Component: Designator=C110(CAP_0805_UN1Q)
Add component (AddParameter): Name = "Alternative component"; Value = "Allowed"; VariantName = "[No Variations]"
Add component (AddParameter): Name = "ClassName"; Value = ""; VariantName = "[No Variations]"
Add component (AddParameter): Name = "Component Type"; Value = "Capacitor"; VariantName = "[No Variations]"
Add component (AddParameter): Name = "ComponentLink1Description"; Value = "1_Datasheet"; VariantName = "[No Variations]"
Add component (AddParameter): Name = "ComponentLink1URL"; Value = ""; VariantName = "[No Variations]"
Add component (AddParameter): Name = "ComponentLink2Description"; Value = "2_Product page"; VariantName = "[No Variations]"
Add component (AddParameter): Name = "ComponentLink2URL"; Value = ""; VariantName = "[No Variations]"
Add component (AddParameter): Name = "ComponentLink3Description"; Value = "3_X-information"; VariantName = "[No Variations]"
Add component (AddParameter): Name = "ComponentLink3URL"; Value = ""; VariantName = "[No Variations]"
Add component (AddParameter): Name = "ComponentLink4Description"; Value = "4_X-information"; VariantName = "[No Variations]"
Add component (AddParameter): Name = "ComponentLink4URL"; Value = ""; VariantName = "[No Variations]"
Add component (AddParameter): Name = "ComponentLink5Description"; Value = ""; VariantName = "[No Variations]"
Add component (AddParameter): Name = "ComponentLink5URL"; Value = ""; VariantName = "[No Variations]"
Add component (AddParameter): Name = "Creation date"; Value = "20220803"; VariantName = "[No Variations]"
Add component (AddParameter): Name = "Dimensions WxLxH"; Value = ""; VariantName = "[No Variations]"
Add component (AddParameter): Name = "ECCN"; Value = "EAR99"; VariantName = "[No Variations]"
Add component (AddParameter): Name = "HasBeenBuilt"; Value = "Saluki3"; VariantName = "[No Variations]"
Add component (AddParameter): Name = "Manufacturer"; Value = "TDK"; VariantName = "[No Variations]"
Add component (AddParameter): Name = "Manufacturer Part Number"; Value = "C2012X7R1H225K125AC"; VariantName = "[No Variations]"
Add component (AddParameter): Name = "Operating temperature range"; Value = "-55 ... +125°C"; VariantName = "[No Variations]"
Add component (AddParameter): Name = "Package"; Value = "0805"; VariantName = "[No Variations]"
Add component (AddParameter): Name = "Part Number"; Value = "C2012X7R1H225K125AC"; VariantName = "[No Variations]"
Add component (AddParameter): Name = "Remark"; Value = ""; VariantName = "[No Variations]"
Add component (AddParameter): Name = "RoHS"; Value = "ROHS3"; VariantName = "[No Variations]"
Add component (AddParameter): Name = "Sort order"; Value = "308"; VariantName = "[No Variations]"
Add component (AddParameter): Name = "Source"; Value = "RLC_UN1Q.SchLib"; VariantName = "[No Variations]"
Add component (AddParameter): Name = "System"; Value = "RLC"; VariantName = "[No Variations]"
Add component (AddParameter): Name = "Temperature characteristics"; Value = "X7R"; VariantName = "[No Variations]"
Add component (AddParameter): Name = "Tolerance"; Value = "+/-10%"; VariantName = "[No Variations]"
Add component (AddParameter): Name = "Value"; Value = "2.2uF"; VariantName = "[No Variations]"
Add component (AddParameter): Name = "Voltage"; Value = "50V"; VariantName = "[No Variations]"
Added Component: Designator=C111(CAP_0805_UN1Q)
Add component (AddParameter): Name = "Alternative component"; Value = "Allowed"; VariantName = "[No Variations]"
Add component (AddParameter): Name = "ClassName"; Value = ""; VariantName = "[No Variations]"
Add component (AddParameter): Name = "Component Type"; Value = "Capacitor"; VariantName = "[No Variations]"
Add component (AddParameter): Name = "ComponentLink1Description"; Value = "1_Datasheet"; VariantName = "[No Variations]"
Add component (AddParameter): Name = "ComponentLink1URL"; Value = ""; VariantName = "[No Variations]"
Add component (AddParameter): Name = "ComponentLink2Description"; Value = "2_Product page"; VariantName = "[No Variations]"
Add component (AddParameter): Name = "ComponentLink2URL"; Value = ""; VariantName = "[No Variations]"
Add component (AddParameter): Name = "ComponentLink3Description"; Value = "3_X-information"; VariantName = "[No Variations]"
Add component (AddParameter): Name = "ComponentLink3URL"; Value = ""; VariantName = "[No Variations]"
Add component (AddParameter): Name = "ComponentLink4Description"; Value = "4_X-information"; VariantName = "[No Variations]"
Add component (AddParameter): Name = "ComponentLink4URL"; Value = ""; VariantName = "[No Variations]"
Add component (AddParameter): Name = "ComponentLink5Description"; Value = ""; VariantName = "[No Variations]"
Add component (AddParameter): Name = "ComponentLink5URL"; Value = ""; VariantName = "[No Variations]"
Add component (AddParameter): Name = "Creation date"; Value = "20220803"; VariantName = "[No Variations]"
Add component (AddParameter): Name = "Dimensions WxLxH"; Value = ""; VariantName = "[No Variations]"
Add component (AddParameter): Name = "ECCN"; Value = "EAR99"; VariantName = "[No Variations]"
Add component (AddParameter): Name = "HasBeenBuilt"; Value = "Saluki3"; VariantName = "[No Variations]"
Add component (AddParameter): Name = "Manufacturer"; Value = "TDK"; VariantName = "[No Variations]"
Add component (AddParameter): Name = "Manufacturer Part Number"; Value = "C2012X7R1H225K125AC"; VariantName = "[No Variations]"
Add component (AddParameter): Name = "Operating temperature range"; Value = "-55 ... +125°C"; VariantName = "[No Variations]"
Add component (AddParameter): Name = "Package"; Value = "0805"; VariantName = "[No Variations]"
Add component (AddParameter): Name = "Part Number"; Value = "C2012X7R1H225K125AC"; VariantName = "[No Variations]"
Add component (AddParameter): Name = "Remark"; Value = ""; VariantName = "[No Variations]"
Add component (AddParameter): Name = "RoHS"; Value = "ROHS3"; VariantName = "[No Variations]"
Add component (AddParameter): Name = "Sort order"; Value = "308"; VariantName = "[No Variations]"
Add component (AddParameter): Name = "Source"; Value = "RLC_UN1Q.SchLib"; VariantName = "[No Variations]"
Add component (AddParameter): Name = "System"; Value = "RLC"; VariantName = "[No Variations]"
Add component (AddParameter): Name = "Temperature characteristics"; Value = "X7R"; VariantName = "[No Variations]"
Add component (AddParameter): Name = "Tolerance"; Value = "+/-10%"; VariantName = "[No Variations]"
Add component (AddParameter): Name = "Value"; Value = "2.2uF"; VariantName = "[No Variations]"
Add component (AddParameter): Name = "Voltage"; Value = "50V"; VariantName = "[No Variations]"
Added Component: Designator=C112(CAP_0402_UN1Q)
Add component (AddParameter): Name = "Alternative component"; Value = "Allowed"; VariantName = "[No Variations]"
Add component (AddParameter): Name = "ClassName"; Value = ""; VariantName = "[No Variations]"
Add component (AddParameter): Name = "Component Type"; Value = "Capacitor"; VariantName = "[No Variations]"
Add component (AddParameter): Name = "ComponentLink1Description"; Value = "1_Datasheet"; VariantName = "[No Variations]"
Add component (AddParameter): Name = "ComponentLink1URL"; Value = ""; VariantName = "[No Variations]"
Add component (AddParameter): Name = "ComponentLink2Description"; Value = "2_Product page"; VariantName = "[No Variations]"
Add component (AddParameter): Name = "ComponentLink2URL"; Value = ""; VariantName = "[No Variations]"
Add component (AddParameter): Name = "ComponentLink3Description"; Value = "3_X-information"; VariantName = "[No Variations]"
Add component (AddParameter): Name = "ComponentLink3URL"; Value = ""; VariantName = "[No Variations]"
Add component (AddParameter): Name = "ComponentLink4Description"; Value = "4_X-information"; VariantName = "[No Variations]"
Add component (AddParameter): Name = "ComponentLink4URL"; Value = ""; VariantName = "[No Variations]"
Add component (AddParameter): Name = "ComponentLink5Description"; Value = ""; VariantName = "[No Variations]"
Add component (AddParameter): Name = "ComponentLink5URL"; Value = ""; VariantName = "[No Variations]"
Add component (AddParameter): Name = "Creation date"; Value = "20190101"; VariantName = "[No Variations]"
Add component (AddParameter): Name = "Dimensions WxLxH"; Value = ""; VariantName = "[No Variations]"
Add component (AddParameter): Name = "ECCN"; Value = ""; VariantName = "[No Variations]"
Add component (AddParameter): Name = "HasBeenBuilt"; Value = "TBD"; VariantName = "[No Variations]"
Add component (AddParameter): Name = "Manufacturer"; Value = "Murata"; VariantName = "[No Variations]"
Add component (AddParameter): Name = "Manufacturer Part Number"; Value = "GRM155R71H104KE14D"; VariantName = "[No Variations]"
Add component (AddParameter): Name = "Operating temperature range"; Value = ""; VariantName = "[No Variations]"
Add component (AddParameter): Name = "Package"; Value = "0402"; VariantName = "[No Variations]"
Add component (AddParameter): Name = "Part Number"; Value = "GRM155R71H104KE14D"; VariantName = "[No Variations]"
Add component (AddParameter): Name = "Remark"; Value = ""; VariantName = "[No Variations]"
Add component (AddParameter): Name = "RoHS"; Value = ""; VariantName = "[No Variations]"
Add component (AddParameter): Name = "Sort order"; Value = "304"; VariantName = "[No Variations]"
Add component (AddParameter): Name = "Source"; Value = ""; VariantName = "[No Variations]"
Add component (AddParameter): Name = "System"; Value = "RLC"; VariantName = "[No Variations]"
Add component (AddParameter): Name = "Temperature characteristics"; Value = "X7R"; VariantName = "[No Variations]"
Add component (AddParameter): Name = "Tolerance"; Value = "+/-10%"; VariantName = "[No Variations]"
Add component (AddParameter): Name = "Value"; Value = "100nF"; VariantName = "[No Variations]"
Add component (AddParameter): Name = "Voltage"; Value = "50V"; VariantName = "[No Variations]"
Added Component: Designator=C113(CAP_1206_UN1Q)
Add component (AddParameter): Name = "Alternative component"; Value = "Allowed"; VariantName = "[No Variations]"
Add component (AddParameter): Name = "ClassName"; Value = ""; VariantName = "[No Variations]"
Add component (AddParameter): Name = "Component Type"; Value = "Capacitor"; VariantName = "[No Variations]"
Add component (AddParameter): Name = "ComponentLink1Description"; Value = "1_Datasheet"; VariantName = "[No Variations]"
Add component (AddParameter): Name = "ComponentLink1URL"; Value = ""; VariantName = "[No Variations]"
Add component (AddParameter): Name = "ComponentLink2Description"; Value = "2_Product page"; VariantName = "[No Variations]"
Add component (AddParameter): Name = "ComponentLink2URL"; Value = ""; VariantName = "[No Variations]"
Add component (AddParameter): Name = "ComponentLink3Description"; Value = "3_X-information"; VariantName = "[No Variations]"
Add component (AddParameter): Name = "ComponentLink3URL"; Value = ""; VariantName = "[No Variations]"
Add component (AddParameter): Name = "ComponentLink4Description"; Value = "4_X-information"; VariantName = "[No Variations]"
Add component (AddParameter): Name = "ComponentLink4URL"; Value = ""; VariantName = "[No Variations]"
Add component (AddParameter): Name = "ComponentLink5Description"; Value = ""; VariantName = "[No Variations]"
Add component (AddParameter): Name = "ComponentLink5URL"; Value = ""; VariantName = "[No Variations]"
Add component (AddParameter): Name = "Creation date"; Value = "20220729"; VariantName = "[No Variations]"
Add component (AddParameter): Name = "Dimensions WxLxH"; Value = ""; VariantName = "[No Variations]"
Add component (AddParameter): Name = "ECCN"; Value = "EAR99"; VariantName = "[No Variations]"
Add component (AddParameter): Name = "HasBeenBuilt"; Value = "Saluki3"; VariantName = "[No Variations]"
Add component (AddParameter): Name = "Manufacturer"; Value = "Samsung"; VariantName = "[No Variations]"
Add component (AddParameter): Name = "Manufacturer Part Number"; Value = "CL31B106KBHNNNE"; VariantName = "[No Variations]"
Add component (AddParameter): Name = "Operating temperature range"; Value = "-55 ... +125°C"; VariantName = "[No Variations]"
Add component (AddParameter): Name = "Package"; Value = "1206"; VariantName = "[No Variations]"
Add component (AddParameter): Name = "Part Number"; Value = "CL31B106KBHNNNE"; VariantName = "[No Variations]"
Add component (AddParameter): Name = "Remark"; Value = ""; VariantName = "[No Variations]"
Add component (AddParameter): Name = "RoHS"; Value = "ROHS3"; VariantName = "[No Variations]"
Add component (AddParameter): Name = "Sort order"; Value = "308"; VariantName = "[No Variations]"
Add component (AddParameter): Name = "Source"; Value = "RLC_UN1Q.SchLib"; VariantName = "[No Variations]"
Add component (AddParameter): Name = "System"; Value = "RLC"; VariantName = "[No Variations]"
Add component (AddParameter): Name = "Temperature characteristics"; Value = "X7R"; VariantName = "[No Variations]"
Add component (AddParameter): Name = "Tolerance"; Value = "+/-10%"; VariantName = "[No Variations]"
Add component (AddParameter): Name = "Value"; Value = "10uF"; VariantName = "[No Variations]"
Add component (AddParameter): Name = "Voltage"; Value = "50V"; VariantName = "[No Variations]"
Added Component: Designator=C114(CAP_0402_UN1Q)
Add component (AddParameter): Name = "Alternative component"; Value = "Allowed"; VariantName = "[No Variations]"
Add component (AddParameter): Name = "ClassName"; Value = ""; VariantName = "[No Variations]"
Add component (AddParameter): Name = "Component Type"; Value = "Capacitor"; VariantName = "[No Variations]"
Add component (AddParameter): Name = "ComponentLink1Description"; Value = "1_Datasheet"; VariantName = "[No Variations]"
Add component (AddParameter): Name = "ComponentLink1URL"; Value = ""; VariantName = "[No Variations]"
Add component (AddParameter): Name = "ComponentLink2Description"; Value = "2_Product page"; VariantName = "[No Variations]"
Add component (AddParameter): Name = "ComponentLink2URL"; Value = ""; VariantName = "[No Variations]"
Add component (AddParameter): Name = "ComponentLink3Description"; Value = "3_X-information"; VariantName = "[No Variations]"
Add component (AddParameter): Name = "ComponentLink3URL"; Value = ""; VariantName = "[No Variations]"
Add component (AddParameter): Name = "ComponentLink4Description"; Value = "4_X-information"; VariantName = "[No Variations]"
Add component (AddParameter): Name = "ComponentLink4URL"; Value = ""; VariantName = "[No Variations]"
Add component (AddParameter): Name = "ComponentLink5Description"; Value = ""; VariantName = "[No Variations]"
Add component (AddParameter): Name = "ComponentLink5URL"; Value = ""; VariantName = "[No Variations]"
Add component (AddParameter): Name = "Creation date"; Value = "20190101"; VariantName = "[No Variations]"
Add component (AddParameter): Name = "Dimensions WxLxH"; Value = ""; VariantName = "[No Variations]"
Add component (AddParameter): Name = "ECCN"; Value = ""; VariantName = "[No Variations]"
Add component (AddParameter): Name = "HasBeenBuilt"; Value = "TBD"; VariantName = "[No Variations]"
Add component (AddParameter): Name = "Manufacturer"; Value = "Murata"; VariantName = "[No Variations]"
Add component (AddParameter): Name = "Manufacturer Part Number"; Value = "GRM155R71H104KE14D"; VariantName = "[No Variations]"
Add component (AddParameter): Name = "Operating temperature range"; Value = ""; VariantName = "[No Variations]"
Add component (AddParameter): Name = "Package"; Value = "0402"; VariantName = "[No Variations]"
Add component (AddParameter): Name = "Part Number"; Value = "GRM155R71H104KE14D"; VariantName = "[No Variations]"
Add component (AddParameter): Name = "Remark"; Value = ""; VariantName = "[No Variations]"
Add component (AddParameter): Name = "RoHS"; Value = ""; VariantName = "[No Variations]"
Add component (AddParameter): Name = "Sort order"; Value = "304"; VariantName = "[No Variations]"
Add component (AddParameter): Name = "Source"; Value = ""; VariantName = "[No Variations]"
Add component (AddParameter): Name = "System"; Value = "RLC"; VariantName = "[No Variations]"
Add component (AddParameter): Name = "Temperature characteristics"; Value = "X7R"; VariantName = "[No Variations]"
Add component (AddParameter): Name = "Tolerance"; Value = "+/-10%"; VariantName = "[No Variations]"
Add component (AddParameter): Name = "Value"; Value = "100nF"; VariantName = "[No Variations]"
Add component (AddParameter): Name = "Voltage"; Value = "50V"; VariantName = "[No Variations]"
Added Component: Designator=C115(CAP_0201_UN1Q)
Add component (AddParameter): Name = "Alternative component"; Value = "Allowed"; VariantName = "[No Variations]"
Add component (AddParameter): Name = "ClassName"; Value = "SMALL"; VariantName = "[No Variations]"
Add component (AddParameter): Name = "Component Type"; Value = "Capacitor"; VariantName = "[No Variations]"
Add component (AddParameter): Name = "ComponentLink1Description"; Value = "1_Datasheet"; VariantName = "[No Variations]"
Add component (AddParameter): Name = "ComponentLink1URL"; Value = ""; VariantName = "[No Variations]"
Add component (AddParameter): Name = "ComponentLink2Description"; Value = "2_Product page"; VariantName = "[No Variations]"
Add component (AddParameter): Name = "ComponentLink2URL"; Value = ""; VariantName = "[No Variations]"
Add component (AddParameter): Name = "ComponentLink3Description"; Value = "3_X-information"; VariantName = "[No Variations]"
Add component (AddParameter): Name = "ComponentLink3URL"; Value = ""; VariantName = "[No Variations]"
Add component (AddParameter): Name = "ComponentLink4Description"; Value = "4_X-information"; VariantName = "[No Variations]"
Add component (AddParameter): Name = "ComponentLink4URL"; Value = ""; VariantName = "[No Variations]"
Add component (AddParameter): Name = "ComponentLink5Description"; Value = ""; VariantName = "[No Variations]"
Add component (AddParameter): Name = "ComponentLink5URL"; Value = ""; VariantName = "[No Variations]"
Add component (AddParameter): Name = "Creation date"; Value = "20190101"; VariantName = "[No Variations]"
Add component (AddParameter): Name = "Dimensions WxLxH"; Value = ""; VariantName = "[No Variations]"
Add component (AddParameter): Name = "ECCN"; Value = ""; VariantName = "[No Variations]"
Add component (AddParameter): Name = "HasBeenBuilt"; Value = "False"; VariantName = "[No Variations]"
Add component (AddParameter): Name = "Manufacturer"; Value = "Kyocera"; VariantName = "[No Variations]"
Add component (AddParameter): Name = "Manufacturer Part Number"; Value = "KGM03CS61A105MH"; VariantName = "[No Variations]"
Add component (AddParameter): Name = "Operating temperature range"; Value = "-55C to +105C"; VariantName = "[No Variations]"
Add component (AddParameter): Name = "Package"; Value = "0201"; VariantName = "[No Variations]"
Add component (AddParameter): Name = "Part Number"; Value = "KGM03CS61A105MH"; VariantName = "[No Variations]"
Add component (AddParameter): Name = "Remark"; Value = ""; VariantName = "[No Variations]"
Add component (AddParameter): Name = "RoHS"; Value = ""; VariantName = "[No Variations]"
Add component (AddParameter): Name = "Sort order"; Value = "302"; VariantName = "[No Variations]"
Add component (AddParameter): Name = "Source"; Value = "RLC_UN1Q.SchLib"; VariantName = "[No Variations]"
Add component (AddParameter): Name = "System"; Value = "RLC"; VariantName = "[No Variations]"
Add component (AddParameter): Name = "Temperature characteristics"; Value = "X6S"; VariantName = "[No Variations]"
Add component (AddParameter): Name = "Tolerance"; Value = "+/-20%"; VariantName = "[No Variations]"
Add component (AddParameter): Name = "Value"; Value = "1uF"; VariantName = "[No Variations]"
Add component (AddParameter): Name = "Voltage"; Value = "10V"; VariantName = "[No Variations]"
Added Component: Designator=C116(CAP_0402_UN1Q)
Add component (AddParameter): Name = "Alternative component"; Value = "Allowed"; VariantName = "[No Variations]"
Add component (AddParameter): Name = "ClassName"; Value = ""; VariantName = "[No Variations]"
Add component (AddParameter): Name = "Component Type"; Value = "Capacitor"; VariantName = "[No Variations]"
Add component (AddParameter): Name = "ComponentLink1Description"; Value = "1_Datasheet"; VariantName = "[No Variations]"
Add component (AddParameter): Name = "ComponentLink1URL"; Value = ""; VariantName = "[No Variations]"
Add component (AddParameter): Name = "ComponentLink2Description"; Value = "2_Product page"; VariantName = "[No Variations]"
Add component (AddParameter): Name = "ComponentLink2URL"; Value = ""; VariantName = "[No Variations]"
Add component (AddParameter): Name = "ComponentLink3Description"; Value = "3_X-information"; VariantName = "[No Variations]"
Add component (AddParameter): Name = "ComponentLink3URL"; Value = ""; VariantName = "[No Variations]"
Add component (AddParameter): Name = "ComponentLink4Description"; Value = "4_X-information"; VariantName = "[No Variations]"
Add component (AddParameter): Name = "ComponentLink4URL"; Value = ""; VariantName = "[No Variations]"
Add component (AddParameter): Name = "ComponentLink5Description"; Value = ""; VariantName = "[No Variations]"
Add component (AddParameter): Name = "ComponentLink5URL"; Value = ""; VariantName = "[No Variations]"
Add component (AddParameter): Name = "Creation date"; Value = "20190101"; VariantName = "[No Variations]"
Add component (AddParameter): Name = "Dimensions WxLxH"; Value = ""; VariantName = "[No Variations]"
Add component (AddParameter): Name = "ECCN"; Value = ""; VariantName = "[No Variations]"
Add component (AddParameter): Name = "HasBeenBuilt"; Value = "TBD"; VariantName = "[No Variations]"
Add component (AddParameter): Name = "Manufacturer"; Value = "Murata"; VariantName = "[No Variations]"
Add component (AddParameter): Name = "Manufacturer Part Number"; Value = "GRM155R71H104KE14D"; VariantName = "[No Variations]"
Add component (AddParameter): Name = "Operating temperature range"; Value = ""; VariantName = "[No Variations]"
Add component (AddParameter): Name = "Package"; Value = "0402"; VariantName = "[No Variations]"
Add component (AddParameter): Name = "Part Number"; Value = "GRM155R71H104KE14D"; VariantName = "[No Variations]"
Add component (AddParameter): Name = "Remark"; Value = ""; VariantName = "[No Variations]"
Add component (AddParameter): Name = "RoHS"; Value = ""; VariantName = "[No Variations]"
Add component (AddParameter): Name = "Sort order"; Value = "304"; VariantName = "[No Variations]"
Add component (AddParameter): Name = "Source"; Value = ""; VariantName = "[No Variations]"
Add component (AddParameter): Name = "System"; Value = "RLC"; VariantName = "[No Variations]"
Add component (AddParameter): Name = "Temperature characteristics"; Value = "X7R"; VariantName = "[No Variations]"
Add component (AddParameter): Name = "Tolerance"; Value = "+/-10%"; VariantName = "[No Variations]"
Add component (AddParameter): Name = "Value"; Value = "100nF"; VariantName = "[No Variations]"
Add component (AddParameter): Name = "Voltage"; Value = "50V"; VariantName = "[No Variations]"
Added Component: Designator=C117(CAP_0805_UN1Q)
Add component (AddParameter): Name = "Alternative component"; Value = "Allowed"; VariantName = "[No Variations]"
Add component (AddParameter): Name = "ClassName"; Value = ""; VariantName = "[No Variations]"
Add component (AddParameter): Name = "Component Type"; Value = "Capacitor"; VariantName = "[No Variations]"
Add component (AddParameter): Name = "ComponentLink1Description"; Value = "1_Datasheet"; VariantName = "[No Variations]"
Add component (AddParameter): Name = "ComponentLink1URL"; Value = ""; VariantName = "[No Variations]"
Add component (AddParameter): Name = "ComponentLink2Description"; Value = "2_Product page"; VariantName = "[No Variations]"
Add component (AddParameter): Name = "ComponentLink2URL"; Value = ""; VariantName = "[No Variations]"
Add component (AddParameter): Name = "ComponentLink3Description"; Value = "3_X-information"; VariantName = "[No Variations]"
Add component (AddParameter): Name = "ComponentLink3URL"; Value = ""; VariantName = "[No Variations]"
Add component (AddParameter): Name = "ComponentLink4Description"; Value = "4_X-information"; VariantName = "[No Variations]"
Add component (AddParameter): Name = "ComponentLink4URL"; Value = ""; VariantName = "[No Variations]"
Add component (AddParameter): Name = "Creation date"; Value = "22032024"; VariantName = "[No Variations]"
Add component (AddParameter): Name = "Dimensions WxLxH"; Value = ""; VariantName = "[No Variations]"
Add component (AddParameter): Name = "ECCN"; Value = ""; VariantName = "[No Variations]"
Add component (AddParameter): Name = "HasBeenBuilt"; Value = "TBD"; VariantName = "[No Variations]"
Add component (AddParameter): Name = "Manufacturer"; Value = "Murata"; VariantName = "[No Variations]"
Add component (AddParameter): Name = "Manufacturer Part Number"; Value = "GRM21BZ71A226ME15L"; VariantName = "[No Variations]"
Add component (AddParameter): Name = "Operating temperature range"; Value = ""; VariantName = "[No Variations]"
Add component (AddParameter): Name = "Package"; Value = "0805"; VariantName = "[No Variations]"
Add component (AddParameter): Name = "Part Number"; Value = "GRM21BZ71A226ME15L"; VariantName = "[No Variations]"
Add component (AddParameter): Name = "Remark"; Value = ""; VariantName = "[No Variations]"
Add component (AddParameter): Name = "RoHS"; Value = ""; VariantName = "[No Variations]"
Add component (AddParameter): Name = "Sort order"; Value = "308"; VariantName = "[No Variations]"
Add component (AddParameter): Name = "Source"; Value = ""; VariantName = "[No Variations]"
Add component (AddParameter): Name = "System"; Value = "RLC"; VariantName = "[No Variations]"
Add component (AddParameter): Name = "Temperature characteristics"; Value = "X7R"; VariantName = "[No Variations]"
Add component (AddParameter): Name = "Tolerance"; Value = "+/-20%"; VariantName = "[No Variations]"
Add component (AddParameter): Name = "Value"; Value = "22uF"; VariantName = "[No Variations]"
Add component (AddParameter): Name = "Voltage"; Value = "10V"; VariantName = "[No Variations]"
Added Component: Designator=C118(CAP_0805_UN1Q)
Add component (AddParameter): Name = "Alternative component"; Value = "Allowed"; VariantName = "[No Variations]"
Add component (AddParameter): Name = "ClassName"; Value = ""; VariantName = "[No Variations]"
Add component (AddParameter): Name = "Component Type"; Value = "Capacitor"; VariantName = "[No Variations]"
Add component (AddParameter): Name = "ComponentLink1Description"; Value = "1_Datasheet"; VariantName = "[No Variations]"
Add component (AddParameter): Name = "ComponentLink1URL"; Value = ""; VariantName = "[No Variations]"
Add component (AddParameter): Name = "ComponentLink2Description"; Value = "2_Product page"; VariantName = "[No Variations]"
Add component (AddParameter): Name = "ComponentLink2URL"; Value = ""; VariantName = "[No Variations]"
Add component (AddParameter): Name = "ComponentLink3Description"; Value = "3_X-information"; VariantName = "[No Variations]"
Add component (AddParameter): Name = "ComponentLink3URL"; Value = ""; VariantName = "[No Variations]"
Add component (AddParameter): Name = "ComponentLink4Description"; Value = "4_X-information"; VariantName = "[No Variations]"
Add component (AddParameter): Name = "ComponentLink4URL"; Value = ""; VariantName = "[No Variations]"
Add component (AddParameter): Name = "Creation date"; Value = "22032024"; VariantName = "[No Variations]"
Add component (AddParameter): Name = "Dimensions WxLxH"; Value = ""; VariantName = "[No Variations]"
Add component (AddParameter): Name = "ECCN"; Value = ""; VariantName = "[No Variations]"
Add component (AddParameter): Name = "HasBeenBuilt"; Value = "TBD"; VariantName = "[No Variations]"
Add component (AddParameter): Name = "Manufacturer"; Value = "Murata"; VariantName = "[No Variations]"
Add component (AddParameter): Name = "Manufacturer Part Number"; Value = "GRM21BZ71A226ME15L"; VariantName = "[No Variations]"
Add component (AddParameter): Name = "Operating temperature range"; Value = ""; VariantName = "[No Variations]"
Add component (AddParameter): Name = "Package"; Value = "0805"; VariantName = "[No Variations]"
Add component (AddParameter): Name = "Part Number"; Value = "GRM21BZ71A226ME15L"; VariantName = "[No Variations]"
Add component (AddParameter): Name = "Remark"; Value = ""; VariantName = "[No Variations]"
Add component (AddParameter): Name = "RoHS"; Value = ""; VariantName = "[No Variations]"
Add component (AddParameter): Name = "Sort order"; Value = "308"; VariantName = "[No Variations]"
Add component (AddParameter): Name = "Source"; Value = ""; VariantName = "[No Variations]"
Add component (AddParameter): Name = "System"; Value = "RLC"; VariantName = "[No Variations]"
Add component (AddParameter): Name = "Temperature characteristics"; Value = "X7R"; VariantName = "[No Variations]"
Add component (AddParameter): Name = "Tolerance"; Value = "+/-20%"; VariantName = "[No Variations]"
Add component (AddParameter): Name = "Value"; Value = "22uF"; VariantName = "[No Variations]"
Add component (AddParameter): Name = "Voltage"; Value = "10V"; VariantName = "[No Variations]"
Added Component: Designator=C119(CAP_0805_UN1Q)
Add component (AddParameter): Name = "Alternative component"; Value = "Allowed"; VariantName = "[No Variations]"
Add component (AddParameter): Name = "ClassName"; Value = ""; VariantName = "[No Variations]"
Add component (AddParameter): Name = "Component Type"; Value = "Capacitor"; VariantName = "[No Variations]"
Add component (AddParameter): Name = "ComponentLink1Description"; Value = "1_Datasheet"; VariantName = "[No Variations]"
Add component (AddParameter): Name = "ComponentLink1URL"; Value = ""; VariantName = "[No Variations]"
Add component (AddParameter): Name = "ComponentLink2Description"; Value = "2_Product page"; VariantName = "[No Variations]"
Add component (AddParameter): Name = "ComponentLink2URL"; Value = ""; VariantName = "[No Variations]"
Add component (AddParameter): Name = "ComponentLink3Description"; Value = "3_X-information"; VariantName = "[No Variations]"
Add component (AddParameter): Name = "ComponentLink3URL"; Value = ""; VariantName = "[No Variations]"
Add component (AddParameter): Name = "ComponentLink4Description"; Value = "4_X-information"; VariantName = "[No Variations]"
Add component (AddParameter): Name = "ComponentLink4URL"; Value = ""; VariantName = "[No Variations]"
Add component (AddParameter): Name = "Creation date"; Value = "22032024"; VariantName = "[No Variations]"
Add component (AddParameter): Name = "Dimensions WxLxH"; Value = ""; VariantName = "[No Variations]"
Add component (AddParameter): Name = "ECCN"; Value = ""; VariantName = "[No Variations]"
Add component (AddParameter): Name = "HasBeenBuilt"; Value = "TBD"; VariantName = "[No Variations]"
Add component (AddParameter): Name = "Manufacturer"; Value = "Murata"; VariantName = "[No Variations]"
Add component (AddParameter): Name = "Manufacturer Part Number"; Value = "GRM21BZ71A226ME15L"; VariantName = "[No Variations]"
Add component (AddParameter): Name = "Operating temperature range"; Value = ""; VariantName = "[No Variations]"
Add component (AddParameter): Name = "Package"; Value = "0805"; VariantName = "[No Variations]"
Add component (AddParameter): Name = "Part Number"; Value = "GRM21BZ71A226ME15L"; VariantName = "[No Variations]"
Add component (AddParameter): Name = "Remark"; Value = ""; VariantName = "[No Variations]"
Add component (AddParameter): Name = "RoHS"; Value = ""; VariantName = "[No Variations]"
Add component (AddParameter): Name = "Sort order"; Value = "308"; VariantName = "[No Variations]"
Add component (AddParameter): Name = "Source"; Value = ""; VariantName = "[No Variations]"
Add component (AddParameter): Name = "System"; Value = "RLC"; VariantName = "[No Variations]"
Add component (AddParameter): Name = "Temperature characteristics"; Value = "X7R"; VariantName = "[No Variations]"
Add component (AddParameter): Name = "Tolerance"; Value = "+/-20%"; VariantName = "[No Variations]"
Add component (AddParameter): Name = "Value"; Value = "22uF"; VariantName = "[No Variations]"
Add component (AddParameter): Name = "Voltage"; Value = "10V"; VariantName = "[No Variations]"
Added Component: Designator=C120(CAP_0805_UN1Q)
Add component (AddParameter): Name = "Alternative component"; Value = "Allowed"; VariantName = "[No Variations]"
Add component (AddParameter): Name = "ClassName"; Value = ""; VariantName = "[No Variations]"
Add component (AddParameter): Name = "Component Type"; Value = "Capacitor"; VariantName = "[No Variations]"
Add component (AddParameter): Name = "ComponentLink1Description"; Value = "1_Datasheet"; VariantName = "[No Variations]"
Add component (AddParameter): Name = "ComponentLink1URL"; Value = ""; VariantName = "[No Variations]"
Add component (AddParameter): Name = "ComponentLink2Description"; Value = "2_Product page"; VariantName = "[No Variations]"
Add component (AddParameter): Name = "ComponentLink2URL"; Value = ""; VariantName = "[No Variations]"
Add component (AddParameter): Name = "ComponentLink3Description"; Value = "3_X-information"; VariantName = "[No Variations]"
Add component (AddParameter): Name = "ComponentLink3URL"; Value = ""; VariantName = "[No Variations]"
Add component (AddParameter): Name = "ComponentLink4Description"; Value = "4_X-information"; VariantName = "[No Variations]"
Add component (AddParameter): Name = "ComponentLink4URL"; Value = ""; VariantName = "[No Variations]"
Add component (AddParameter): Name = "Creation date"; Value = "22032024"; VariantName = "[No Variations]"
Add component (AddParameter): Name = "Dimensions WxLxH"; Value = ""; VariantName = "[No Variations]"
Add component (AddParameter): Name = "ECCN"; Value = ""; VariantName = "[No Variations]"
Add component (AddParameter): Name = "HasBeenBuilt"; Value = "TBD"; VariantName = "[No Variations]"
Add component (AddParameter): Name = "Manufacturer"; Value = "Murata"; VariantName = "[No Variations]"
Add component (AddParameter): Name = "Manufacturer Part Number"; Value = "GRM21BZ71A226ME15L"; VariantName = "[No Variations]"
Add component (AddParameter): Name = "Operating temperature range"; Value = ""; VariantName = "[No Variations]"
Add component (AddParameter): Name = "Package"; Value = "0805"; VariantName = "[No Variations]"
Add component (AddParameter): Name = "Part Number"; Value = "GRM21BZ71A226ME15L"; VariantName = "[No Variations]"
Add component (AddParameter): Name = "Remark"; Value = ""; VariantName = "[No Variations]"
Add component (AddParameter): Name = "RoHS"; Value = ""; VariantName = "[No Variations]"
Add component (AddParameter): Name = "Sort order"; Value = "308"; VariantName = "[No Variations]"
Add component (AddParameter): Name = "Source"; Value = ""; VariantName = "[No Variations]"
Add component (AddParameter): Name = "System"; Value = "RLC"; VariantName = "[No Variations]"
Add component (AddParameter): Name = "Temperature characteristics"; Value = "X7R"; VariantName = "[No Variations]"
Add component (AddParameter): Name = "Tolerance"; Value = "+/-20%"; VariantName = "[No Variations]"
Add component (AddParameter): Name = "Value"; Value = "22uF"; VariantName = "[No Variations]"
Add component (AddParameter): Name = "Voltage"; Value = "10V"; VariantName = "[No Variations]"
Added Component: Designator=C121(CAP_0402_UN1Q)
Add component (AddParameter): Name = "Alternative component"; Value = "Allowed"; VariantName = "[No Variations]"
Add component (AddParameter): Name = "ClassName"; Value = ""; VariantName = "[No Variations]"
Add component (AddParameter): Name = "Component Type"; Value = "Capacitor"; VariantName = "[No Variations]"
Add component (AddParameter): Name = "ComponentLink1Description"; Value = "1_Datasheet"; VariantName = "[No Variations]"
Add component (AddParameter): Name = "ComponentLink1URL"; Value = ""; VariantName = "[No Variations]"
Add component (AddParameter): Name = "ComponentLink2Description"; Value = "2_Product page"; VariantName = "[No Variations]"
Add component (AddParameter): Name = "ComponentLink2URL"; Value = ""; VariantName = "[No Variations]"
Add component (AddParameter): Name = "ComponentLink3Description"; Value = "3_X-information"; VariantName = "[No Variations]"
Add component (AddParameter): Name = "ComponentLink3URL"; Value = ""; VariantName = "[No Variations]"
Add component (AddParameter): Name = "ComponentLink4Description"; Value = "4_X-information"; VariantName = "[No Variations]"
Add component (AddParameter): Name = "ComponentLink4URL"; Value = ""; VariantName = "[No Variations]"
Add component (AddParameter): Name = "ComponentLink5Description"; Value = ""; VariantName = "[No Variations]"
Add component (AddParameter): Name = "ComponentLink5URL"; Value = ""; VariantName = "[No Variations]"
Add component (AddParameter): Name = "Creation date"; Value = "20190101"; VariantName = "[No Variations]"
Add component (AddParameter): Name = "Dimensions WxLxH"; Value = ""; VariantName = "[No Variations]"
Add component (AddParameter): Name = "ECCN"; Value = ""; VariantName = "[No Variations]"
Add component (AddParameter): Name = "HasBeenBuilt"; Value = "TBD"; VariantName = "[No Variations]"
Add component (AddParameter): Name = "Manufacturer"; Value = "Murata"; VariantName = "[No Variations]"
Add component (AddParameter): Name = "Manufacturer Part Number"; Value = "GRM155R71H104KE14D"; VariantName = "[No Variations]"
Add component (AddParameter): Name = "Operating temperature range"; Value = ""; VariantName = "[No Variations]"
Add component (AddParameter): Name = "Package"; Value = "0402"; VariantName = "[No Variations]"
Add component (AddParameter): Name = "Part Number"; Value = "GRM155R71H104KE14D"; VariantName = "[No Variations]"
Add component (AddParameter): Name = "Remark"; Value = ""; VariantName = "[No Variations]"
Add component (AddParameter): Name = "RoHS"; Value = ""; VariantName = "[No Variations]"
Add component (AddParameter): Name = "Sort order"; Value = "304"; VariantName = "[No Variations]"
Add component (AddParameter): Name = "Source"; Value = ""; VariantName = "[No Variations]"
Add component (AddParameter): Name = "System"; Value = "RLC"; VariantName = "[No Variations]"
Add component (AddParameter): Name = "Temperature characteristics"; Value = "X7R"; VariantName = "[No Variations]"
Add component (AddParameter): Name = "Tolerance"; Value = "+/-10%"; VariantName = "[No Variations]"
Add component (AddParameter): Name = "Value"; Value = "100nF"; VariantName = "[No Variations]"
Add component (AddParameter): Name = "Voltage"; Value = "50V"; VariantName = "[No Variations]"
Added Component: Designator=C122(CAP_0402_UN1Q)
Add component (AddParameter): Name = "Alternative component"; Value = "Allowed"; VariantName = "[No Variations]"
Add component (AddParameter): Name = "ClassName"; Value = ""; VariantName = "[No Variations]"
Add component (AddParameter): Name = "Component Type"; Value = "Capacitor"; VariantName = "[No Variations]"
Add component (AddParameter): Name = "ComponentLink1Description"; Value = "1_Datasheet"; VariantName = "[No Variations]"
Add component (AddParameter): Name = "ComponentLink1URL"; Value = ""; VariantName = "[No Variations]"
Add component (AddParameter): Name = "ComponentLink2Description"; Value = "2_Product page"; VariantName = "[No Variations]"
Add component (AddParameter): Name = "ComponentLink2URL"; Value = ""; VariantName = "[No Variations]"
Add component (AddParameter): Name = "ComponentLink3Description"; Value = "3_X-information"; VariantName = "[No Variations]"
Add component (AddParameter): Name = "ComponentLink3URL"; Value = ""; VariantName = "[No Variations]"
Add component (AddParameter): Name = "ComponentLink4Description"; Value = "4_X-information"; VariantName = "[No Variations]"
Add component (AddParameter): Name = "ComponentLink4URL"; Value = ""; VariantName = "[No Variations]"
Add component (AddParameter): Name = "ComponentLink5Description"; Value = ""; VariantName = "[No Variations]"
Add component (AddParameter): Name = "ComponentLink5URL"; Value = ""; VariantName = "[No Variations]"
Add component (AddParameter): Name = "Creation date"; Value = "20190101"; VariantName = "[No Variations]"
Add component (AddParameter): Name = "Dimensions WxLxH"; Value = ""; VariantName = "[No Variations]"
Add component (AddParameter): Name = "ECCN"; Value = ""; VariantName = "[No Variations]"
Add component (AddParameter): Name = "HasBeenBuilt"; Value = "TBD"; VariantName = "[No Variations]"
Add component (AddParameter): Name = "Manufacturer"; Value = "Murata"; VariantName = "[No Variations]"
Add component (AddParameter): Name = "Manufacturer Part Number"; Value = "GRM155R71H104KE14D"; VariantName = "[No Variations]"
Add component (AddParameter): Name = "Operating temperature range"; Value = ""; VariantName = "[No Variations]"
Add component (AddParameter): Name = "Package"; Value = "0402"; VariantName = "[No Variations]"
Add component (AddParameter): Name = "Part Number"; Value = "GRM155R71H104KE14D"; VariantName = "[No Variations]"
Add component (AddParameter): Name = "Remark"; Value = ""; VariantName = "[No Variations]"
Add component (AddParameter): Name = "RoHS"; Value = ""; VariantName = "[No Variations]"
Add component (AddParameter): Name = "Sort order"; Value = "304"; VariantName = "[No Variations]"
Add component (AddParameter): Name = "Source"; Value = ""; VariantName = "[No Variations]"
Add component (AddParameter): Name = "System"; Value = "RLC"; VariantName = "[No Variations]"
Add component (AddParameter): Name = "Temperature characteristics"; Value = "X7R"; VariantName = "[No Variations]"
Add component (AddParameter): Name = "Tolerance"; Value = "+/-10%"; VariantName = "[No Variations]"
Add component (AddParameter): Name = "Value"; Value = "100nF"; VariantName = "[No Variations]"
Add component (AddParameter): Name = "Voltage"; Value = "50V"; VariantName = "[No Variations]"
Added Component: Designator=C123(CAP_0402_UN1Q)
Add component (AddParameter): Name = "Alternative component"; Value = "Allowed"; VariantName = "[No Variations]"
Add component (AddParameter): Name = "ClassName"; Value = ""; VariantName = "[No Variations]"
Add component (AddParameter): Name = "Component Type"; Value = "Capacitor"; VariantName = "[No Variations]"
Add component (AddParameter): Name = "ComponentLink1Description"; Value = "1_Datasheet"; VariantName = "[No Variations]"
Add component (AddParameter): Name = "ComponentLink1URL"; Value = ""; VariantName = "[No Variations]"
Add component (AddParameter): Name = "ComponentLink2Description"; Value = "2_Product page"; VariantName = "[No Variations]"
Add component (AddParameter): Name = "ComponentLink2URL"; Value = ""; VariantName = "[No Variations]"
Add component (AddParameter): Name = "ComponentLink3Description"; Value = "3_X-information"; VariantName = "[No Variations]"
Add component (AddParameter): Name = "ComponentLink3URL"; Value = ""; VariantName = "[No Variations]"
Add component (AddParameter): Name = "ComponentLink4Description"; Value = "4_X-information"; VariantName = "[No Variations]"
Add component (AddParameter): Name = "ComponentLink4URL"; Value = ""; VariantName = "[No Variations]"
Add component (AddParameter): Name = "ComponentLink5Description"; Value = ""; VariantName = "[No Variations]"
Add component (AddParameter): Name = "ComponentLink5URL"; Value = ""; VariantName = "[No Variations]"
Add component (AddParameter): Name = "Creation date"; Value = "20190101"; VariantName = "[No Variations]"
Add component (AddParameter): Name = "Dimensions WxLxH"; Value = ""; VariantName = "[No Variations]"
Add component (AddParameter): Name = "ECCN"; Value = ""; VariantName = "[No Variations]"
Add component (AddParameter): Name = "HasBeenBuilt"; Value = "TBD"; VariantName = "[No Variations]"
Add component (AddParameter): Name = "Manufacturer"; Value = "Murata"; VariantName = "[No Variations]"
Add component (AddParameter): Name = "Manufacturer Part Number"; Value = "GRM155R71H104KE14D"; VariantName = "[No Variations]"
Add component (AddParameter): Name = "Operating temperature range"; Value = ""; VariantName = "[No Variations]"
Add component (AddParameter): Name = "Package"; Value = "0402"; VariantName = "[No Variations]"
Add component (AddParameter): Name = "Part Number"; Value = "GRM155R71H104KE14D"; VariantName = "[No Variations]"
Add component (AddParameter): Name = "Remark"; Value = ""; VariantName = "[No Variations]"
Add component (AddParameter): Name = "RoHS"; Value = ""; VariantName = "[No Variations]"
Add component (AddParameter): Name = "Sort order"; Value = "304"; VariantName = "[No Variations]"
Add component (AddParameter): Name = "Source"; Value = ""; VariantName = "[No Variations]"
Add component (AddParameter): Name = "System"; Value = "RLC"; VariantName = "[No Variations]"
Add component (AddParameter): Name = "Temperature characteristics"; Value = "X7R"; VariantName = "[No Variations]"
Add component (AddParameter): Name = "Tolerance"; Value = "+/-10%"; VariantName = "[No Variations]"
Add component (AddParameter): Name = "Value"; Value = "100nF"; VariantName = "[No Variations]"
Add component (AddParameter): Name = "Voltage"; Value = "50V"; VariantName = "[No Variations]"
Add component: Footprint Not Found SMADO-214AC_MCC
Add component: Footprint Not Found FUSE_0ZCF0075AF2C
Added Component: Designator=J1(TP_1x2mm_UN1Q)
Add component (AddParameter): Name = "Alternative component"; Value = ""; VariantName = "[No Variations]"
Add component (AddParameter): Name = "ClassName"; Value = "SMALL"; VariantName = "[No Variations]"
Add component (AddParameter): Name = "Component Type"; Value = "Test Point"; VariantName = "[No Variations]"
Add component (AddParameter): Name = "ComponentLink1Description"; Value = "1_Datasheet"; VariantName = "[No Variations]"
Add component (AddParameter): Name = "ComponentLink1URL"; Value = ""; VariantName = "[No Variations]"
Add component (AddParameter): Name = "ComponentLink2Description"; Value = "2_Product page"; VariantName = "[No Variations]"
Add component (AddParameter): Name = "ComponentLink2URL"; Value = ""; VariantName = "[No Variations]"
Add component (AddParameter): Name = "ComponentLink3Description"; Value = "3_X-information"; VariantName = "[No Variations]"
Add component (AddParameter): Name = "ComponentLink3URL"; Value = ""; VariantName = "[No Variations]"
Add component (AddParameter): Name = "ComponentLink4Description"; Value = "4_X-information"; VariantName = "[No Variations]"
Add component (AddParameter): Name = "ComponentLink4URL"; Value = ""; VariantName = "[No Variations]"
Add component (AddParameter): Name = "Creation date"; Value = "20200101"; VariantName = "[No Variations]"
Add component (AddParameter): Name = "Design Item ID"; Value = "TP_1x2mm"; VariantName = "[No Variations]"
Add component (AddParameter): Name = "Dimensions WxLxH"; Value = ""; VariantName = "[No Variations]"
Add component (AddParameter): Name = "HasBeenBuilt"; Value = "-"; VariantName = "[No Variations]"
Add component (AddParameter): Name = "Manufacturer"; Value = ""; VariantName = "[No Variations]"
Add component (AddParameter): Name = "Operating temperature range"; Value = ""; VariantName = "[No Variations]"
Add component (AddParameter): Name = "Package"; Value = ""; VariantName = "[No Variations]"
Add component (AddParameter): Name = "Part Number"; Value = "TP 1x2mm"; VariantName = "[No Variations]"
Add component (AddParameter): Name = "Remark"; Value = ""; VariantName = "[No Variations]"
Add component (AddParameter): Name = "Sort order"; Value = "-"; VariantName = "[No Variations]"
Add component (AddParameter): Name = "Source"; Value = "Conn_UN1Q.SchLib"; VariantName = "[No Variations]"
Add component (AddParameter): Name = "System"; Value = "Test Point"; VariantName = "[No Variations]"
Added Component: Designator=J2(TP_1x2mm_UN1Q)
Add component (AddParameter): Name = "Alternative component"; Value = ""; VariantName = "[No Variations]"
Add component (AddParameter): Name = "ClassName"; Value = "SMALL"; VariantName = "[No Variations]"
Add component (AddParameter): Name = "Component Type"; Value = "Test Point"; VariantName = "[No Variations]"
Add component (AddParameter): Name = "ComponentLink1Description"; Value = "1_Datasheet"; VariantName = "[No Variations]"
Add component (AddParameter): Name = "ComponentLink1URL"; Value = ""; VariantName = "[No Variations]"
Add component (AddParameter): Name = "ComponentLink2Description"; Value = "2_Product page"; VariantName = "[No Variations]"
Add component (AddParameter): Name = "ComponentLink2URL"; Value = ""; VariantName = "[No Variations]"
Add component (AddParameter): Name = "ComponentLink3Description"; Value = "3_X-information"; VariantName = "[No Variations]"
Add component (AddParameter): Name = "ComponentLink3URL"; Value = ""; VariantName = "[No Variations]"
Add component (AddParameter): Name = "ComponentLink4Description"; Value = "4_X-information"; VariantName = "[No Variations]"
Add component (AddParameter): Name = "ComponentLink4URL"; Value = ""; VariantName = "[No Variations]"
Add component (AddParameter): Name = "Creation date"; Value = "20200101"; VariantName = "[No Variations]"
Add component (AddParameter): Name = "Design Item ID"; Value = "TP_1x2mm"; VariantName = "[No Variations]"
Add component (AddParameter): Name = "Dimensions WxLxH"; Value = ""; VariantName = "[No Variations]"
Add component (AddParameter): Name = "HasBeenBuilt"; Value = "-"; VariantName = "[No Variations]"
Add component (AddParameter): Name = "Manufacturer"; Value = ""; VariantName = "[No Variations]"
Add component (AddParameter): Name = "Operating temperature range"; Value = ""; VariantName = "[No Variations]"
Add component (AddParameter): Name = "Package"; Value = ""; VariantName = "[No Variations]"
Add component (AddParameter): Name = "Part Number"; Value = "TP 1x2mm"; VariantName = "[No Variations]"
Add component (AddParameter): Name = "Remark"; Value = ""; VariantName = "[No Variations]"
Add component (AddParameter): Name = "Sort order"; Value = "-"; VariantName = "[No Variations]"
Add component (AddParameter): Name = "Source"; Value = "Conn_UN1Q.SchLib"; VariantName = "[No Variations]"
Add component (AddParameter): Name = "System"; Value = "Test Point"; VariantName = "[No Variations]"
Added Component: Designator=J?(TP_1x2mm_UN1Q)
Add component (AddParameter): Name = "Alternative component"; Value = ""; VariantName = "[No Variations]"
Add component (AddParameter): Name = "ClassName"; Value = "SMALL"; VariantName = "[No Variations]"
Add component (AddParameter): Name = "Component Type"; Value = "Test Point"; VariantName = "[No Variations]"
Add component (AddParameter): Name = "ComponentLink1Description"; Value = "1_Datasheet"; VariantName = "[No Variations]"
Add component (AddParameter): Name = "ComponentLink1URL"; Value = ""; VariantName = "[No Variations]"
Add component (AddParameter): Name = "ComponentLink2Description"; Value = "2_Product page"; VariantName = "[No Variations]"
Add component (AddParameter): Name = "ComponentLink2URL"; Value = ""; VariantName = "[No Variations]"
Add component (AddParameter): Name = "ComponentLink3Description"; Value = "3_X-information"; VariantName = "[No Variations]"
Add component (AddParameter): Name = "ComponentLink3URL"; Value = ""; VariantName = "[No Variations]"
Add component (AddParameter): Name = "ComponentLink4Description"; Value = "4_X-information"; VariantName = "[No Variations]"
Add component (AddParameter): Name = "ComponentLink4URL"; Value = ""; VariantName = "[No Variations]"
Add component (AddParameter): Name = "Creation date"; Value = "20200101"; VariantName = "[No Variations]"
Add component (AddParameter): Name = "Design Item ID"; Value = "TP_1x2mm"; VariantName = "[No Variations]"
Add component (AddParameter): Name = "Dimensions WxLxH"; Value = ""; VariantName = "[No Variations]"
Add component (AddParameter): Name = "HasBeenBuilt"; Value = "-"; VariantName = "[No Variations]"
Add component (AddParameter): Name = "Manufacturer"; Value = ""; VariantName = "[No Variations]"
Add component (AddParameter): Name = "Operating temperature range"; Value = ""; VariantName = "[No Variations]"
Add component (AddParameter): Name = "Package"; Value = ""; VariantName = "[No Variations]"
Add component (AddParameter): Name = "Part Number"; Value = "TP 1x2mm"; VariantName = "[No Variations]"
Add component (AddParameter): Name = "Remark"; Value = ""; VariantName = "[No Variations]"
Add component (AddParameter): Name = "Sort order"; Value = "-"; VariantName = "[No Variations]"
Add component (AddParameter): Name = "Source"; Value = "Conn_UN1Q.SchLib"; VariantName = "[No Variations]"
Add component (AddParameter): Name = "System"; Value = "Test Point"; VariantName = "[No Variations]"
Added Component: Designator=J?(TP_1x2mm_UN1Q)
Add component (AddParameter): Name = "Alternative component"; Value = ""; VariantName = "[No Variations]"
Add component (AddParameter): Name = "ClassName"; Value = "SMALL"; VariantName = "[No Variations]"
Add component (AddParameter): Name = "Component Type"; Value = "Test Point"; VariantName = "[No Variations]"
Add component (AddParameter): Name = "ComponentLink1Description"; Value = "1_Datasheet"; VariantName = "[No Variations]"
Add component (AddParameter): Name = "ComponentLink1URL"; Value = ""; VariantName = "[No Variations]"
Add component (AddParameter): Name = "ComponentLink2Description"; Value = "2_Product page"; VariantName = "[No Variations]"
Add component (AddParameter): Name = "ComponentLink2URL"; Value = ""; VariantName = "[No Variations]"
Add component (AddParameter): Name = "ComponentLink3Description"; Value = "3_X-information"; VariantName = "[No Variations]"
Add component (AddParameter): Name = "ComponentLink3URL"; Value = ""; VariantName = "[No Variations]"
Add component (AddParameter): Name = "ComponentLink4Description"; Value = "4_X-information"; VariantName = "[No Variations]"
Add component (AddParameter): Name = "ComponentLink4URL"; Value = ""; VariantName = "[No Variations]"
Add component (AddParameter): Name = "Creation date"; Value = "20200101"; VariantName = "[No Variations]"
Add component (AddParameter): Name = "Design Item ID"; Value = "TP_1x2mm"; VariantName = "[No Variations]"
Add component (AddParameter): Name = "Dimensions WxLxH"; Value = ""; VariantName = "[No Variations]"
Add component (AddParameter): Name = "HasBeenBuilt"; Value = "-"; VariantName = "[No Variations]"
Add component (AddParameter): Name = "Manufacturer"; Value = ""; VariantName = "[No Variations]"
Add component (AddParameter): Name = "Operating temperature range"; Value = ""; VariantName = "[No Variations]"
Add component (AddParameter): Name = "Package"; Value = ""; VariantName = "[No Variations]"
Add component (AddParameter): Name = "Part Number"; Value = "TP 1x2mm"; VariantName = "[No Variations]"
Add component (AddParameter): Name = "Remark"; Value = ""; VariantName = "[No Variations]"
Add component (AddParameter): Name = "Sort order"; Value = "-"; VariantName = "[No Variations]"
Add component (AddParameter): Name = "Source"; Value = "Conn_UN1Q.SchLib"; VariantName = "[No Variations]"
Add component (AddParameter): Name = "System"; Value = "Test Point"; VariantName = "[No Variations]"
Add component: Footprint Not Found CUI_PJ-002AH-SMT-TR
Added Component: Designator=L1(IND_VLS2520)
Add component (AddParameter): Name = "Alternative component"; Value = ""; VariantName = "[No Variations]"
Add component (AddParameter): Name = "ClassName"; Value = "BIG"; VariantName = "[No Variations]"
Add component (AddParameter): Name = "Component Type"; Value = "Inductor"; VariantName = "[No Variations]"
Add component (AddParameter): Name = "ComponentLink1Description"; Value = "1_Datasheet"; VariantName = "[No Variations]"
Add component (AddParameter): Name = "ComponentLink1URL"; Value = "https://product.tdk.com/en/system/files?file=dam/doc/product/inductor/inductor/smd/catalog/inductor_commercial_power_vls252012hbx-1_en.pdf"; VariantName = "[No Variations]"
Add component (AddParameter): Name = "ComponentLink2Description"; Value = "2_Product page"; VariantName = "[No Variations]"
Add component (AddParameter): Name = "ComponentLink2URL"; Value = ""; VariantName = "[No Variations]"
Add component (AddParameter): Name = "ComponentLink3Description"; Value = "3_X-information"; VariantName = "[No Variations]"
Add component (AddParameter): Name = "ComponentLink3URL"; Value = ""; VariantName = "[No Variations]"
Add component (AddParameter): Name = "ComponentLink4Description"; Value = "4_X-information"; VariantName = "[No Variations]"
Add component (AddParameter): Name = "ComponentLink4URL"; Value = ""; VariantName = "[No Variations]"
Add component (AddParameter): Name = "Creation date"; Value = "09022024"; VariantName = "[No Variations]"
Add component (AddParameter): Name = "Current"; Value = ""; VariantName = "[No Variations]"
Add component (AddParameter): Name = "Dimensions WxLxH"; Value = "2.5 x 2.0 x 1.2mm"; VariantName = "[No Variations]"
Add component (AddParameter): Name = "ECCN"; Value = ""; VariantName = "[No Variations]"
Add component (AddParameter): Name = "HasBeenBuilt"; Value = ""; VariantName = "[No Variations]"
Add component (AddParameter): Name = "Manufacturer"; Value = "TDK"; VariantName = "[No Variations]"
Add component (AddParameter): Name = "Manufacturer Part Number"; Value = "VLS252012HBX-R47M-1"; VariantName = "[No Variations]"
Add component (AddParameter): Name = "Operating temperature range"; Value = "-40 ... +105 °C"; VariantName = "[No Variations]"
Add component (AddParameter): Name = "Package"; Value = "2520"; VariantName = "[No Variations]"
Add component (AddParameter): Name = "Part Number"; Value = "VLS252012HBX-R47M-1"; VariantName = "[No Variations]"
Add component (AddParameter): Name = "Remark"; Value = ""; VariantName = "[No Variations]"
Add component (AddParameter): Name = "RoHS"; Value = ""; VariantName = "[No Variations]"
Add component (AddParameter): Name = "Sort order"; Value = "348"; VariantName = "[No Variations]"
Add component (AddParameter): Name = "Source"; Value = "UUDET_KOMPONENTIT.SchLib"; VariantName = "[No Variations]"
Add component (AddParameter): Name = "System"; Value = "RLC"; VariantName = "[No Variations]"
Add component (AddParameter): Name = "Tolerance"; Value = ""; VariantName = "[No Variations]"
Add component (AddParameter): Name = "Value"; Value = "0.47uH"; VariantName = "[No Variations]"
Added Component: Designator=L2(IND_VLS2520)
Add component (AddParameter): Name = "Alternative component"; Value = ""; VariantName = "[No Variations]"
Add component (AddParameter): Name = "ClassName"; Value = "BIG"; VariantName = "[No Variations]"
Add component (AddParameter): Name = "Component Type"; Value = "Inductor"; VariantName = "[No Variations]"
Add component (AddParameter): Name = "ComponentLink1Description"; Value = "1_Datasheet"; VariantName = "[No Variations]"
Add component (AddParameter): Name = "ComponentLink1URL"; Value = "https://product.tdk.com/en/system/files?file=dam/doc/product/inductor/inductor/smd/catalog/inductor_commercial_power_vls252012hbx-1_en.pdf"; VariantName = "[No Variations]"
Add component (AddParameter): Name = "ComponentLink2Description"; Value = "2_Product page"; VariantName = "[No Variations]"
Add component (AddParameter): Name = "ComponentLink2URL"; Value = ""; VariantName = "[No Variations]"
Add component (AddParameter): Name = "ComponentLink3Description"; Value = "3_X-information"; VariantName = "[No Variations]"
Add component (AddParameter): Name = "ComponentLink3URL"; Value = ""; VariantName = "[No Variations]"
Add component (AddParameter): Name = "ComponentLink4Description"; Value = "4_X-information"; VariantName = "[No Variations]"
Add component (AddParameter): Name = "ComponentLink4URL"; Value = ""; VariantName = "[No Variations]"
Add component (AddParameter): Name = "Creation date"; Value = "09022024"; VariantName = "[No Variations]"
Add component (AddParameter): Name = "Current"; Value = ""; VariantName = "[No Variations]"
Add component (AddParameter): Name = "Dimensions WxLxH"; Value = "2.5 x 2.0 x 1.2mm"; VariantName = "[No Variations]"
Add component (AddParameter): Name = "ECCN"; Value = ""; VariantName = "[No Variations]"
Add component (AddParameter): Name = "HasBeenBuilt"; Value = ""; VariantName = "[No Variations]"
Add component (AddParameter): Name = "Manufacturer"; Value = "TDK"; VariantName = "[No Variations]"
Add component (AddParameter): Name = "Manufacturer Part Number"; Value = "VLS252012HBX-R47M-1"; VariantName = "[No Variations]"
Add component (AddParameter): Name = "Operating temperature range"; Value = "-40 ... +105 °C"; VariantName = "[No Variations]"
Add component (AddParameter): Name = "Package"; Value = "2520"; VariantName = "[No Variations]"
Add component (AddParameter): Name = "Part Number"; Value = "VLS252012HBX-R47M-1"; VariantName = "[No Variations]"
Add component (AddParameter): Name = "Remark"; Value = ""; VariantName = "[No Variations]"
Add component (AddParameter): Name = "RoHS"; Value = ""; VariantName = "[No Variations]"
Add component (AddParameter): Name = "Sort order"; Value = "348"; VariantName = "[No Variations]"
Add component (AddParameter): Name = "Source"; Value = "UUDET_KOMPONENTIT.SchLib"; VariantName = "[No Variations]"
Add component (AddParameter): Name = "System"; Value = "RLC"; VariantName = "[No Variations]"
Add component (AddParameter): Name = "Tolerance"; Value = ""; VariantName = "[No Variations]"
Add component (AddParameter): Name = "Value"; Value = "0.47uH"; VariantName = "[No Variations]"
Added Component: Designator=L3(IND_VLS2520)
Add component (AddParameter): Name = "Alternative component"; Value = ""; VariantName = "[No Variations]"
Add component (AddParameter): Name = "ClassName"; Value = "BIG"; VariantName = "[No Variations]"
Add component (AddParameter): Name = "Component Type"; Value = "Inductor"; VariantName = "[No Variations]"
Add component (AddParameter): Name = "ComponentLink1Description"; Value = "1_Datasheet"; VariantName = "[No Variations]"
Add component (AddParameter): Name = "ComponentLink1URL"; Value = "https://product.tdk.com/en/system/files?file=dam/doc/product/inductor/inductor/smd/catalog/inductor_commercial_power_vls252012hbx-1_en.pdf"; VariantName = "[No Variations]"
Add component (AddParameter): Name = "ComponentLink2Description"; Value = "2_Product page"; VariantName = "[No Variations]"
Add component (AddParameter): Name = "ComponentLink2URL"; Value = ""; VariantName = "[No Variations]"
Add component (AddParameter): Name = "ComponentLink3Description"; Value = "3_X-information"; VariantName = "[No Variations]"
Add component (AddParameter): Name = "ComponentLink3URL"; Value = ""; VariantName = "[No Variations]"
Add component (AddParameter): Name = "ComponentLink4Description"; Value = "4_X-information"; VariantName = "[No Variations]"
Add component (AddParameter): Name = "ComponentLink4URL"; Value = ""; VariantName = "[No Variations]"
Add component (AddParameter): Name = "Creation date"; Value = "09022024"; VariantName = "[No Variations]"
Add component (AddParameter): Name = "Current"; Value = ""; VariantName = "[No Variations]"
Add component (AddParameter): Name = "Dimensions WxLxH"; Value = "2.5 x 2.0 x 1.2mm"; VariantName = "[No Variations]"
Add component (AddParameter): Name = "ECCN"; Value = ""; VariantName = "[No Variations]"
Add component (AddParameter): Name = "HasBeenBuilt"; Value = ""; VariantName = "[No Variations]"
Add component (AddParameter): Name = "Manufacturer"; Value = "TDK"; VariantName = "[No Variations]"
Add component (AddParameter): Name = "Manufacturer Part Number"; Value = "VLS252012HBX-R47M-1"; VariantName = "[No Variations]"
Add component (AddParameter): Name = "Operating temperature range"; Value = "-40 ... +105 °C"; VariantName = "[No Variations]"
Add component (AddParameter): Name = "Package"; Value = "2520"; VariantName = "[No Variations]"
Add component (AddParameter): Name = "Part Number"; Value = "VLS252012HBX-R47M-1"; VariantName = "[No Variations]"
Add component (AddParameter): Name = "Remark"; Value = ""; VariantName = "[No Variations]"
Add component (AddParameter): Name = "RoHS"; Value = ""; VariantName = "[No Variations]"
Add component (AddParameter): Name = "Sort order"; Value = "348"; VariantName = "[No Variations]"
Add component (AddParameter): Name = "Source"; Value = "UUDET_KOMPONENTIT.SchLib"; VariantName = "[No Variations]"
Add component (AddParameter): Name = "System"; Value = "RLC"; VariantName = "[No Variations]"
Add component (AddParameter): Name = "Tolerance"; Value = ""; VariantName = "[No Variations]"
Add component (AddParameter): Name = "Value"; Value = "0.47uH"; VariantName = "[No Variations]"
Added Component: Designator=L4(IND_VLS2520)
Add component (AddParameter): Name = "Alternative component"; Value = ""; VariantName = "[No Variations]"
Add component (AddParameter): Name = "ClassName"; Value = "BIG"; VariantName = "[No Variations]"
Add component (AddParameter): Name = "Component Type"; Value = "Inductor"; VariantName = "[No Variations]"
Add component (AddParameter): Name = "ComponentLink1Description"; Value = "1_Datasheet"; VariantName = "[No Variations]"
Add component (AddParameter): Name = "ComponentLink1URL"; Value = "https://product.tdk.com/en/system/files?file=dam/doc/product/inductor/inductor/smd/catalog/inductor_commercial_power_vls252012hbx-1_en.pdf"; VariantName = "[No Variations]"
Add component (AddParameter): Name = "ComponentLink2Description"; Value = "2_Product page"; VariantName = "[No Variations]"
Add component (AddParameter): Name = "ComponentLink2URL"; Value = ""; VariantName = "[No Variations]"
Add component (AddParameter): Name = "ComponentLink3Description"; Value = "3_X-information"; VariantName = "[No Variations]"
Add component (AddParameter): Name = "ComponentLink3URL"; Value = ""; VariantName = "[No Variations]"
Add component (AddParameter): Name = "ComponentLink4Description"; Value = "4_X-information"; VariantName = "[No Variations]"
Add component (AddParameter): Name = "ComponentLink4URL"; Value = ""; VariantName = "[No Variations]"
Add component (AddParameter): Name = "Creation date"; Value = "09022024"; VariantName = "[No Variations]"
Add component (AddParameter): Name = "Current"; Value = ""; VariantName = "[No Variations]"
Add component (AddParameter): Name = "Dimensions WxLxH"; Value = "2.5 x 2.0 x 1.2mm"; VariantName = "[No Variations]"
Add component (AddParameter): Name = "ECCN"; Value = ""; VariantName = "[No Variations]"
Add component (AddParameter): Name = "HasBeenBuilt"; Value = ""; VariantName = "[No Variations]"
Add component (AddParameter): Name = "Manufacturer"; Value = "TDK"; VariantName = "[No Variations]"
Add component (AddParameter): Name = "Manufacturer Part Number"; Value = "VLS252012HBX-R47M-1"; VariantName = "[No Variations]"
Add component (AddParameter): Name = "Operating temperature range"; Value = "-40 ... +105 °C"; VariantName = "[No Variations]"
Add component (AddParameter): Name = "Package"; Value = "2520"; VariantName = "[No Variations]"
Add component (AddParameter): Name = "Part Number"; Value = "VLS252012HBX-R47M-1"; VariantName = "[No Variations]"
Add component (AddParameter): Name = "Remark"; Value = ""; VariantName = "[No Variations]"
Add component (AddParameter): Name = "RoHS"; Value = ""; VariantName = "[No Variations]"
Add component (AddParameter): Name = "Sort order"; Value = "348"; VariantName = "[No Variations]"
Add component (AddParameter): Name = "Source"; Value = "UUDET_KOMPONENTIT.SchLib"; VariantName = "[No Variations]"
Add component (AddParameter): Name = "System"; Value = "RLC"; VariantName = "[No Variations]"
Add component (AddParameter): Name = "Tolerance"; Value = ""; VariantName = "[No Variations]"
Add component (AddParameter): Name = "Value"; Value = "0.47uH"; VariantName = "[No Variations]"
Added Component: Designator=L5(IND_VLS2520)
Add component (AddParameter): Name = "Alternative component"; Value = ""; VariantName = "[No Variations]"
Add component (AddParameter): Name = "ClassName"; Value = "BIG"; VariantName = "[No Variations]"
Add component (AddParameter): Name = "Component Type"; Value = "Inductor"; VariantName = "[No Variations]"
Add component (AddParameter): Name = "ComponentLink1Description"; Value = "1_Datasheet"; VariantName = "[No Variations]"
Add component (AddParameter): Name = "ComponentLink1URL"; Value = "https://product.tdk.com/en/system/files?file=dam/doc/product/inductor/inductor/smd/catalog/inductor_commercial_power_vls252012hbx-1_en.pdf"; VariantName = "[No Variations]"
Add component (AddParameter): Name = "ComponentLink2Description"; Value = "2_Product page"; VariantName = "[No Variations]"
Add component (AddParameter): Name = "ComponentLink2URL"; Value = ""; VariantName = "[No Variations]"
Add component (AddParameter): Name = "ComponentLink3Description"; Value = "3_X-information"; VariantName = "[No Variations]"
Add component (AddParameter): Name = "ComponentLink3URL"; Value = ""; VariantName = "[No Variations]"
Add component (AddParameter): Name = "ComponentLink4Description"; Value = "4_X-information"; VariantName = "[No Variations]"
Add component (AddParameter): Name = "ComponentLink4URL"; Value = ""; VariantName = "[No Variations]"
Add component (AddParameter): Name = "Creation date"; Value = "09022024"; VariantName = "[No Variations]"
Add component (AddParameter): Name = "Current"; Value = ""; VariantName = "[No Variations]"
Add component (AddParameter): Name = "Dimensions WxLxH"; Value = "2.5 x 2.0 x 1.2mm"; VariantName = "[No Variations]"
Add component (AddParameter): Name = "ECCN"; Value = ""; VariantName = "[No Variations]"
Add component (AddParameter): Name = "HasBeenBuilt"; Value = ""; VariantName = "[No Variations]"
Add component (AddParameter): Name = "Manufacturer"; Value = "TDK"; VariantName = "[No Variations]"
Add component (AddParameter): Name = "Manufacturer Part Number"; Value = "VLS252012HBX-R47M-1"; VariantName = "[No Variations]"
Add component (AddParameter): Name = "Operating temperature range"; Value = "-40 ... +105 °C"; VariantName = "[No Variations]"
Add component (AddParameter): Name = "Package"; Value = "2520"; VariantName = "[No Variations]"
Add component (AddParameter): Name = "Part Number"; Value = "VLS252012HBX-R47M-1"; VariantName = "[No Variations]"
Add component (AddParameter): Name = "Remark"; Value = ""; VariantName = "[No Variations]"
Add component (AddParameter): Name = "RoHS"; Value = ""; VariantName = "[No Variations]"
Add component (AddParameter): Name = "Sort order"; Value = "348"; VariantName = "[No Variations]"
Add component (AddParameter): Name = "Source"; Value = "UUDET_KOMPONENTIT.SchLib"; VariantName = "[No Variations]"
Add component (AddParameter): Name = "System"; Value = "RLC"; VariantName = "[No Variations]"
Add component (AddParameter): Name = "Tolerance"; Value = ""; VariantName = "[No Variations]"
Add component (AddParameter): Name = "Value"; Value = "0.47uH"; VariantName = "[No Variations]"
Added Component: Designator=L6(IND_VLS2520)
Add component (AddParameter): Name = "Alternative component"; Value = ""; VariantName = "[No Variations]"
Add component (AddParameter): Name = "ClassName"; Value = "BIG"; VariantName = "[No Variations]"
Add component (AddParameter): Name = "Component Type"; Value = "Inductor"; VariantName = "[No Variations]"
Add component (AddParameter): Name = "ComponentLink1Description"; Value = "1_Datasheet"; VariantName = "[No Variations]"
Add component (AddParameter): Name = "ComponentLink1URL"; Value = "https://product.tdk.com/en/system/files?file=dam/doc/product/inductor/inductor/smd/catalog/inductor_commercial_power_vls252012hbx-1_en.pdf"; VariantName = "[No Variations]"
Add component (AddParameter): Name = "ComponentLink2Description"; Value = "2_Product page"; VariantName = "[No Variations]"
Add component (AddParameter): Name = "ComponentLink2URL"; Value = ""; VariantName = "[No Variations]"
Add component (AddParameter): Name = "ComponentLink3Description"; Value = "3_X-information"; VariantName = "[No Variations]"
Add component (AddParameter): Name = "ComponentLink3URL"; Value = ""; VariantName = "[No Variations]"
Add component (AddParameter): Name = "ComponentLink4Description"; Value = "4_X-information"; VariantName = "[No Variations]"
Add component (AddParameter): Name = "ComponentLink4URL"; Value = ""; VariantName = "[No Variations]"
Add component (AddParameter): Name = "Creation date"; Value = "09022024"; VariantName = "[No Variations]"
Add component (AddParameter): Name = "Current"; Value = ""; VariantName = "[No Variations]"
Add component (AddParameter): Name = "Dimensions WxLxH"; Value = "2.5 x 2.0 x 1.2mm"; VariantName = "[No Variations]"
Add component (AddParameter): Name = "ECCN"; Value = ""; VariantName = "[No Variations]"
Add component (AddParameter): Name = "HasBeenBuilt"; Value = ""; VariantName = "[No Variations]"
Add component (AddParameter): Name = "Manufacturer"; Value = "TDK"; VariantName = "[No Variations]"
Add component (AddParameter): Name = "Manufacturer Part Number"; Value = "VLS252012HBX-R47M-1"; VariantName = "[No Variations]"
Add component (AddParameter): Name = "Operating temperature range"; Value = "-40 ... +105 °C"; VariantName = "[No Variations]"
Add component (AddParameter): Name = "Package"; Value = "2520"; VariantName = "[No Variations]"
Add component (AddParameter): Name = "Part Number"; Value = "VLS252012HBX-R47M-1"; VariantName = "[No Variations]"
Add component (AddParameter): Name = "Remark"; Value = ""; VariantName = "[No Variations]"
Add component (AddParameter): Name = "RoHS"; Value = ""; VariantName = "[No Variations]"
Add component (AddParameter): Name = "Sort order"; Value = "348"; VariantName = "[No Variations]"
Add component (AddParameter): Name = "Source"; Value = "UUDET_KOMPONENTIT.SchLib"; VariantName = "[No Variations]"
Add component (AddParameter): Name = "System"; Value = "RLC"; VariantName = "[No Variations]"
Add component (AddParameter): Name = "Tolerance"; Value = ""; VariantName = "[No Variations]"
Add component (AddParameter): Name = "Value"; Value = "0.47uH"; VariantName = "[No Variations]"
Added Component: Designator=L7(FERR_BLM15KD)
Add component (AddParameter): Name = "Alternative component"; Value = ""; VariantName = "[No Variations]"
Add component (AddParameter): Name = "ClassName"; Value = ""; VariantName = "[No Variations]"
Add component (AddParameter): Name = "Component Type"; Value = "Ferrite"; VariantName = "[No Variations]"
Add component (AddParameter): Name = "ComponentLink1Description"; Value = "1_Datasheet"; VariantName = "[No Variations]"
Add component (AddParameter): Name = "ComponentLink1URL"; Value = "https://www.murata.com/en-us/products/productdetail.aspx?cate=luNoiseSupprFilteChipFerriBead&partno=BLM15KD300SN1%23"; VariantName = "[No Variations]"
Add component (AddParameter): Name = "ComponentLink2Description"; Value = "2_Product page"; VariantName = "[No Variations]"
Add component (AddParameter): Name = "ComponentLink2URL"; Value = ""; VariantName = "[No Variations]"
Add component (AddParameter): Name = "ComponentLink3Description"; Value = "3_X-information"; VariantName = "[No Variations]"
Add component (AddParameter): Name = "ComponentLink3URL"; Value = ""; VariantName = "[No Variations]"
Add component (AddParameter): Name = "ComponentLink4Description"; Value = "4_X-information"; VariantName = "[No Variations]"
Add component (AddParameter): Name = "ComponentLink4URL"; Value = ""; VariantName = "[No Variations]"
Add component (AddParameter): Name = "Creation date"; Value = "20200304"; VariantName = "[No Variations]"
Add component (AddParameter): Name = "Current"; Value = "3.1A"; VariantName = "[No Variations]"
Add component (AddParameter): Name = "Dimensions WxLxH"; Value = "0.55mm"; VariantName = "[No Variations]"
Add component (AddParameter): Name = "ECCN"; Value = "EAR99"; VariantName = "[No Variations]"
Add component (AddParameter): Name = "HasBeenBuilt"; Value = "Saluki2"; VariantName = "[No Variations]"
Add component (AddParameter): Name = "Manufacturer"; Value = "Murata"; VariantName = "[No Variations]"
Add component (AddParameter): Name = "Manufacturer Part Number"; Value = "BLM15KD300SN1D"; VariantName = "[No Variations]"
Add component (AddParameter): Name = "Operating temperature range"; Value = "-55 ... +125C"; VariantName = "[No Variations]"
Add component (AddParameter): Name = "Package"; Value = "0402"; VariantName = "[No Variations]"
Add component (AddParameter): Name = "Part Number"; Value = "BLM15KD300SN1"; VariantName = "[No Variations]"
Add component (AddParameter): Name = "Remark"; Value = ""; VariantName = "[No Variations]"
Add component (AddParameter): Name = "RoHS"; Value = "RoHS3"; VariantName = "[No Variations]"
Add component (AddParameter): Name = "Sort order"; Value = "364"; VariantName = "[No Variations]"
Add component (AddParameter): Name = "Source"; Value = "Discrete_UN1Q.SchLib"; VariantName = "[No Variations]"
Add component (AddParameter): Name = "System"; Value = "Discrete"; VariantName = "[No Variations]"
Add component (AddParameter): Name = "Tolerance"; Value = ""; VariantName = "[No Variations]"
Add component (AddParameter): Name = "Value"; Value = "30R@100MHz"; VariantName = "[No Variations]"
Add component (AddParameter): Name = "Voltage"; Value = ""; VariantName = "[No Variations]"
Added Component: Designator=L8(FERR_BLM15KD)
Add component (AddParameter): Name = "Alternative component"; Value = ""; VariantName = "[No Variations]"
Add component (AddParameter): Name = "ClassName"; Value = ""; VariantName = "[No Variations]"
Add component (AddParameter): Name = "Component Type"; Value = "Ferrite"; VariantName = "[No Variations]"
Add component (AddParameter): Name = "ComponentLink1Description"; Value = "1_Datasheet"; VariantName = "[No Variations]"
Add component (AddParameter): Name = "ComponentLink1URL"; Value = "https://www.murata.com/en-us/products/productdetail.aspx?cate=luNoiseSupprFilteChipFerriBead&partno=BLM15KD300SN1%23"; VariantName = "[No Variations]"
Add component (AddParameter): Name = "ComponentLink2Description"; Value = "2_Product page"; VariantName = "[No Variations]"
Add component (AddParameter): Name = "ComponentLink2URL"; Value = ""; VariantName = "[No Variations]"
Add component (AddParameter): Name = "ComponentLink3Description"; Value = "3_X-information"; VariantName = "[No Variations]"
Add component (AddParameter): Name = "ComponentLink3URL"; Value = ""; VariantName = "[No Variations]"
Add component (AddParameter): Name = "ComponentLink4Description"; Value = "4_X-information"; VariantName = "[No Variations]"
Add component (AddParameter): Name = "ComponentLink4URL"; Value = ""; VariantName = "[No Variations]"
Add component (AddParameter): Name = "Creation date"; Value = "20200304"; VariantName = "[No Variations]"
Add component (AddParameter): Name = "Current"; Value = "3.1A"; VariantName = "[No Variations]"
Add component (AddParameter): Name = "Dimensions WxLxH"; Value = "0.55mm"; VariantName = "[No Variations]"
Add component (AddParameter): Name = "ECCN"; Value = "EAR99"; VariantName = "[No Variations]"
Add component (AddParameter): Name = "HasBeenBuilt"; Value = "Saluki2"; VariantName = "[No Variations]"
Add component (AddParameter): Name = "Manufacturer"; Value = "Murata"; VariantName = "[No Variations]"
Add component (AddParameter): Name = "Manufacturer Part Number"; Value = "BLM15KD300SN1D"; VariantName = "[No Variations]"
Add component (AddParameter): Name = "Operating temperature range"; Value = "-55 ... +125C"; VariantName = "[No Variations]"
Add component (AddParameter): Name = "Package"; Value = "0402"; VariantName = "[No Variations]"
Add component (AddParameter): Name = "Part Number"; Value = "BLM15KD300SN1"; VariantName = "[No Variations]"
Add component (AddParameter): Name = "Remark"; Value = ""; VariantName = "[No Variations]"
Add component (AddParameter): Name = "RoHS"; Value = "RoHS3"; VariantName = "[No Variations]"
Add component (AddParameter): Name = "Sort order"; Value = "364"; VariantName = "[No Variations]"
Add component (AddParameter): Name = "Source"; Value = "Discrete_UN1Q.SchLib"; VariantName = "[No Variations]"
Add component (AddParameter): Name = "System"; Value = "Discrete"; VariantName = "[No Variations]"
Add component (AddParameter): Name = "Tolerance"; Value = ""; VariantName = "[No Variations]"
Add component (AddParameter): Name = "Value"; Value = "30R@100MHz"; VariantName = "[No Variations]"
Add component (AddParameter): Name = "Voltage"; Value = ""; VariantName = "[No Variations]"
Added Component: Designator=L9(FERR_BLM15KD)
Add component (AddParameter): Name = "Alternative component"; Value = ""; VariantName = "[No Variations]"
Add component (AddParameter): Name = "ClassName"; Value = ""; VariantName = "[No Variations]"
Add component (AddParameter): Name = "Component Type"; Value = "Ferrite"; VariantName = "[No Variations]"
Add component (AddParameter): Name = "ComponentLink1Description"; Value = "1_Datasheet"; VariantName = "[No Variations]"
Add component (AddParameter): Name = "ComponentLink1URL"; Value = "https://www.murata.com/en-us/products/productdetail.aspx?cate=luNoiseSupprFilteChipFerriBead&partno=BLM15KD300SN1%23"; VariantName = "[No Variations]"
Add component (AddParameter): Name = "ComponentLink2Description"; Value = "2_Product page"; VariantName = "[No Variations]"
Add component (AddParameter): Name = "ComponentLink2URL"; Value = ""; VariantName = "[No Variations]"
Add component (AddParameter): Name = "ComponentLink3Description"; Value = "3_X-information"; VariantName = "[No Variations]"
Add component (AddParameter): Name = "ComponentLink3URL"; Value = ""; VariantName = "[No Variations]"
Add component (AddParameter): Name = "ComponentLink4Description"; Value = "4_X-information"; VariantName = "[No Variations]"
Add component (AddParameter): Name = "ComponentLink4URL"; Value = ""; VariantName = "[No Variations]"
Add component (AddParameter): Name = "Creation date"; Value = "20200304"; VariantName = "[No Variations]"
Add component (AddParameter): Name = "Current"; Value = "3.1A"; VariantName = "[No Variations]"
Add component (AddParameter): Name = "Dimensions WxLxH"; Value = "0.55mm"; VariantName = "[No Variations]"
Add component (AddParameter): Name = "ECCN"; Value = "EAR99"; VariantName = "[No Variations]"
Add component (AddParameter): Name = "HasBeenBuilt"; Value = "Saluki2"; VariantName = "[No Variations]"
Add component (AddParameter): Name = "Manufacturer"; Value = "Murata"; VariantName = "[No Variations]"
Add component (AddParameter): Name = "Manufacturer Part Number"; Value = "BLM15KD300SN1D"; VariantName = "[No Variations]"
Add component (AddParameter): Name = "Operating temperature range"; Value = "-55 ... +125C"; VariantName = "[No Variations]"
Add component (AddParameter): Name = "Package"; Value = "0402"; VariantName = "[No Variations]"
Add component (AddParameter): Name = "Part Number"; Value = "BLM15KD300SN1"; VariantName = "[No Variations]"
Add component (AddParameter): Name = "Remark"; Value = ""; VariantName = "[No Variations]"
Add component (AddParameter): Name = "RoHS"; Value = "RoHS3"; VariantName = "[No Variations]"
Add component (AddParameter): Name = "Sort order"; Value = "364"; VariantName = "[No Variations]"
Add component (AddParameter): Name = "Source"; Value = "Discrete_UN1Q.SchLib"; VariantName = "[No Variations]"
Add component (AddParameter): Name = "System"; Value = "Discrete"; VariantName = "[No Variations]"
Add component (AddParameter): Name = "Tolerance"; Value = ""; VariantName = "[No Variations]"
Add component (AddParameter): Name = "Value"; Value = "30R@100MHz"; VariantName = "[No Variations]"
Add component (AddParameter): Name = "Voltage"; Value = ""; VariantName = "[No Variations]"
Added Component: Designator=L10(IND_XGL4030)
Add component (AddParameter): Name = "Alternative component"; Value = ""; VariantName = "[No Variations]"
Add component (AddParameter): Name = "ClassName"; Value = "BIG"; VariantName = "[No Variations]"
Add component (AddParameter): Name = "Component Type"; Value = "Inductor"; VariantName = "[No Variations]"
Add component (AddParameter): Name = "ComponentLink1Description"; Value = "1_Datasheet"; VariantName = "[No Variations]"
Add component (AddParameter): Name = "ComponentLink1URL"; Value = "https://www.coilcraft.com/en-us/products/power/shielded-inductors/molded-inductor/xgl/xgl4030/xgl4030-102/"; VariantName = "[No Variations]"
Add component (AddParameter): Name = "ComponentLink2Description"; Value = "2_Product_page"; VariantName = "[No Variations]"
Add component (AddParameter): Name = "ComponentLink2URL"; Value = "https://www.coilcraft.com/en-us/products/power/shielded-inductors/molded-inductor/xgl/xgl4030/"; VariantName = "[No Variations]"
Add component (AddParameter): Name = "ComponentLink3Description"; Value = "3_X-information"; VariantName = "[No Variations]"
Add component (AddParameter): Name = "ComponentLink3URL"; Value = ""; VariantName = "[No Variations]"
Add component (AddParameter): Name = "ComponentLink4Description"; Value = "4_X-information"; VariantName = "[No Variations]"
Add component (AddParameter): Name = "ComponentLink4URL"; Value = ""; VariantName = "[No Variations]"
Add component (AddParameter): Name = "Creation date"; Value = "20250415"; VariantName = "[No Variations]"
Add component (AddParameter): Name = "Current"; Value = ""; VariantName = "[No Variations]"
Add component (AddParameter): Name = "Dimensions WxLxH"; Value = "4.3 x 4.3 x 3.1mm"; VariantName = "[No Variations]"
Add component (AddParameter): Name = "ECCN"; Value = ""; VariantName = "[No Variations]"
Add component (AddParameter): Name = "HasBeenBuilt"; Value = ""; VariantName = "[No Variations]"
Add component (AddParameter): Name = "Manufacturer"; Value = "Coilcraft"; VariantName = "[No Variations]"
Add component (AddParameter): Name = "Manufacturer Part Number"; Value = "XGL4030-102MEC"; VariantName = "[No Variations]"
Add component (AddParameter): Name = "Operating temperature range"; Value = "-40 ... +125 °C"; VariantName = "[No Variations]"
Add component (AddParameter): Name = "Package"; Value = "4030"; VariantName = "[No Variations]"
Add component (AddParameter): Name = "Part Number"; Value = "XGL4030-102MEC"; VariantName = "[No Variations]"
Add component (AddParameter): Name = "Remark"; Value = ""; VariantName = "[No Variations]"
Add component (AddParameter): Name = "RoHS"; Value = ""; VariantName = "[No Variations]"
Add component (AddParameter): Name = "Sort order"; Value = "348"; VariantName = "[No Variations]"
Add component (AddParameter): Name = "Source"; Value = ""; VariantName = "[No Variations]"
Add component (AddParameter): Name = "System"; Value = "RLC"; VariantName = "[No Variations]"
Add component (AddParameter): Name = "Tolerance"; Value = ""; VariantName = "[No Variations]"
Add component (AddParameter): Name = "Value"; Value = "1uH"; VariantName = "[No Variations]"
Added Component: Designator=L11(FERR_BLM15KD)
Add component (AddParameter): Name = "Alternative component"; Value = ""; VariantName = "[No Variations]"
Add component (AddParameter): Name = "ClassName"; Value = ""; VariantName = "[No Variations]"
Add component (AddParameter): Name = "Component Type"; Value = "Ferrite"; VariantName = "[No Variations]"
Add component (AddParameter): Name = "ComponentLink1Description"; Value = "1_Datasheet"; VariantName = "[No Variations]"
Add component (AddParameter): Name = "ComponentLink1URL"; Value = "https://www.murata.com/en-us/products/productdetail.aspx?cate=luNoiseSupprFilteChipFerriBead&partno=BLM15KD300SN1%23"; VariantName = "[No Variations]"
Add component (AddParameter): Name = "ComponentLink2Description"; Value = "2_Product page"; VariantName = "[No Variations]"
Add component (AddParameter): Name = "ComponentLink2URL"; Value = ""; VariantName = "[No Variations]"
Add component (AddParameter): Name = "ComponentLink3Description"; Value = "3_X-information"; VariantName = "[No Variations]"
Add component (AddParameter): Name = "ComponentLink3URL"; Value = ""; VariantName = "[No Variations]"
Add component (AddParameter): Name = "ComponentLink4Description"; Value = "4_X-information"; VariantName = "[No Variations]"
Add component (AddParameter): Name = "ComponentLink4URL"; Value = ""; VariantName = "[No Variations]"
Add component (AddParameter): Name = "Creation date"; Value = "20200304"; VariantName = "[No Variations]"
Add component (AddParameter): Name = "Current"; Value = "3.1A"; VariantName = "[No Variations]"
Add component (AddParameter): Name = "Dimensions WxLxH"; Value = "0.55mm"; VariantName = "[No Variations]"
Add component (AddParameter): Name = "ECCN"; Value = "EAR99"; VariantName = "[No Variations]"
Add component (AddParameter): Name = "HasBeenBuilt"; Value = "Saluki2"; VariantName = "[No Variations]"
Add component (AddParameter): Name = "Manufacturer"; Value = "Murata"; VariantName = "[No Variations]"
Add component (AddParameter): Name = "Manufacturer Part Number"; Value = "BLM15KD300SN1D"; VariantName = "[No Variations]"
Add component (AddParameter): Name = "Operating temperature range"; Value = "-55 ... +125C"; VariantName = "[No Variations]"
Add component (AddParameter): Name = "Package"; Value = "0402"; VariantName = "[No Variations]"
Add component (AddParameter): Name = "Part Number"; Value = "BLM15KD300SN1"; VariantName = "[No Variations]"
Add component (AddParameter): Name = "Remark"; Value = ""; VariantName = "[No Variations]"
Add component (AddParameter): Name = "RoHS"; Value = "RoHS3"; VariantName = "[No Variations]"
Add component (AddParameter): Name = "Sort order"; Value = "364"; VariantName = "[No Variations]"
Add component (AddParameter): Name = "Source"; Value = "Discrete_UN1Q.SchLib"; VariantName = "[No Variations]"
Add component (AddParameter): Name = "System"; Value = "Discrete"; VariantName = "[No Variations]"
Add component (AddParameter): Name = "Tolerance"; Value = ""; VariantName = "[No Variations]"
Add component (AddParameter): Name = "Value"; Value = "30R@100MHz"; VariantName = "[No Variations]"
Add component (AddParameter): Name = "Voltage"; Value = ""; VariantName = "[No Variations]"
Added Component: Designator=L12(FERR_BLM15KD)
Add component (AddParameter): Name = "Alternative component"; Value = ""; VariantName = "[No Variations]"
Add component (AddParameter): Name = "ClassName"; Value = ""; VariantName = "[No Variations]"
Add component (AddParameter): Name = "Component Type"; Value = "Ferrite"; VariantName = "[No Variations]"
Add component (AddParameter): Name = "ComponentLink1Description"; Value = "1_Datasheet"; VariantName = "[No Variations]"
Add component (AddParameter): Name = "ComponentLink1URL"; Value = "https://www.murata.com/en-us/products/productdetail.aspx?cate=luNoiseSupprFilteChipFerriBead&partno=BLM15KD300SN1%23"; VariantName = "[No Variations]"
Add component (AddParameter): Name = "ComponentLink2Description"; Value = "2_Product page"; VariantName = "[No Variations]"
Add component (AddParameter): Name = "ComponentLink2URL"; Value = ""; VariantName = "[No Variations]"
Add component (AddParameter): Name = "ComponentLink3Description"; Value = "3_X-information"; VariantName = "[No Variations]"
Add component (AddParameter): Name = "ComponentLink3URL"; Value = ""; VariantName = "[No Variations]"
Add component (AddParameter): Name = "ComponentLink4Description"; Value = "4_X-information"; VariantName = "[No Variations]"
Add component (AddParameter): Name = "ComponentLink4URL"; Value = ""; VariantName = "[No Variations]"
Add component (AddParameter): Name = "Creation date"; Value = "20200304"; VariantName = "[No Variations]"
Add component (AddParameter): Name = "Current"; Value = "3.1A"; VariantName = "[No Variations]"
Add component (AddParameter): Name = "Dimensions WxLxH"; Value = "0.55mm"; VariantName = "[No Variations]"
Add component (AddParameter): Name = "ECCN"; Value = "EAR99"; VariantName = "[No Variations]"
Add component (AddParameter): Name = "HasBeenBuilt"; Value = "Saluki2"; VariantName = "[No Variations]"
Add component (AddParameter): Name = "Manufacturer"; Value = "Murata"; VariantName = "[No Variations]"
Add component (AddParameter): Name = "Manufacturer Part Number"; Value = "BLM15KD300SN1D"; VariantName = "[No Variations]"
Add component (AddParameter): Name = "Operating temperature range"; Value = "-55 ... +125C"; VariantName = "[No Variations]"
Add component (AddParameter): Name = "Package"; Value = "0402"; VariantName = "[No Variations]"
Add component (AddParameter): Name = "Part Number"; Value = "BLM15KD300SN1"; VariantName = "[No Variations]"
Add component (AddParameter): Name = "Remark"; Value = ""; VariantName = "[No Variations]"
Add component (AddParameter): Name = "RoHS"; Value = "RoHS3"; VariantName = "[No Variations]"
Add component (AddParameter): Name = "Sort order"; Value = "364"; VariantName = "[No Variations]"
Add component (AddParameter): Name = "Source"; Value = "Discrete_UN1Q.SchLib"; VariantName = "[No Variations]"
Add component (AddParameter): Name = "System"; Value = "Discrete"; VariantName = "[No Variations]"
Add component (AddParameter): Name = "Tolerance"; Value = ""; VariantName = "[No Variations]"
Add component (AddParameter): Name = "Value"; Value = "30R@100MHz"; VariantName = "[No Variations]"
Add component (AddParameter): Name = "Voltage"; Value = ""; VariantName = "[No Variations]"
Added Component: Designator=PTP1(PTP_0.4mm)
Add component (AddParameter): Name = "Alternative component"; Value = ""; VariantName = "[No Variations]"
Add component (AddParameter): Name = "ClassName"; Value = "SMALL"; VariantName = "[No Variations]"
Add component (AddParameter): Name = "Component Type"; Value = "Test Point"; VariantName = "[No Variations]"
Add component (AddParameter): Name = "ComponentLink1Description"; Value = "1_Datasheet"; VariantName = "[No Variations]"
Add component (AddParameter): Name = "ComponentLink1URL"; Value = ""; VariantName = "[No Variations]"
Add component (AddParameter): Name = "ComponentLink2Description"; Value = "2_Product page"; VariantName = "[No Variations]"
Add component (AddParameter): Name = "ComponentLink2URL"; Value = ""; VariantName = "[No Variations]"
Add component (AddParameter): Name = "ComponentLink3Description"; Value = "3_X-information"; VariantName = "[No Variations]"
Add component (AddParameter): Name = "ComponentLink3URL"; Value = ""; VariantName = "[No Variations]"
Add component (AddParameter): Name = "ComponentLink4Description"; Value = "4_X-information"; VariantName = "[No Variations]"
Add component (AddParameter): Name = "ComponentLink4URL"; Value = ""; VariantName = "[No Variations]"
Add component (AddParameter): Name = "Creation date"; Value = "20240909"; VariantName = "[No Variations]"
Add component (AddParameter): Name = "Design Item ID"; Value = "PTP_0.4mm"; VariantName = "[No Variations]"
Add component (AddParameter): Name = "Dimensions WxLxH"; Value = ""; VariantName = "[No Variations]"
Add component (AddParameter): Name = "HasBeenBuilt"; Value = "-"; VariantName = "[No Variations]"
Add component (AddParameter): Name = "Manufacturer"; Value = ""; VariantName = "[No Variations]"
Add component (AddParameter): Name = "Operating temperature range"; Value = ""; VariantName = "[No Variations]"
Add component (AddParameter): Name = "Package"; Value = ""; VariantName = "[No Variations]"
Add component (AddParameter): Name = "Part Number"; Value = "PTP 0.4mm"; VariantName = "[No Variations]"
Add component (AddParameter): Name = "Remark"; Value = ""; VariantName = "[No Variations]"
Add component (AddParameter): Name = "Sort order"; Value = "-"; VariantName = "[No Variations]"
Add component (AddParameter): Name = "Source"; Value = ""; VariantName = "[No Variations]"
Add component (AddParameter): Name = "System"; Value = "Test Point"; VariantName = "[No Variations]"
Added Component: Designator=PTP2(PTP_0.4mm)
Add component (AddParameter): Name = "Alternative component"; Value = ""; VariantName = "[No Variations]"
Add component (AddParameter): Name = "ClassName"; Value = "SMALL"; VariantName = "[No Variations]"
Add component (AddParameter): Name = "Component Type"; Value = "Test Point"; VariantName = "[No Variations]"
Add component (AddParameter): Name = "ComponentLink1Description"; Value = "1_Datasheet"; VariantName = "[No Variations]"
Add component (AddParameter): Name = "ComponentLink1URL"; Value = ""; VariantName = "[No Variations]"
Add component (AddParameter): Name = "ComponentLink2Description"; Value = "2_Product page"; VariantName = "[No Variations]"
Add component (AddParameter): Name = "ComponentLink2URL"; Value = ""; VariantName = "[No Variations]"
Add component (AddParameter): Name = "ComponentLink3Description"; Value = "3_X-information"; VariantName = "[No Variations]"
Add component (AddParameter): Name = "ComponentLink3URL"; Value = ""; VariantName = "[No Variations]"
Add component (AddParameter): Name = "ComponentLink4Description"; Value = "4_X-information"; VariantName = "[No Variations]"
Add component (AddParameter): Name = "ComponentLink4URL"; Value = ""; VariantName = "[No Variations]"
Add component (AddParameter): Name = "Creation date"; Value = "20240909"; VariantName = "[No Variations]"
Add component (AddParameter): Name = "Design Item ID"; Value = "PTP_0.4mm"; VariantName = "[No Variations]"
Add component (AddParameter): Name = "Dimensions WxLxH"; Value = ""; VariantName = "[No Variations]"
Add component (AddParameter): Name = "HasBeenBuilt"; Value = "-"; VariantName = "[No Variations]"
Add component (AddParameter): Name = "Manufacturer"; Value = ""; VariantName = "[No Variations]"
Add component (AddParameter): Name = "Operating temperature range"; Value = ""; VariantName = "[No Variations]"
Add component (AddParameter): Name = "Package"; Value = ""; VariantName = "[No Variations]"
Add component (AddParameter): Name = "Part Number"; Value = "PTP 0.4mm"; VariantName = "[No Variations]"
Add component (AddParameter): Name = "Remark"; Value = ""; VariantName = "[No Variations]"
Add component (AddParameter): Name = "Sort order"; Value = "-"; VariantName = "[No Variations]"
Add component (AddParameter): Name = "Source"; Value = ""; VariantName = "[No Variations]"
Add component (AddParameter): Name = "System"; Value = "Test Point"; VariantName = "[No Variations]"
Added Component: Designator=PTP3(PTP_0.4mm)
Add component (AddParameter): Name = "Alternative component"; Value = ""; VariantName = "[No Variations]"
Add component (AddParameter): Name = "ClassName"; Value = "SMALL"; VariantName = "[No Variations]"
Add component (AddParameter): Name = "Component Type"; Value = "Test Point"; VariantName = "[No Variations]"
Add component (AddParameter): Name = "ComponentLink1Description"; Value = "1_Datasheet"; VariantName = "[No Variations]"
Add component (AddParameter): Name = "ComponentLink1URL"; Value = ""; VariantName = "[No Variations]"
Add component (AddParameter): Name = "ComponentLink2Description"; Value = "2_Product page"; VariantName = "[No Variations]"
Add component (AddParameter): Name = "ComponentLink2URL"; Value = ""; VariantName = "[No Variations]"
Add component (AddParameter): Name = "ComponentLink3Description"; Value = "3_X-information"; VariantName = "[No Variations]"
Add component (AddParameter): Name = "ComponentLink3URL"; Value = ""; VariantName = "[No Variations]"
Add component (AddParameter): Name = "ComponentLink4Description"; Value = "4_X-information"; VariantName = "[No Variations]"
Add component (AddParameter): Name = "ComponentLink4URL"; Value = ""; VariantName = "[No Variations]"
Add component (AddParameter): Name = "Creation date"; Value = "20240909"; VariantName = "[No Variations]"
Add component (AddParameter): Name = "Design Item ID"; Value = "PTP_0.4mm"; VariantName = "[No Variations]"
Add component (AddParameter): Name = "Dimensions WxLxH"; Value = ""; VariantName = "[No Variations]"
Add component (AddParameter): Name = "HasBeenBuilt"; Value = "-"; VariantName = "[No Variations]"
Add component (AddParameter): Name = "Manufacturer"; Value = ""; VariantName = "[No Variations]"
Add component (AddParameter): Name = "Operating temperature range"; Value = ""; VariantName = "[No Variations]"
Add component (AddParameter): Name = "Package"; Value = ""; VariantName = "[No Variations]"
Add component (AddParameter): Name = "Part Number"; Value = "PTP 0.4mm"; VariantName = "[No Variations]"
Add component (AddParameter): Name = "Remark"; Value = ""; VariantName = "[No Variations]"
Add component (AddParameter): Name = "Sort order"; Value = "-"; VariantName = "[No Variations]"
Add component (AddParameter): Name = "Source"; Value = ""; VariantName = "[No Variations]"
Add component (AddParameter): Name = "System"; Value = "Test Point"; VariantName = "[No Variations]"
Added Component: Designator=PTP4(PTP_0.4mm)
Add component (AddParameter): Name = "Alternative component"; Value = ""; VariantName = "[No Variations]"
Add component (AddParameter): Name = "ClassName"; Value = "SMALL"; VariantName = "[No Variations]"
Add component (AddParameter): Name = "Component Type"; Value = "Test Point"; VariantName = "[No Variations]"
Add component (AddParameter): Name = "ComponentLink1Description"; Value = "1_Datasheet"; VariantName = "[No Variations]"
Add component (AddParameter): Name = "ComponentLink1URL"; Value = ""; VariantName = "[No Variations]"
Add component (AddParameter): Name = "ComponentLink2Description"; Value = "2_Product page"; VariantName = "[No Variations]"
Add component (AddParameter): Name = "ComponentLink2URL"; Value = ""; VariantName = "[No Variations]"
Add component (AddParameter): Name = "ComponentLink3Description"; Value = "3_X-information"; VariantName = "[No Variations]"
Add component (AddParameter): Name = "ComponentLink3URL"; Value = ""; VariantName = "[No Variations]"
Add component (AddParameter): Name = "ComponentLink4Description"; Value = "4_X-information"; VariantName = "[No Variations]"
Add component (AddParameter): Name = "ComponentLink4URL"; Value = ""; VariantName = "[No Variations]"
Add component (AddParameter): Name = "Creation date"; Value = "20240909"; VariantName = "[No Variations]"
Add component (AddParameter): Name = "Design Item ID"; Value = "PTP_0.4mm"; VariantName = "[No Variations]"
Add component (AddParameter): Name = "Dimensions WxLxH"; Value = ""; VariantName = "[No Variations]"
Add component (AddParameter): Name = "HasBeenBuilt"; Value = "-"; VariantName = "[No Variations]"
Add component (AddParameter): Name = "Manufacturer"; Value = ""; VariantName = "[No Variations]"
Add component (AddParameter): Name = "Operating temperature range"; Value = ""; VariantName = "[No Variations]"
Add component (AddParameter): Name = "Package"; Value = ""; VariantName = "[No Variations]"
Add component (AddParameter): Name = "Part Number"; Value = "PTP 0.4mm"; VariantName = "[No Variations]"
Add component (AddParameter): Name = "Remark"; Value = ""; VariantName = "[No Variations]"
Add component (AddParameter): Name = "Sort order"; Value = "-"; VariantName = "[No Variations]"
Add component (AddParameter): Name = "Source"; Value = ""; VariantName = "[No Variations]"
Add component (AddParameter): Name = "System"; Value = "Test Point"; VariantName = "[No Variations]"
Added Component: Designator=PTP5(PTP_0.4mm)
Add component (AddParameter): Name = "Alternative component"; Value = ""; VariantName = "[No Variations]"
Add component (AddParameter): Name = "ClassName"; Value = "SMALL"; VariantName = "[No Variations]"
Add component (AddParameter): Name = "Component Type"; Value = "Test Point"; VariantName = "[No Variations]"
Add component (AddParameter): Name = "ComponentLink1Description"; Value = "1_Datasheet"; VariantName = "[No Variations]"
Add component (AddParameter): Name = "ComponentLink1URL"; Value = ""; VariantName = "[No Variations]"
Add component (AddParameter): Name = "ComponentLink2Description"; Value = "2_Product page"; VariantName = "[No Variations]"
Add component (AddParameter): Name = "ComponentLink2URL"; Value = ""; VariantName = "[No Variations]"
Add component (AddParameter): Name = "ComponentLink3Description"; Value = "3_X-information"; VariantName = "[No Variations]"
Add component (AddParameter): Name = "ComponentLink3URL"; Value = ""; VariantName = "[No Variations]"
Add component (AddParameter): Name = "ComponentLink4Description"; Value = "4_X-information"; VariantName = "[No Variations]"
Add component (AddParameter): Name = "ComponentLink4URL"; Value = ""; VariantName = "[No Variations]"
Add component (AddParameter): Name = "Creation date"; Value = "20240909"; VariantName = "[No Variations]"
Add component (AddParameter): Name = "Design Item ID"; Value = "PTP_0.4mm"; VariantName = "[No Variations]"
Add component (AddParameter): Name = "Dimensions WxLxH"; Value = ""; VariantName = "[No Variations]"
Add component (AddParameter): Name = "HasBeenBuilt"; Value = "-"; VariantName = "[No Variations]"
Add component (AddParameter): Name = "Manufacturer"; Value = ""; VariantName = "[No Variations]"
Add component (AddParameter): Name = "Operating temperature range"; Value = ""; VariantName = "[No Variations]"
Add component (AddParameter): Name = "Package"; Value = ""; VariantName = "[No Variations]"
Add component (AddParameter): Name = "Part Number"; Value = "PTP 0.4mm"; VariantName = "[No Variations]"
Add component (AddParameter): Name = "Remark"; Value = ""; VariantName = "[No Variations]"
Add component (AddParameter): Name = "Sort order"; Value = "-"; VariantName = "[No Variations]"
Add component (AddParameter): Name = "Source"; Value = ""; VariantName = "[No Variations]"
Add component (AddParameter): Name = "System"; Value = "Test Point"; VariantName = "[No Variations]"
Added Component: Designator=PTP6(PTP_0.4mm)
Add component (AddParameter): Name = "Alternative component"; Value = ""; VariantName = "[No Variations]"
Add component (AddParameter): Name = "ClassName"; Value = "SMALL"; VariantName = "[No Variations]"
Add component (AddParameter): Name = "Component Type"; Value = "Test Point"; VariantName = "[No Variations]"
Add component (AddParameter): Name = "ComponentLink1Description"; Value = "1_Datasheet"; VariantName = "[No Variations]"
Add component (AddParameter): Name = "ComponentLink1URL"; Value = ""; VariantName = "[No Variations]"
Add component (AddParameter): Name = "ComponentLink2Description"; Value = "2_Product page"; VariantName = "[No Variations]"
Add component (AddParameter): Name = "ComponentLink2URL"; Value = ""; VariantName = "[No Variations]"
Add component (AddParameter): Name = "ComponentLink3Description"; Value = "3_X-information"; VariantName = "[No Variations]"
Add component (AddParameter): Name = "ComponentLink3URL"; Value = ""; VariantName = "[No Variations]"
Add component (AddParameter): Name = "ComponentLink4Description"; Value = "4_X-information"; VariantName = "[No Variations]"
Add component (AddParameter): Name = "ComponentLink4URL"; Value = ""; VariantName = "[No Variations]"
Add component (AddParameter): Name = "Creation date"; Value = "20240909"; VariantName = "[No Variations]"
Add component (AddParameter): Name = "Design Item ID"; Value = "PTP_0.4mm"; VariantName = "[No Variations]"
Add component (AddParameter): Name = "Dimensions WxLxH"; Value = ""; VariantName = "[No Variations]"
Add component (AddParameter): Name = "HasBeenBuilt"; Value = "-"; VariantName = "[No Variations]"
Add component (AddParameter): Name = "Manufacturer"; Value = ""; VariantName = "[No Variations]"
Add component (AddParameter): Name = "Operating temperature range"; Value = ""; VariantName = "[No Variations]"
Add component (AddParameter): Name = "Package"; Value = ""; VariantName = "[No Variations]"
Add component (AddParameter): Name = "Part Number"; Value = "PTP 0.4mm"; VariantName = "[No Variations]"
Add component (AddParameter): Name = "Remark"; Value = ""; VariantName = "[No Variations]"
Add component (AddParameter): Name = "Sort order"; Value = "-"; VariantName = "[No Variations]"
Add component (AddParameter): Name = "Source"; Value = ""; VariantName = "[No Variations]"
Add component (AddParameter): Name = "System"; Value = "Test Point"; VariantName = "[No Variations]"
Added Component: Designator=PTP7(PTP_0.4mm)
Add component (AddParameter): Name = "Alternative component"; Value = ""; VariantName = "[No Variations]"
Add component (AddParameter): Name = "ClassName"; Value = "SMALL"; VariantName = "[No Variations]"
Add component (AddParameter): Name = "Component Type"; Value = "Test Point"; VariantName = "[No Variations]"
Add component (AddParameter): Name = "ComponentLink1Description"; Value = "1_Datasheet"; VariantName = "[No Variations]"
Add component (AddParameter): Name = "ComponentLink1URL"; Value = ""; VariantName = "[No Variations]"
Add component (AddParameter): Name = "ComponentLink2Description"; Value = "2_Product page"; VariantName = "[No Variations]"
Add component (AddParameter): Name = "ComponentLink2URL"; Value = ""; VariantName = "[No Variations]"
Add component (AddParameter): Name = "ComponentLink3Description"; Value = "3_X-information"; VariantName = "[No Variations]"
Add component (AddParameter): Name = "ComponentLink3URL"; Value = ""; VariantName = "[No Variations]"
Add component (AddParameter): Name = "ComponentLink4Description"; Value = "4_X-information"; VariantName = "[No Variations]"
Add component (AddParameter): Name = "ComponentLink4URL"; Value = ""; VariantName = "[No Variations]"
Add component (AddParameter): Name = "Creation date"; Value = "20240909"; VariantName = "[No Variations]"
Add component (AddParameter): Name = "Design Item ID"; Value = "PTP_0.4mm"; VariantName = "[No Variations]"
Add component (AddParameter): Name = "Dimensions WxLxH"; Value = ""; VariantName = "[No Variations]"
Add component (AddParameter): Name = "HasBeenBuilt"; Value = "-"; VariantName = "[No Variations]"
Add component (AddParameter): Name = "Manufacturer"; Value = ""; VariantName = "[No Variations]"
Add component (AddParameter): Name = "Operating temperature range"; Value = ""; VariantName = "[No Variations]"
Add component (AddParameter): Name = "Package"; Value = ""; VariantName = "[No Variations]"
Add component (AddParameter): Name = "Part Number"; Value = "PTP 0.4mm"; VariantName = "[No Variations]"
Add component (AddParameter): Name = "Remark"; Value = ""; VariantName = "[No Variations]"
Add component (AddParameter): Name = "Sort order"; Value = "-"; VariantName = "[No Variations]"
Add component (AddParameter): Name = "Source"; Value = ""; VariantName = "[No Variations]"
Add component (AddParameter): Name = "System"; Value = "Test Point"; VariantName = "[No Variations]"
Added Component: Designator=PTP8(PTP_0.4mm)
Add component (AddParameter): Name = "Alternative component"; Value = ""; VariantName = "[No Variations]"
Add component (AddParameter): Name = "ClassName"; Value = "SMALL"; VariantName = "[No Variations]"
Add component (AddParameter): Name = "Component Type"; Value = "Test Point"; VariantName = "[No Variations]"
Add component (AddParameter): Name = "ComponentLink1Description"; Value = "1_Datasheet"; VariantName = "[No Variations]"
Add component (AddParameter): Name = "ComponentLink1URL"; Value = ""; VariantName = "[No Variations]"
Add component (AddParameter): Name = "ComponentLink2Description"; Value = "2_Product page"; VariantName = "[No Variations]"
Add component (AddParameter): Name = "ComponentLink2URL"; Value = ""; VariantName = "[No Variations]"
Add component (AddParameter): Name = "ComponentLink3Description"; Value = "3_X-information"; VariantName = "[No Variations]"
Add component (AddParameter): Name = "ComponentLink3URL"; Value = ""; VariantName = "[No Variations]"
Add component (AddParameter): Name = "ComponentLink4Description"; Value = "4_X-information"; VariantName = "[No Variations]"
Add component (AddParameter): Name = "ComponentLink4URL"; Value = ""; VariantName = "[No Variations]"
Add component (AddParameter): Name = "Creation date"; Value = "20240909"; VariantName = "[No Variations]"
Add component (AddParameter): Name = "Design Item ID"; Value = "PTP_0.4mm"; VariantName = "[No Variations]"
Add component (AddParameter): Name = "Dimensions WxLxH"; Value = ""; VariantName = "[No Variations]"
Add component (AddParameter): Name = "HasBeenBuilt"; Value = "-"; VariantName = "[No Variations]"
Add component (AddParameter): Name = "Manufacturer"; Value = ""; VariantName = "[No Variations]"
Add component (AddParameter): Name = "Operating temperature range"; Value = ""; VariantName = "[No Variations]"
Add component (AddParameter): Name = "Package"; Value = ""; VariantName = "[No Variations]"
Add component (AddParameter): Name = "Part Number"; Value = "PTP 0.4mm"; VariantName = "[No Variations]"
Add component (AddParameter): Name = "Remark"; Value = ""; VariantName = "[No Variations]"
Add component (AddParameter): Name = "Sort order"; Value = "-"; VariantName = "[No Variations]"
Add component (AddParameter): Name = "Source"; Value = ""; VariantName = "[No Variations]"
Add component (AddParameter): Name = "System"; Value = "Test Point"; VariantName = "[No Variations]"
Added Component: Designator=PTP9(PTP_0.4mm)
Add component (AddParameter): Name = "Alternative component"; Value = ""; VariantName = "[No Variations]"
Add component (AddParameter): Name = "ClassName"; Value = "SMALL"; VariantName = "[No Variations]"
Add component (AddParameter): Name = "Component Type"; Value = "Test Point"; VariantName = "[No Variations]"
Add component (AddParameter): Name = "ComponentLink1Description"; Value = "1_Datasheet"; VariantName = "[No Variations]"
Add component (AddParameter): Name = "ComponentLink1URL"; Value = ""; VariantName = "[No Variations]"
Add component (AddParameter): Name = "ComponentLink2Description"; Value = "2_Product page"; VariantName = "[No Variations]"
Add component (AddParameter): Name = "ComponentLink2URL"; Value = ""; VariantName = "[No Variations]"
Add component (AddParameter): Name = "ComponentLink3Description"; Value = "3_X-information"; VariantName = "[No Variations]"
Add component (AddParameter): Name = "ComponentLink3URL"; Value = ""; VariantName = "[No Variations]"
Add component (AddParameter): Name = "ComponentLink4Description"; Value = "4_X-information"; VariantName = "[No Variations]"
Add component (AddParameter): Name = "ComponentLink4URL"; Value = ""; VariantName = "[No Variations]"
Add component (AddParameter): Name = "Creation date"; Value = "20240909"; VariantName = "[No Variations]"
Add component (AddParameter): Name = "Design Item ID"; Value = "PTP_0.4mm"; VariantName = "[No Variations]"
Add component (AddParameter): Name = "Dimensions WxLxH"; Value = ""; VariantName = "[No Variations]"
Add component (AddParameter): Name = "HasBeenBuilt"; Value = "-"; VariantName = "[No Variations]"
Add component (AddParameter): Name = "Manufacturer"; Value = ""; VariantName = "[No Variations]"
Add component (AddParameter): Name = "Operating temperature range"; Value = ""; VariantName = "[No Variations]"
Add component (AddParameter): Name = "Package"; Value = ""; VariantName = "[No Variations]"
Add component (AddParameter): Name = "Part Number"; Value = "PTP 0.4mm"; VariantName = "[No Variations]"
Add component (AddParameter): Name = "Remark"; Value = ""; VariantName = "[No Variations]"
Add component (AddParameter): Name = "Sort order"; Value = "-"; VariantName = "[No Variations]"
Add component (AddParameter): Name = "Source"; Value = ""; VariantName = "[No Variations]"
Add component (AddParameter): Name = "System"; Value = "Test Point"; VariantName = "[No Variations]"
Added Component: Designator=PTP10(PTP_0.4mm)
Add component (AddParameter): Name = "Alternative component"; Value = ""; VariantName = "[No Variations]"
Add component (AddParameter): Name = "ClassName"; Value = "SMALL"; VariantName = "[No Variations]"
Add component (AddParameter): Name = "Component Type"; Value = "Test Point"; VariantName = "[No Variations]"
Add component (AddParameter): Name = "ComponentLink1Description"; Value = "1_Datasheet"; VariantName = "[No Variations]"
Add component (AddParameter): Name = "ComponentLink1URL"; Value = ""; VariantName = "[No Variations]"
Add component (AddParameter): Name = "ComponentLink2Description"; Value = "2_Product page"; VariantName = "[No Variations]"
Add component (AddParameter): Name = "ComponentLink2URL"; Value = ""; VariantName = "[No Variations]"
Add component (AddParameter): Name = "ComponentLink3Description"; Value = "3_X-information"; VariantName = "[No Variations]"
Add component (AddParameter): Name = "ComponentLink3URL"; Value = ""; VariantName = "[No Variations]"
Add component (AddParameter): Name = "ComponentLink4Description"; Value = "4_X-information"; VariantName = "[No Variations]"
Add component (AddParameter): Name = "ComponentLink4URL"; Value = ""; VariantName = "[No Variations]"
Add component (AddParameter): Name = "Creation date"; Value = "20240909"; VariantName = "[No Variations]"
Add component (AddParameter): Name = "Design Item ID"; Value = "PTP_0.4mm"; VariantName = "[No Variations]"
Add component (AddParameter): Name = "Dimensions WxLxH"; Value = ""; VariantName = "[No Variations]"
Add component (AddParameter): Name = "HasBeenBuilt"; Value = "-"; VariantName = "[No Variations]"
Add component (AddParameter): Name = "Manufacturer"; Value = ""; VariantName = "[No Variations]"
Add component (AddParameter): Name = "Operating temperature range"; Value = ""; VariantName = "[No Variations]"
Add component (AddParameter): Name = "Package"; Value = ""; VariantName = "[No Variations]"
Add component (AddParameter): Name = "Part Number"; Value = "PTP 0.4mm"; VariantName = "[No Variations]"
Add component (AddParameter): Name = "Remark"; Value = ""; VariantName = "[No Variations]"
Add component (AddParameter): Name = "Sort order"; Value = "-"; VariantName = "[No Variations]"
Add component (AddParameter): Name = "Source"; Value = ""; VariantName = "[No Variations]"
Add component (AddParameter): Name = "System"; Value = "Test Point"; VariantName = "[No Variations]"
Added Component: Designator=PTP11(PTP_0.4mm)
Add component (AddParameter): Name = "Alternative component"; Value = ""; VariantName = "[No Variations]"
Add component (AddParameter): Name = "ClassName"; Value = "SMALL"; VariantName = "[No Variations]"
Add component (AddParameter): Name = "Component Type"; Value = "Test Point"; VariantName = "[No Variations]"
Add component (AddParameter): Name = "ComponentLink1Description"; Value = "1_Datasheet"; VariantName = "[No Variations]"
Add component (AddParameter): Name = "ComponentLink1URL"; Value = ""; VariantName = "[No Variations]"
Add component (AddParameter): Name = "ComponentLink2Description"; Value = "2_Product page"; VariantName = "[No Variations]"
Add component (AddParameter): Name = "ComponentLink2URL"; Value = ""; VariantName = "[No Variations]"
Add component (AddParameter): Name = "ComponentLink3Description"; Value = "3_X-information"; VariantName = "[No Variations]"
Add component (AddParameter): Name = "ComponentLink3URL"; Value = ""; VariantName = "[No Variations]"
Add component (AddParameter): Name = "ComponentLink4Description"; Value = "4_X-information"; VariantName = "[No Variations]"
Add component (AddParameter): Name = "ComponentLink4URL"; Value = ""; VariantName = "[No Variations]"
Add component (AddParameter): Name = "Creation date"; Value = "20240909"; VariantName = "[No Variations]"
Add component (AddParameter): Name = "Design Item ID"; Value = "PTP_0.4mm"; VariantName = "[No Variations]"
Add component (AddParameter): Name = "Dimensions WxLxH"; Value = ""; VariantName = "[No Variations]"
Add component (AddParameter): Name = "HasBeenBuilt"; Value = "-"; VariantName = "[No Variations]"
Add component (AddParameter): Name = "Manufacturer"; Value = ""; VariantName = "[No Variations]"
Add component (AddParameter): Name = "Operating temperature range"; Value = ""; VariantName = "[No Variations]"
Add component (AddParameter): Name = "Package"; Value = ""; VariantName = "[No Variations]"
Add component (AddParameter): Name = "Part Number"; Value = "PTP 0.4mm"; VariantName = "[No Variations]"
Add component (AddParameter): Name = "Remark"; Value = ""; VariantName = "[No Variations]"
Add component (AddParameter): Name = "Sort order"; Value = "-"; VariantName = "[No Variations]"
Add component (AddParameter): Name = "Source"; Value = ""; VariantName = "[No Variations]"
Add component (AddParameter): Name = "System"; Value = "Test Point"; VariantName = "[No Variations]"
Added Component: Designator=PTP12(PTP_0.4mm)
Add component (AddParameter): Name = "Alternative component"; Value = ""; VariantName = "[No Variations]"
Add component (AddParameter): Name = "ClassName"; Value = "SMALL"; VariantName = "[No Variations]"
Add component (AddParameter): Name = "Component Type"; Value = "Test Point"; VariantName = "[No Variations]"
Add component (AddParameter): Name = "ComponentLink1Description"; Value = "1_Datasheet"; VariantName = "[No Variations]"
Add component (AddParameter): Name = "ComponentLink1URL"; Value = ""; VariantName = "[No Variations]"
Add component (AddParameter): Name = "ComponentLink2Description"; Value = "2_Product page"; VariantName = "[No Variations]"
Add component (AddParameter): Name = "ComponentLink2URL"; Value = ""; VariantName = "[No Variations]"
Add component (AddParameter): Name = "ComponentLink3Description"; Value = "3_X-information"; VariantName = "[No Variations]"
Add component (AddParameter): Name = "ComponentLink3URL"; Value = ""; VariantName = "[No Variations]"
Add component (AddParameter): Name = "ComponentLink4Description"; Value = "4_X-information"; VariantName = "[No Variations]"
Add component (AddParameter): Name = "ComponentLink4URL"; Value = ""; VariantName = "[No Variations]"
Add component (AddParameter): Name = "Creation date"; Value = "20240909"; VariantName = "[No Variations]"
Add component (AddParameter): Name = "Design Item ID"; Value = "PTP_0.4mm"; VariantName = "[No Variations]"
Add component (AddParameter): Name = "Dimensions WxLxH"; Value = ""; VariantName = "[No Variations]"
Add component (AddParameter): Name = "HasBeenBuilt"; Value = "-"; VariantName = "[No Variations]"
Add component (AddParameter): Name = "Manufacturer"; Value = ""; VariantName = "[No Variations]"
Add component (AddParameter): Name = "Operating temperature range"; Value = ""; VariantName = "[No Variations]"
Add component (AddParameter): Name = "Package"; Value = ""; VariantName = "[No Variations]"
Add component (AddParameter): Name = "Part Number"; Value = "PTP 0.4mm"; VariantName = "[No Variations]"
Add component (AddParameter): Name = "Remark"; Value = ""; VariantName = "[No Variations]"
Add component (AddParameter): Name = "Sort order"; Value = "-"; VariantName = "[No Variations]"
Add component (AddParameter): Name = "Source"; Value = ""; VariantName = "[No Variations]"
Add component (AddParameter): Name = "System"; Value = "Test Point"; VariantName = "[No Variations]"
Added Component: Designator=PTP13(PTP_0.4mm)
Add component (AddParameter): Name = "Alternative component"; Value = ""; VariantName = "[No Variations]"
Add component (AddParameter): Name = "ClassName"; Value = "SMALL"; VariantName = "[No Variations]"
Add component (AddParameter): Name = "Component Type"; Value = "Test Point"; VariantName = "[No Variations]"
Add component (AddParameter): Name = "ComponentLink1Description"; Value = "1_Datasheet"; VariantName = "[No Variations]"
Add component (AddParameter): Name = "ComponentLink1URL"; Value = ""; VariantName = "[No Variations]"
Add component (AddParameter): Name = "ComponentLink2Description"; Value = "2_Product page"; VariantName = "[No Variations]"
Add component (AddParameter): Name = "ComponentLink2URL"; Value = ""; VariantName = "[No Variations]"
Add component (AddParameter): Name = "ComponentLink3Description"; Value = "3_X-information"; VariantName = "[No Variations]"
Add component (AddParameter): Name = "ComponentLink3URL"; Value = ""; VariantName = "[No Variations]"
Add component (AddParameter): Name = "ComponentLink4Description"; Value = "4_X-information"; VariantName = "[No Variations]"
Add component (AddParameter): Name = "ComponentLink4URL"; Value = ""; VariantName = "[No Variations]"
Add component (AddParameter): Name = "Creation date"; Value = "20240909"; VariantName = "[No Variations]"
Add component (AddParameter): Name = "Design Item ID"; Value = "PTP_0.4mm"; VariantName = "[No Variations]"
Add component (AddParameter): Name = "Dimensions WxLxH"; Value = ""; VariantName = "[No Variations]"
Add component (AddParameter): Name = "HasBeenBuilt"; Value = "-"; VariantName = "[No Variations]"
Add component (AddParameter): Name = "Manufacturer"; Value = ""; VariantName = "[No Variations]"
Add component (AddParameter): Name = "Operating temperature range"; Value = ""; VariantName = "[No Variations]"
Add component (AddParameter): Name = "Package"; Value = ""; VariantName = "[No Variations]"
Add component (AddParameter): Name = "Part Number"; Value = "PTP 0.4mm"; VariantName = "[No Variations]"
Add component (AddParameter): Name = "Remark"; Value = ""; VariantName = "[No Variations]"
Add component (AddParameter): Name = "Sort order"; Value = "-"; VariantName = "[No Variations]"
Add component (AddParameter): Name = "Source"; Value = ""; VariantName = "[No Variations]"
Add component (AddParameter): Name = "System"; Value = "Test Point"; VariantName = "[No Variations]"
Added Component: Designator=PTP14(PTP_0.4mm)
Add component (AddParameter): Name = "Alternative component"; Value = ""; VariantName = "[No Variations]"
Add component (AddParameter): Name = "ClassName"; Value = "SMALL"; VariantName = "[No Variations]"
Add component (AddParameter): Name = "Component Type"; Value = "Test Point"; VariantName = "[No Variations]"
Add component (AddParameter): Name = "ComponentLink1Description"; Value = "1_Datasheet"; VariantName = "[No Variations]"
Add component (AddParameter): Name = "ComponentLink1URL"; Value = ""; VariantName = "[No Variations]"
Add component (AddParameter): Name = "ComponentLink2Description"; Value = "2_Product page"; VariantName = "[No Variations]"
Add component (AddParameter): Name = "ComponentLink2URL"; Value = ""; VariantName = "[No Variations]"
Add component (AddParameter): Name = "ComponentLink3Description"; Value = "3_X-information"; VariantName = "[No Variations]"
Add component (AddParameter): Name = "ComponentLink3URL"; Value = ""; VariantName = "[No Variations]"
Add component (AddParameter): Name = "ComponentLink4Description"; Value = "4_X-information"; VariantName = "[No Variations]"
Add component (AddParameter): Name = "ComponentLink4URL"; Value = ""; VariantName = "[No Variations]"
Add component (AddParameter): Name = "Creation date"; Value = "20240909"; VariantName = "[No Variations]"
Add component (AddParameter): Name = "Design Item ID"; Value = "PTP_0.4mm"; VariantName = "[No Variations]"
Add component (AddParameter): Name = "Dimensions WxLxH"; Value = ""; VariantName = "[No Variations]"
Add component (AddParameter): Name = "HasBeenBuilt"; Value = "-"; VariantName = "[No Variations]"
Add component (AddParameter): Name = "Manufacturer"; Value = ""; VariantName = "[No Variations]"
Add component (AddParameter): Name = "Operating temperature range"; Value = ""; VariantName = "[No Variations]"
Add component (AddParameter): Name = "Package"; Value = ""; VariantName = "[No Variations]"
Add component (AddParameter): Name = "Part Number"; Value = "PTP 0.4mm"; VariantName = "[No Variations]"
Add component (AddParameter): Name = "Remark"; Value = ""; VariantName = "[No Variations]"
Add component (AddParameter): Name = "Sort order"; Value = "-"; VariantName = "[No Variations]"
Add component (AddParameter): Name = "Source"; Value = ""; VariantName = "[No Variations]"
Add component (AddParameter): Name = "System"; Value = "Test Point"; VariantName = "[No Variations]"
Added Component: Designator=PTP15(PTP_0.4mm)
Add component (AddParameter): Name = "Alternative component"; Value = ""; VariantName = "[No Variations]"
Add component (AddParameter): Name = "ClassName"; Value = "SMALL"; VariantName = "[No Variations]"
Add component (AddParameter): Name = "Component Type"; Value = "Test Point"; VariantName = "[No Variations]"
Add component (AddParameter): Name = "ComponentLink1Description"; Value = "1_Datasheet"; VariantName = "[No Variations]"
Add component (AddParameter): Name = "ComponentLink1URL"; Value = ""; VariantName = "[No Variations]"
Add component (AddParameter): Name = "ComponentLink2Description"; Value = "2_Product page"; VariantName = "[No Variations]"
Add component (AddParameter): Name = "ComponentLink2URL"; Value = ""; VariantName = "[No Variations]"
Add component (AddParameter): Name = "ComponentLink3Description"; Value = "3_X-information"; VariantName = "[No Variations]"
Add component (AddParameter): Name = "ComponentLink3URL"; Value = ""; VariantName = "[No Variations]"
Add component (AddParameter): Name = "ComponentLink4Description"; Value = "4_X-information"; VariantName = "[No Variations]"
Add component (AddParameter): Name = "ComponentLink4URL"; Value = ""; VariantName = "[No Variations]"
Add component (AddParameter): Name = "Creation date"; Value = "20240909"; VariantName = "[No Variations]"
Add component (AddParameter): Name = "Design Item ID"; Value = "PTP_0.4mm"; VariantName = "[No Variations]"
Add component (AddParameter): Name = "Dimensions WxLxH"; Value = ""; VariantName = "[No Variations]"
Add component (AddParameter): Name = "HasBeenBuilt"; Value = "-"; VariantName = "[No Variations]"
Add component (AddParameter): Name = "Manufacturer"; Value = ""; VariantName = "[No Variations]"
Add component (AddParameter): Name = "Operating temperature range"; Value = ""; VariantName = "[No Variations]"
Add component (AddParameter): Name = "Package"; Value = ""; VariantName = "[No Variations]"
Add component (AddParameter): Name = "Part Number"; Value = "PTP 0.4mm"; VariantName = "[No Variations]"
Add component (AddParameter): Name = "Remark"; Value = ""; VariantName = "[No Variations]"
Add component (AddParameter): Name = "Sort order"; Value = "-"; VariantName = "[No Variations]"
Add component (AddParameter): Name = "Source"; Value = ""; VariantName = "[No Variations]"
Add component (AddParameter): Name = "System"; Value = "Test Point"; VariantName = "[No Variations]"
Added Component: Designator=PTP16(PTP_0.4mm)
Add component (AddParameter): Name = "Alternative component"; Value = ""; VariantName = "[No Variations]"
Add component (AddParameter): Name = "ClassName"; Value = "SMALL"; VariantName = "[No Variations]"
Add component (AddParameter): Name = "Component Type"; Value = "Test Point"; VariantName = "[No Variations]"
Add component (AddParameter): Name = "ComponentLink1Description"; Value = "1_Datasheet"; VariantName = "[No Variations]"
Add component (AddParameter): Name = "ComponentLink1URL"; Value = ""; VariantName = "[No Variations]"
Add component (AddParameter): Name = "ComponentLink2Description"; Value = "2_Product page"; VariantName = "[No Variations]"
Add component (AddParameter): Name = "ComponentLink2URL"; Value = ""; VariantName = "[No Variations]"
Add component (AddParameter): Name = "ComponentLink3Description"; Value = "3_X-information"; VariantName = "[No Variations]"
Add component (AddParameter): Name = "ComponentLink3URL"; Value = ""; VariantName = "[No Variations]"
Add component (AddParameter): Name = "ComponentLink4Description"; Value = "4_X-information"; VariantName = "[No Variations]"
Add component (AddParameter): Name = "ComponentLink4URL"; Value = ""; VariantName = "[No Variations]"
Add component (AddParameter): Name = "Creation date"; Value = "20240909"; VariantName = "[No Variations]"
Add component (AddParameter): Name = "Design Item ID"; Value = "PTP_0.4mm"; VariantName = "[No Variations]"
Add component (AddParameter): Name = "Dimensions WxLxH"; Value = ""; VariantName = "[No Variations]"
Add component (AddParameter): Name = "HasBeenBuilt"; Value = "-"; VariantName = "[No Variations]"
Add component (AddParameter): Name = "Manufacturer"; Value = ""; VariantName = "[No Variations]"
Add component (AddParameter): Name = "Operating temperature range"; Value = ""; VariantName = "[No Variations]"
Add component (AddParameter): Name = "Package"; Value = ""; VariantName = "[No Variations]"
Add component (AddParameter): Name = "Part Number"; Value = "PTP 0.4mm"; VariantName = "[No Variations]"
Add component (AddParameter): Name = "Remark"; Value = ""; VariantName = "[No Variations]"
Add component (AddParameter): Name = "Sort order"; Value = "-"; VariantName = "[No Variations]"
Add component (AddParameter): Name = "Source"; Value = ""; VariantName = "[No Variations]"
Add component (AddParameter): Name = "System"; Value = "Test Point"; VariantName = "[No Variations]"
Added Component: Designator=PTP17(PTP_0.4mm)
Add component (AddParameter): Name = "Alternative component"; Value = ""; VariantName = "[No Variations]"
Add component (AddParameter): Name = "ClassName"; Value = "SMALL"; VariantName = "[No Variations]"
Add component (AddParameter): Name = "Component Type"; Value = "Test Point"; VariantName = "[No Variations]"
Add component (AddParameter): Name = "ComponentLink1Description"; Value = "1_Datasheet"; VariantName = "[No Variations]"
Add component (AddParameter): Name = "ComponentLink1URL"; Value = ""; VariantName = "[No Variations]"
Add component (AddParameter): Name = "ComponentLink2Description"; Value = "2_Product page"; VariantName = "[No Variations]"
Add component (AddParameter): Name = "ComponentLink2URL"; Value = ""; VariantName = "[No Variations]"
Add component (AddParameter): Name = "ComponentLink3Description"; Value = "3_X-information"; VariantName = "[No Variations]"
Add component (AddParameter): Name = "ComponentLink3URL"; Value = ""; VariantName = "[No Variations]"
Add component (AddParameter): Name = "ComponentLink4Description"; Value = "4_X-information"; VariantName = "[No Variations]"
Add component (AddParameter): Name = "ComponentLink4URL"; Value = ""; VariantName = "[No Variations]"
Add component (AddParameter): Name = "Creation date"; Value = "20240909"; VariantName = "[No Variations]"
Add component (AddParameter): Name = "Design Item ID"; Value = "PTP_0.4mm"; VariantName = "[No Variations]"
Add component (AddParameter): Name = "Dimensions WxLxH"; Value = ""; VariantName = "[No Variations]"
Add component (AddParameter): Name = "HasBeenBuilt"; Value = "-"; VariantName = "[No Variations]"
Add component (AddParameter): Name = "Manufacturer"; Value = ""; VariantName = "[No Variations]"
Add component (AddParameter): Name = "Operating temperature range"; Value = ""; VariantName = "[No Variations]"
Add component (AddParameter): Name = "Package"; Value = ""; VariantName = "[No Variations]"
Add component (AddParameter): Name = "Part Number"; Value = "PTP 0.4mm"; VariantName = "[No Variations]"
Add component (AddParameter): Name = "Remark"; Value = ""; VariantName = "[No Variations]"
Add component (AddParameter): Name = "Sort order"; Value = "-"; VariantName = "[No Variations]"
Add component (AddParameter): Name = "Source"; Value = ""; VariantName = "[No Variations]"
Add component (AddParameter): Name = "System"; Value = "Test Point"; VariantName = "[No Variations]"
Added Component: Designator=PTP18(PTP_0.4mm)
Add component (AddParameter): Name = "Alternative component"; Value = ""; VariantName = "[No Variations]"
Add component (AddParameter): Name = "ClassName"; Value = "SMALL"; VariantName = "[No Variations]"
Add component (AddParameter): Name = "Component Type"; Value = "Test Point"; VariantName = "[No Variations]"
Add component (AddParameter): Name = "ComponentLink1Description"; Value = "1_Datasheet"; VariantName = "[No Variations]"
Add component (AddParameter): Name = "ComponentLink1URL"; Value = ""; VariantName = "[No Variations]"
Add component (AddParameter): Name = "ComponentLink2Description"; Value = "2_Product page"; VariantName = "[No Variations]"
Add component (AddParameter): Name = "ComponentLink2URL"; Value = ""; VariantName = "[No Variations]"
Add component (AddParameter): Name = "ComponentLink3Description"; Value = "3_X-information"; VariantName = "[No Variations]"
Add component (AddParameter): Name = "ComponentLink3URL"; Value = ""; VariantName = "[No Variations]"
Add component (AddParameter): Name = "ComponentLink4Description"; Value = "4_X-information"; VariantName = "[No Variations]"
Add component (AddParameter): Name = "ComponentLink4URL"; Value = ""; VariantName = "[No Variations]"
Add component (AddParameter): Name = "Creation date"; Value = "20240909"; VariantName = "[No Variations]"
Add component (AddParameter): Name = "Design Item ID"; Value = "PTP_0.4mm"; VariantName = "[No Variations]"
Add component (AddParameter): Name = "Dimensions WxLxH"; Value = ""; VariantName = "[No Variations]"
Add component (AddParameter): Name = "HasBeenBuilt"; Value = "-"; VariantName = "[No Variations]"
Add component (AddParameter): Name = "Manufacturer"; Value = ""; VariantName = "[No Variations]"
Add component (AddParameter): Name = "Operating temperature range"; Value = ""; VariantName = "[No Variations]"
Add component (AddParameter): Name = "Package"; Value = ""; VariantName = "[No Variations]"
Add component (AddParameter): Name = "Part Number"; Value = "PTP 0.4mm"; VariantName = "[No Variations]"
Add component (AddParameter): Name = "Remark"; Value = ""; VariantName = "[No Variations]"
Add component (AddParameter): Name = "Sort order"; Value = "-"; VariantName = "[No Variations]"
Add component (AddParameter): Name = "Source"; Value = ""; VariantName = "[No Variations]"
Add component (AddParameter): Name = "System"; Value = "Test Point"; VariantName = "[No Variations]"
Added Component: Designator=PTP19(PTP_0.4mm)
Add component (AddParameter): Name = "Alternative component"; Value = ""; VariantName = "[No Variations]"
Add component (AddParameter): Name = "ClassName"; Value = "SMALL"; VariantName = "[No Variations]"
Add component (AddParameter): Name = "Component Type"; Value = "Test Point"; VariantName = "[No Variations]"
Add component (AddParameter): Name = "ComponentLink1Description"; Value = "1_Datasheet"; VariantName = "[No Variations]"
Add component (AddParameter): Name = "ComponentLink1URL"; Value = ""; VariantName = "[No Variations]"
Add component (AddParameter): Name = "ComponentLink2Description"; Value = "2_Product page"; VariantName = "[No Variations]"
Add component (AddParameter): Name = "ComponentLink2URL"; Value = ""; VariantName = "[No Variations]"
Add component (AddParameter): Name = "ComponentLink3Description"; Value = "3_X-information"; VariantName = "[No Variations]"
Add component (AddParameter): Name = "ComponentLink3URL"; Value = ""; VariantName = "[No Variations]"
Add component (AddParameter): Name = "ComponentLink4Description"; Value = "4_X-information"; VariantName = "[No Variations]"
Add component (AddParameter): Name = "ComponentLink4URL"; Value = ""; VariantName = "[No Variations]"
Add component (AddParameter): Name = "Creation date"; Value = "20240909"; VariantName = "[No Variations]"
Add component (AddParameter): Name = "Design Item ID"; Value = "PTP_0.4mm"; VariantName = "[No Variations]"
Add component (AddParameter): Name = "Dimensions WxLxH"; Value = ""; VariantName = "[No Variations]"
Add component (AddParameter): Name = "HasBeenBuilt"; Value = "-"; VariantName = "[No Variations]"
Add component (AddParameter): Name = "Manufacturer"; Value = ""; VariantName = "[No Variations]"
Add component (AddParameter): Name = "Operating temperature range"; Value = ""; VariantName = "[No Variations]"
Add component (AddParameter): Name = "Package"; Value = ""; VariantName = "[No Variations]"
Add component (AddParameter): Name = "Part Number"; Value = "PTP 0.4mm"; VariantName = "[No Variations]"
Add component (AddParameter): Name = "Remark"; Value = ""; VariantName = "[No Variations]"
Add component (AddParameter): Name = "Sort order"; Value = "-"; VariantName = "[No Variations]"
Add component (AddParameter): Name = "Source"; Value = ""; VariantName = "[No Variations]"
Add component (AddParameter): Name = "System"; Value = "Test Point"; VariantName = "[No Variations]"
Add component: Footprint Not Found PTP_0.4mm
Add component: Footprint Not Found PTP_0.4mm
Added Component: Designator=PTP22(PTP_0.4mm)
Add component (AddParameter): Name = "Alternative component"; Value = ""; VariantName = "[No Variations]"
Add component (AddParameter): Name = "ClassName"; Value = "SMALL"; VariantName = "[No Variations]"
Add component (AddParameter): Name = "Component Type"; Value = "Test Point"; VariantName = "[No Variations]"
Add component (AddParameter): Name = "ComponentLink1Description"; Value = "1_Datasheet"; VariantName = "[No Variations]"
Add component (AddParameter): Name = "ComponentLink1URL"; Value = ""; VariantName = "[No Variations]"
Add component (AddParameter): Name = "ComponentLink2Description"; Value = "2_Product page"; VariantName = "[No Variations]"
Add component (AddParameter): Name = "ComponentLink2URL"; Value = ""; VariantName = "[No Variations]"
Add component (AddParameter): Name = "ComponentLink3Description"; Value = "3_X-information"; VariantName = "[No Variations]"
Add component (AddParameter): Name = "ComponentLink3URL"; Value = ""; VariantName = "[No Variations]"
Add component (AddParameter): Name = "ComponentLink4Description"; Value = "4_X-information"; VariantName = "[No Variations]"
Add component (AddParameter): Name = "ComponentLink4URL"; Value = ""; VariantName = "[No Variations]"
Add component (AddParameter): Name = "Creation date"; Value = "20240909"; VariantName = "[No Variations]"
Add component (AddParameter): Name = "Design Item ID"; Value = "PTP_0.4mm"; VariantName = "[No Variations]"
Add component (AddParameter): Name = "Dimensions WxLxH"; Value = ""; VariantName = "[No Variations]"
Add component (AddParameter): Name = "HasBeenBuilt"; Value = "-"; VariantName = "[No Variations]"
Add component (AddParameter): Name = "Manufacturer"; Value = ""; VariantName = "[No Variations]"
Add component (AddParameter): Name = "Operating temperature range"; Value = ""; VariantName = "[No Variations]"
Add component (AddParameter): Name = "Package"; Value = ""; VariantName = "[No Variations]"
Add component (AddParameter): Name = "Part Number"; Value = "PTP 0.4mm"; VariantName = "[No Variations]"
Add component (AddParameter): Name = "Remark"; Value = ""; VariantName = "[No Variations]"
Add component (AddParameter): Name = "Sort order"; Value = "-"; VariantName = "[No Variations]"
Add component (AddParameter): Name = "Source"; Value = ""; VariantName = "[No Variations]"
Add component (AddParameter): Name = "System"; Value = "Test Point"; VariantName = "[No Variations]"
Added Component: Designator=PTP23(PTP_0.4mm)
Add component (AddParameter): Name = "Alternative component"; Value = ""; VariantName = "[No Variations]"
Add component (AddParameter): Name = "ClassName"; Value = "SMALL"; VariantName = "[No Variations]"
Add component (AddParameter): Name = "Component Type"; Value = "Test Point"; VariantName = "[No Variations]"
Add component (AddParameter): Name = "ComponentLink1Description"; Value = "1_Datasheet"; VariantName = "[No Variations]"
Add component (AddParameter): Name = "ComponentLink1URL"; Value = ""; VariantName = "[No Variations]"
Add component (AddParameter): Name = "ComponentLink2Description"; Value = "2_Product page"; VariantName = "[No Variations]"
Add component (AddParameter): Name = "ComponentLink2URL"; Value = ""; VariantName = "[No Variations]"
Add component (AddParameter): Name = "ComponentLink3Description"; Value = "3_X-information"; VariantName = "[No Variations]"
Add component (AddParameter): Name = "ComponentLink3URL"; Value = ""; VariantName = "[No Variations]"
Add component (AddParameter): Name = "ComponentLink4Description"; Value = "4_X-information"; VariantName = "[No Variations]"
Add component (AddParameter): Name = "ComponentLink4URL"; Value = ""; VariantName = "[No Variations]"
Add component (AddParameter): Name = "Creation date"; Value = "20240909"; VariantName = "[No Variations]"
Add component (AddParameter): Name = "Design Item ID"; Value = "PTP_0.4mm"; VariantName = "[No Variations]"
Add component (AddParameter): Name = "Dimensions WxLxH"; Value = ""; VariantName = "[No Variations]"
Add component (AddParameter): Name = "HasBeenBuilt"; Value = "-"; VariantName = "[No Variations]"
Add component (AddParameter): Name = "Manufacturer"; Value = ""; VariantName = "[No Variations]"
Add component (AddParameter): Name = "Operating temperature range"; Value = ""; VariantName = "[No Variations]"
Add component (AddParameter): Name = "Package"; Value = ""; VariantName = "[No Variations]"
Add component (AddParameter): Name = "Part Number"; Value = "PTP 0.4mm"; VariantName = "[No Variations]"
Add component (AddParameter): Name = "Remark"; Value = ""; VariantName = "[No Variations]"
Add component (AddParameter): Name = "Sort order"; Value = "-"; VariantName = "[No Variations]"
Add component (AddParameter): Name = "Source"; Value = ""; VariantName = "[No Variations]"
Add component (AddParameter): Name = "System"; Value = "Test Point"; VariantName = "[No Variations]"
Added Component: Designator=PTP24(PTP_0.4mm)
Add component (AddParameter): Name = "Alternative component"; Value = ""; VariantName = "[No Variations]"
Add component (AddParameter): Name = "ClassName"; Value = "SMALL"; VariantName = "[No Variations]"
Add component (AddParameter): Name = "Component Type"; Value = "Test Point"; VariantName = "[No Variations]"
Add component (AddParameter): Name = "ComponentLink1Description"; Value = "1_Datasheet"; VariantName = "[No Variations]"
Add component (AddParameter): Name = "ComponentLink1URL"; Value = ""; VariantName = "[No Variations]"
Add component (AddParameter): Name = "ComponentLink2Description"; Value = "2_Product page"; VariantName = "[No Variations]"
Add component (AddParameter): Name = "ComponentLink2URL"; Value = ""; VariantName = "[No Variations]"
Add component (AddParameter): Name = "ComponentLink3Description"; Value = "3_X-information"; VariantName = "[No Variations]"
Add component (AddParameter): Name = "ComponentLink3URL"; Value = ""; VariantName = "[No Variations]"
Add component (AddParameter): Name = "ComponentLink4Description"; Value = "4_X-information"; VariantName = "[No Variations]"
Add component (AddParameter): Name = "ComponentLink4URL"; Value = ""; VariantName = "[No Variations]"
Add component (AddParameter): Name = "Creation date"; Value = "20240909"; VariantName = "[No Variations]"
Add component (AddParameter): Name = "Design Item ID"; Value = "PTP_0.4mm"; VariantName = "[No Variations]"
Add component (AddParameter): Name = "Dimensions WxLxH"; Value = ""; VariantName = "[No Variations]"
Add component (AddParameter): Name = "HasBeenBuilt"; Value = "-"; VariantName = "[No Variations]"
Add component (AddParameter): Name = "Manufacturer"; Value = ""; VariantName = "[No Variations]"
Add component (AddParameter): Name = "Operating temperature range"; Value = ""; VariantName = "[No Variations]"
Add component (AddParameter): Name = "Package"; Value = ""; VariantName = "[No Variations]"
Add component (AddParameter): Name = "Part Number"; Value = "PTP 0.4mm"; VariantName = "[No Variations]"
Add component (AddParameter): Name = "Remark"; Value = ""; VariantName = "[No Variations]"
Add component (AddParameter): Name = "Sort order"; Value = "-"; VariantName = "[No Variations]"
Add component (AddParameter): Name = "Source"; Value = ""; VariantName = "[No Variations]"
Add component (AddParameter): Name = "System"; Value = "Test Point"; VariantName = "[No Variations]"
Added Component: Designator=PTP25(PTP_0.4mm)
Add component (AddParameter): Name = "Alternative component"; Value = ""; VariantName = "[No Variations]"
Add component (AddParameter): Name = "ClassName"; Value = "SMALL"; VariantName = "[No Variations]"
Add component (AddParameter): Name = "Component Type"; Value = "Test Point"; VariantName = "[No Variations]"
Add component (AddParameter): Name = "ComponentLink1Description"; Value = "1_Datasheet"; VariantName = "[No Variations]"
Add component (AddParameter): Name = "ComponentLink1URL"; Value = ""; VariantName = "[No Variations]"
Add component (AddParameter): Name = "ComponentLink2Description"; Value = "2_Product page"; VariantName = "[No Variations]"
Add component (AddParameter): Name = "ComponentLink2URL"; Value = ""; VariantName = "[No Variations]"
Add component (AddParameter): Name = "ComponentLink3Description"; Value = "3_X-information"; VariantName = "[No Variations]"
Add component (AddParameter): Name = "ComponentLink3URL"; Value = ""; VariantName = "[No Variations]"
Add component (AddParameter): Name = "ComponentLink4Description"; Value = "4_X-information"; VariantName = "[No Variations]"
Add component (AddParameter): Name = "ComponentLink4URL"; Value = ""; VariantName = "[No Variations]"
Add component (AddParameter): Name = "Creation date"; Value = "20240909"; VariantName = "[No Variations]"
Add component (AddParameter): Name = "Design Item ID"; Value = "PTP_0.4mm"; VariantName = "[No Variations]"
Add component (AddParameter): Name = "Dimensions WxLxH"; Value = ""; VariantName = "[No Variations]"
Add component (AddParameter): Name = "HasBeenBuilt"; Value = "-"; VariantName = "[No Variations]"
Add component (AddParameter): Name = "Manufacturer"; Value = ""; VariantName = "[No Variations]"
Add component (AddParameter): Name = "Operating temperature range"; Value = ""; VariantName = "[No Variations]"
Add component (AddParameter): Name = "Package"; Value = ""; VariantName = "[No Variations]"
Add component (AddParameter): Name = "Part Number"; Value = "PTP 0.4mm"; VariantName = "[No Variations]"
Add component (AddParameter): Name = "Remark"; Value = ""; VariantName = "[No Variations]"
Add component (AddParameter): Name = "Sort order"; Value = "-"; VariantName = "[No Variations]"
Add component (AddParameter): Name = "Source"; Value = ""; VariantName = "[No Variations]"
Add component (AddParameter): Name = "System"; Value = "Test Point"; VariantName = "[No Variations]"
Added Component: Designator=PTP26(PTP_0.4mm)
Add component (AddParameter): Name = "Alternative component"; Value = ""; VariantName = "[No Variations]"
Add component (AddParameter): Name = "ClassName"; Value = "SMALL"; VariantName = "[No Variations]"
Add component (AddParameter): Name = "Component Type"; Value = "Test Point"; VariantName = "[No Variations]"
Add component (AddParameter): Name = "ComponentLink1Description"; Value = "1_Datasheet"; VariantName = "[No Variations]"
Add component (AddParameter): Name = "ComponentLink1URL"; Value = ""; VariantName = "[No Variations]"
Add component (AddParameter): Name = "ComponentLink2Description"; Value = "2_Product page"; VariantName = "[No Variations]"
Add component (AddParameter): Name = "ComponentLink2URL"; Value = ""; VariantName = "[No Variations]"
Add component (AddParameter): Name = "ComponentLink3Description"; Value = "3_X-information"; VariantName = "[No Variations]"
Add component (AddParameter): Name = "ComponentLink3URL"; Value = ""; VariantName = "[No Variations]"
Add component (AddParameter): Name = "ComponentLink4Description"; Value = "4_X-information"; VariantName = "[No Variations]"
Add component (AddParameter): Name = "ComponentLink4URL"; Value = ""; VariantName = "[No Variations]"
Add component (AddParameter): Name = "Creation date"; Value = "20240909"; VariantName = "[No Variations]"
Add component (AddParameter): Name = "Design Item ID"; Value = "PTP_0.4mm"; VariantName = "[No Variations]"
Add component (AddParameter): Name = "Dimensions WxLxH"; Value = ""; VariantName = "[No Variations]"
Add component (AddParameter): Name = "HasBeenBuilt"; Value = "-"; VariantName = "[No Variations]"
Add component (AddParameter): Name = "Manufacturer"; Value = ""; VariantName = "[No Variations]"
Add component (AddParameter): Name = "Operating temperature range"; Value = ""; VariantName = "[No Variations]"
Add component (AddParameter): Name = "Package"; Value = ""; VariantName = "[No Variations]"
Add component (AddParameter): Name = "Part Number"; Value = "PTP 0.4mm"; VariantName = "[No Variations]"
Add component (AddParameter): Name = "Remark"; Value = ""; VariantName = "[No Variations]"
Add component (AddParameter): Name = "Sort order"; Value = "-"; VariantName = "[No Variations]"
Add component (AddParameter): Name = "Source"; Value = ""; VariantName = "[No Variations]"
Add component (AddParameter): Name = "System"; Value = "Test Point"; VariantName = "[No Variations]"
Added Component: Designator=PTP27(PTP_0.4mm)
Add component (AddParameter): Name = "Alternative component"; Value = ""; VariantName = "[No Variations]"
Add component (AddParameter): Name = "ClassName"; Value = "SMALL"; VariantName = "[No Variations]"
Add component (AddParameter): Name = "Component Type"; Value = "Test Point"; VariantName = "[No Variations]"
Add component (AddParameter): Name = "ComponentLink1Description"; Value = "1_Datasheet"; VariantName = "[No Variations]"
Add component (AddParameter): Name = "ComponentLink1URL"; Value = ""; VariantName = "[No Variations]"
Add component (AddParameter): Name = "ComponentLink2Description"; Value = "2_Product page"; VariantName = "[No Variations]"
Add component (AddParameter): Name = "ComponentLink2URL"; Value = ""; VariantName = "[No Variations]"
Add component (AddParameter): Name = "ComponentLink3Description"; Value = "3_X-information"; VariantName = "[No Variations]"
Add component (AddParameter): Name = "ComponentLink3URL"; Value = ""; VariantName = "[No Variations]"
Add component (AddParameter): Name = "ComponentLink4Description"; Value = "4_X-information"; VariantName = "[No Variations]"
Add component (AddParameter): Name = "ComponentLink4URL"; Value = ""; VariantName = "[No Variations]"
Add component (AddParameter): Name = "Creation date"; Value = "20240909"; VariantName = "[No Variations]"
Add component (AddParameter): Name = "Design Item ID"; Value = "PTP_0.4mm"; VariantName = "[No Variations]"
Add component (AddParameter): Name = "Dimensions WxLxH"; Value = ""; VariantName = "[No Variations]"
Add component (AddParameter): Name = "HasBeenBuilt"; Value = "-"; VariantName = "[No Variations]"
Add component (AddParameter): Name = "Manufacturer"; Value = ""; VariantName = "[No Variations]"
Add component (AddParameter): Name = "Operating temperature range"; Value = ""; VariantName = "[No Variations]"
Add component (AddParameter): Name = "Package"; Value = ""; VariantName = "[No Variations]"
Add component (AddParameter): Name = "Part Number"; Value = "PTP 0.4mm"; VariantName = "[No Variations]"
Add component (AddParameter): Name = "Remark"; Value = ""; VariantName = "[No Variations]"
Add component (AddParameter): Name = "Sort order"; Value = "-"; VariantName = "[No Variations]"
Add component (AddParameter): Name = "Source"; Value = ""; VariantName = "[No Variations]"
Add component (AddParameter): Name = "System"; Value = "Test Point"; VariantName = "[No Variations]"
Added Component: Designator=PTP28(PTP_0.4mm)
Add component (AddParameter): Name = "Alternative component"; Value = ""; VariantName = "[No Variations]"
Add component (AddParameter): Name = "ClassName"; Value = "SMALL"; VariantName = "[No Variations]"
Add component (AddParameter): Name = "Component Type"; Value = "Test Point"; VariantName = "[No Variations]"
Add component (AddParameter): Name = "ComponentLink1Description"; Value = "1_Datasheet"; VariantName = "[No Variations]"
Add component (AddParameter): Name = "ComponentLink1URL"; Value = ""; VariantName = "[No Variations]"
Add component (AddParameter): Name = "ComponentLink2Description"; Value = "2_Product page"; VariantName = "[No Variations]"
Add component (AddParameter): Name = "ComponentLink2URL"; Value = ""; VariantName = "[No Variations]"
Add component (AddParameter): Name = "ComponentLink3Description"; Value = "3_X-information"; VariantName = "[No Variations]"
Add component (AddParameter): Name = "ComponentLink3URL"; Value = ""; VariantName = "[No Variations]"
Add component (AddParameter): Name = "ComponentLink4Description"; Value = "4_X-information"; VariantName = "[No Variations]"
Add component (AddParameter): Name = "ComponentLink4URL"; Value = ""; VariantName = "[No Variations]"
Add component (AddParameter): Name = "Creation date"; Value = "20240909"; VariantName = "[No Variations]"
Add component (AddParameter): Name = "Design Item ID"; Value = "PTP_0.4mm"; VariantName = "[No Variations]"
Add component (AddParameter): Name = "Dimensions WxLxH"; Value = ""; VariantName = "[No Variations]"
Add component (AddParameter): Name = "HasBeenBuilt"; Value = "-"; VariantName = "[No Variations]"
Add component (AddParameter): Name = "Manufacturer"; Value = ""; VariantName = "[No Variations]"
Add component (AddParameter): Name = "Operating temperature range"; Value = ""; VariantName = "[No Variations]"
Add component (AddParameter): Name = "Package"; Value = ""; VariantName = "[No Variations]"
Add component (AddParameter): Name = "Part Number"; Value = "PTP 0.4mm"; VariantName = "[No Variations]"
Add component (AddParameter): Name = "Remark"; Value = ""; VariantName = "[No Variations]"
Add component (AddParameter): Name = "Sort order"; Value = "-"; VariantName = "[No Variations]"
Add component (AddParameter): Name = "Source"; Value = ""; VariantName = "[No Variations]"
Add component (AddParameter): Name = "System"; Value = "Test Point"; VariantName = "[No Variations]"
Added Component: Designator=PTP29(PTP_0.4mm)
Add component (AddParameter): Name = "Alternative component"; Value = ""; VariantName = "[No Variations]"
Add component (AddParameter): Name = "ClassName"; Value = "SMALL"; VariantName = "[No Variations]"
Add component (AddParameter): Name = "Component Type"; Value = "Test Point"; VariantName = "[No Variations]"
Add component (AddParameter): Name = "ComponentLink1Description"; Value = "1_Datasheet"; VariantName = "[No Variations]"
Add component (AddParameter): Name = "ComponentLink1URL"; Value = ""; VariantName = "[No Variations]"
Add component (AddParameter): Name = "ComponentLink2Description"; Value = "2_Product page"; VariantName = "[No Variations]"
Add component (AddParameter): Name = "ComponentLink2URL"; Value = ""; VariantName = "[No Variations]"
Add component (AddParameter): Name = "ComponentLink3Description"; Value = "3_X-information"; VariantName = "[No Variations]"
Add component (AddParameter): Name = "ComponentLink3URL"; Value = ""; VariantName = "[No Variations]"
Add component (AddParameter): Name = "ComponentLink4Description"; Value = "4_X-information"; VariantName = "[No Variations]"
Add component (AddParameter): Name = "ComponentLink4URL"; Value = ""; VariantName = "[No Variations]"
Add component (AddParameter): Name = "Creation date"; Value = "20240909"; VariantName = "[No Variations]"
Add component (AddParameter): Name = "Design Item ID"; Value = "PTP_0.4mm"; VariantName = "[No Variations]"
Add component (AddParameter): Name = "Dimensions WxLxH"; Value = ""; VariantName = "[No Variations]"
Add component (AddParameter): Name = "HasBeenBuilt"; Value = "-"; VariantName = "[No Variations]"
Add component (AddParameter): Name = "Manufacturer"; Value = ""; VariantName = "[No Variations]"
Add component (AddParameter): Name = "Operating temperature range"; Value = ""; VariantName = "[No Variations]"
Add component (AddParameter): Name = "Package"; Value = ""; VariantName = "[No Variations]"
Add component (AddParameter): Name = "Part Number"; Value = "PTP 0.4mm"; VariantName = "[No Variations]"
Add component (AddParameter): Name = "Remark"; Value = ""; VariantName = "[No Variations]"
Add component (AddParameter): Name = "Sort order"; Value = "-"; VariantName = "[No Variations]"
Add component (AddParameter): Name = "Source"; Value = ""; VariantName = "[No Variations]"
Add component (AddParameter): Name = "System"; Value = "Test Point"; VariantName = "[No Variations]"
Added Component: Designator=PTP30(PTP_0.4mm)
Add component (AddParameter): Name = "Alternative component"; Value = ""; VariantName = "[No Variations]"
Add component (AddParameter): Name = "ClassName"; Value = "SMALL"; VariantName = "[No Variations]"
Add component (AddParameter): Name = "Component Type"; Value = "Test Point"; VariantName = "[No Variations]"
Add component (AddParameter): Name = "ComponentLink1Description"; Value = "1_Datasheet"; VariantName = "[No Variations]"
Add component (AddParameter): Name = "ComponentLink1URL"; Value = ""; VariantName = "[No Variations]"
Add component (AddParameter): Name = "ComponentLink2Description"; Value = "2_Product page"; VariantName = "[No Variations]"
Add component (AddParameter): Name = "ComponentLink2URL"; Value = ""; VariantName = "[No Variations]"
Add component (AddParameter): Name = "ComponentLink3Description"; Value = "3_X-information"; VariantName = "[No Variations]"
Add component (AddParameter): Name = "ComponentLink3URL"; Value = ""; VariantName = "[No Variations]"
Add component (AddParameter): Name = "ComponentLink4Description"; Value = "4_X-information"; VariantName = "[No Variations]"
Add component (AddParameter): Name = "ComponentLink4URL"; Value = ""; VariantName = "[No Variations]"
Add component (AddParameter): Name = "Creation date"; Value = "20240909"; VariantName = "[No Variations]"
Add component (AddParameter): Name = "Design Item ID"; Value = "PTP_0.4mm"; VariantName = "[No Variations]"
Add component (AddParameter): Name = "Dimensions WxLxH"; Value = ""; VariantName = "[No Variations]"
Add component (AddParameter): Name = "HasBeenBuilt"; Value = "-"; VariantName = "[No Variations]"
Add component (AddParameter): Name = "Manufacturer"; Value = ""; VariantName = "[No Variations]"
Add component (AddParameter): Name = "Operating temperature range"; Value = ""; VariantName = "[No Variations]"
Add component (AddParameter): Name = "Package"; Value = ""; VariantName = "[No Variations]"
Add component (AddParameter): Name = "Part Number"; Value = "PTP 0.4mm"; VariantName = "[No Variations]"
Add component (AddParameter): Name = "Remark"; Value = ""; VariantName = "[No Variations]"
Add component (AddParameter): Name = "Sort order"; Value = "-"; VariantName = "[No Variations]"
Add component (AddParameter): Name = "Source"; Value = ""; VariantName = "[No Variations]"
Add component (AddParameter): Name = "System"; Value = "Test Point"; VariantName = "[No Variations]"
Added Component: Designator=PTP31(PTP_0.4mm)
Add component (AddParameter): Name = "Alternative component"; Value = ""; VariantName = "[No Variations]"
Add component (AddParameter): Name = "ClassName"; Value = "SMALL"; VariantName = "[No Variations]"
Add component (AddParameter): Name = "Component Type"; Value = "Test Point"; VariantName = "[No Variations]"
Add component (AddParameter): Name = "ComponentLink1Description"; Value = "1_Datasheet"; VariantName = "[No Variations]"
Add component (AddParameter): Name = "ComponentLink1URL"; Value = ""; VariantName = "[No Variations]"
Add component (AddParameter): Name = "ComponentLink2Description"; Value = "2_Product page"; VariantName = "[No Variations]"
Add component (AddParameter): Name = "ComponentLink2URL"; Value = ""; VariantName = "[No Variations]"
Add component (AddParameter): Name = "ComponentLink3Description"; Value = "3_X-information"; VariantName = "[No Variations]"
Add component (AddParameter): Name = "ComponentLink3URL"; Value = ""; VariantName = "[No Variations]"
Add component (AddParameter): Name = "ComponentLink4Description"; Value = "4_X-information"; VariantName = "[No Variations]"
Add component (AddParameter): Name = "ComponentLink4URL"; Value = ""; VariantName = "[No Variations]"
Add component (AddParameter): Name = "Creation date"; Value = "20240909"; VariantName = "[No Variations]"
Add component (AddParameter): Name = "Design Item ID"; Value = "PTP_0.4mm"; VariantName = "[No Variations]"
Add component (AddParameter): Name = "Dimensions WxLxH"; Value = ""; VariantName = "[No Variations]"
Add component (AddParameter): Name = "HasBeenBuilt"; Value = "-"; VariantName = "[No Variations]"
Add component (AddParameter): Name = "Manufacturer"; Value = ""; VariantName = "[No Variations]"
Add component (AddParameter): Name = "Operating temperature range"; Value = ""; VariantName = "[No Variations]"
Add component (AddParameter): Name = "Package"; Value = ""; VariantName = "[No Variations]"
Add component (AddParameter): Name = "Part Number"; Value = "PTP 0.4mm"; VariantName = "[No Variations]"
Add component (AddParameter): Name = "Remark"; Value = ""; VariantName = "[No Variations]"
Add component (AddParameter): Name = "Sort order"; Value = "-"; VariantName = "[No Variations]"
Add component (AddParameter): Name = "Source"; Value = ""; VariantName = "[No Variations]"
Add component (AddParameter): Name = "System"; Value = "Test Point"; VariantName = "[No Variations]"
Added Component: Designator=PTP32(PTP_0.4mm)
Add component (AddParameter): Name = "Alternative component"; Value = ""; VariantName = "[No Variations]"
Add component (AddParameter): Name = "ClassName"; Value = "SMALL"; VariantName = "[No Variations]"
Add component (AddParameter): Name = "Component Type"; Value = "Test Point"; VariantName = "[No Variations]"
Add component (AddParameter): Name = "ComponentLink1Description"; Value = "1_Datasheet"; VariantName = "[No Variations]"
Add component (AddParameter): Name = "ComponentLink1URL"; Value = ""; VariantName = "[No Variations]"
Add component (AddParameter): Name = "ComponentLink2Description"; Value = "2_Product page"; VariantName = "[No Variations]"
Add component (AddParameter): Name = "ComponentLink2URL"; Value = ""; VariantName = "[No Variations]"
Add component (AddParameter): Name = "ComponentLink3Description"; Value = "3_X-information"; VariantName = "[No Variations]"
Add component (AddParameter): Name = "ComponentLink3URL"; Value = ""; VariantName = "[No Variations]"
Add component (AddParameter): Name = "ComponentLink4Description"; Value = "4_X-information"; VariantName = "[No Variations]"
Add component (AddParameter): Name = "ComponentLink4URL"; Value = ""; VariantName = "[No Variations]"
Add component (AddParameter): Name = "Creation date"; Value = "20240909"; VariantName = "[No Variations]"
Add component (AddParameter): Name = "Design Item ID"; Value = "PTP_0.4mm"; VariantName = "[No Variations]"
Add component (AddParameter): Name = "Dimensions WxLxH"; Value = ""; VariantName = "[No Variations]"
Add component (AddParameter): Name = "HasBeenBuilt"; Value = "-"; VariantName = "[No Variations]"
Add component (AddParameter): Name = "Manufacturer"; Value = ""; VariantName = "[No Variations]"
Add component (AddParameter): Name = "Operating temperature range"; Value = ""; VariantName = "[No Variations]"
Add component (AddParameter): Name = "Package"; Value = ""; VariantName = "[No Variations]"
Add component (AddParameter): Name = "Part Number"; Value = "PTP 0.4mm"; VariantName = "[No Variations]"
Add component (AddParameter): Name = "Remark"; Value = ""; VariantName = "[No Variations]"
Add component (AddParameter): Name = "Sort order"; Value = "-"; VariantName = "[No Variations]"
Add component (AddParameter): Name = "Source"; Value = ""; VariantName = "[No Variations]"
Add component (AddParameter): Name = "System"; Value = "Test Point"; VariantName = "[No Variations]"
Added Component: Designator=PTP33(PTP_0.4mm)
Add component (AddParameter): Name = "Alternative component"; Value = ""; VariantName = "[No Variations]"
Add component (AddParameter): Name = "ClassName"; Value = "SMALL"; VariantName = "[No Variations]"
Add component (AddParameter): Name = "Component Type"; Value = "Test Point"; VariantName = "[No Variations]"
Add component (AddParameter): Name = "ComponentLink1Description"; Value = "1_Datasheet"; VariantName = "[No Variations]"
Add component (AddParameter): Name = "ComponentLink1URL"; Value = ""; VariantName = "[No Variations]"
Add component (AddParameter): Name = "ComponentLink2Description"; Value = "2_Product page"; VariantName = "[No Variations]"
Add component (AddParameter): Name = "ComponentLink2URL"; Value = ""; VariantName = "[No Variations]"
Add component (AddParameter): Name = "ComponentLink3Description"; Value = "3_X-information"; VariantName = "[No Variations]"
Add component (AddParameter): Name = "ComponentLink3URL"; Value = ""; VariantName = "[No Variations]"
Add component (AddParameter): Name = "ComponentLink4Description"; Value = "4_X-information"; VariantName = "[No Variations]"
Add component (AddParameter): Name = "ComponentLink4URL"; Value = ""; VariantName = "[No Variations]"
Add component (AddParameter): Name = "Creation date"; Value = "20240909"; VariantName = "[No Variations]"
Add component (AddParameter): Name = "Design Item ID"; Value = "PTP_0.4mm"; VariantName = "[No Variations]"
Add component (AddParameter): Name = "Dimensions WxLxH"; Value = ""; VariantName = "[No Variations]"
Add component (AddParameter): Name = "HasBeenBuilt"; Value = "-"; VariantName = "[No Variations]"
Add component (AddParameter): Name = "Manufacturer"; Value = ""; VariantName = "[No Variations]"
Add component (AddParameter): Name = "Operating temperature range"; Value = ""; VariantName = "[No Variations]"
Add component (AddParameter): Name = "Package"; Value = ""; VariantName = "[No Variations]"
Add component (AddParameter): Name = "Part Number"; Value = "PTP 0.4mm"; VariantName = "[No Variations]"
Add component (AddParameter): Name = "Remark"; Value = ""; VariantName = "[No Variations]"
Add component (AddParameter): Name = "Sort order"; Value = "-"; VariantName = "[No Variations]"
Add component (AddParameter): Name = "Source"; Value = ""; VariantName = "[No Variations]"
Add component (AddParameter): Name = "System"; Value = "Test Point"; VariantName = "[No Variations]"
Added Component: Designator=PTP34(PTP_0.4mm)
Add component (AddParameter): Name = "Alternative component"; Value = ""; VariantName = "[No Variations]"
Add component (AddParameter): Name = "ClassName"; Value = "SMALL"; VariantName = "[No Variations]"
Add component (AddParameter): Name = "Component Type"; Value = "Test Point"; VariantName = "[No Variations]"
Add component (AddParameter): Name = "ComponentLink1Description"; Value = "1_Datasheet"; VariantName = "[No Variations]"
Add component (AddParameter): Name = "ComponentLink1URL"; Value = ""; VariantName = "[No Variations]"
Add component (AddParameter): Name = "ComponentLink2Description"; Value = "2_Product page"; VariantName = "[No Variations]"
Add component (AddParameter): Name = "ComponentLink2URL"; Value = ""; VariantName = "[No Variations]"
Add component (AddParameter): Name = "ComponentLink3Description"; Value = "3_X-information"; VariantName = "[No Variations]"
Add component (AddParameter): Name = "ComponentLink3URL"; Value = ""; VariantName = "[No Variations]"
Add component (AddParameter): Name = "ComponentLink4Description"; Value = "4_X-information"; VariantName = "[No Variations]"
Add component (AddParameter): Name = "ComponentLink4URL"; Value = ""; VariantName = "[No Variations]"
Add component (AddParameter): Name = "Creation date"; Value = "20240909"; VariantName = "[No Variations]"
Add component (AddParameter): Name = "Design Item ID"; Value = "PTP_0.4mm"; VariantName = "[No Variations]"
Add component (AddParameter): Name = "Dimensions WxLxH"; Value = ""; VariantName = "[No Variations]"
Add component (AddParameter): Name = "HasBeenBuilt"; Value = "-"; VariantName = "[No Variations]"
Add component (AddParameter): Name = "Manufacturer"; Value = ""; VariantName = "[No Variations]"
Add component (AddParameter): Name = "Operating temperature range"; Value = ""; VariantName = "[No Variations]"
Add component (AddParameter): Name = "Package"; Value = ""; VariantName = "[No Variations]"
Add component (AddParameter): Name = "Part Number"; Value = "PTP 0.4mm"; VariantName = "[No Variations]"
Add component (AddParameter): Name = "Remark"; Value = ""; VariantName = "[No Variations]"
Add component (AddParameter): Name = "Sort order"; Value = "-"; VariantName = "[No Variations]"
Add component (AddParameter): Name = "Source"; Value = ""; VariantName = "[No Variations]"
Add component (AddParameter): Name = "System"; Value = "Test Point"; VariantName = "[No Variations]"
Added Component: Designator=PTP35(PTP_0.4mm)
Add component (AddParameter): Name = "Alternative component"; Value = ""; VariantName = "[No Variations]"
Add component (AddParameter): Name = "ClassName"; Value = "SMALL"; VariantName = "[No Variations]"
Add component (AddParameter): Name = "Component Type"; Value = "Test Point"; VariantName = "[No Variations]"
Add component (AddParameter): Name = "ComponentLink1Description"; Value = "1_Datasheet"; VariantName = "[No Variations]"
Add component (AddParameter): Name = "ComponentLink1URL"; Value = ""; VariantName = "[No Variations]"
Add component (AddParameter): Name = "ComponentLink2Description"; Value = "2_Product page"; VariantName = "[No Variations]"
Add component (AddParameter): Name = "ComponentLink2URL"; Value = ""; VariantName = "[No Variations]"
Add component (AddParameter): Name = "ComponentLink3Description"; Value = "3_X-information"; VariantName = "[No Variations]"
Add component (AddParameter): Name = "ComponentLink3URL"; Value = ""; VariantName = "[No Variations]"
Add component (AddParameter): Name = "ComponentLink4Description"; Value = "4_X-information"; VariantName = "[No Variations]"
Add component (AddParameter): Name = "ComponentLink4URL"; Value = ""; VariantName = "[No Variations]"
Add component (AddParameter): Name = "Creation date"; Value = "20240909"; VariantName = "[No Variations]"
Add component (AddParameter): Name = "Design Item ID"; Value = "PTP_0.4mm"; VariantName = "[No Variations]"
Add component (AddParameter): Name = "Dimensions WxLxH"; Value = ""; VariantName = "[No Variations]"
Add component (AddParameter): Name = "HasBeenBuilt"; Value = "-"; VariantName = "[No Variations]"
Add component (AddParameter): Name = "Manufacturer"; Value = ""; VariantName = "[No Variations]"
Add component (AddParameter): Name = "Operating temperature range"; Value = ""; VariantName = "[No Variations]"
Add component (AddParameter): Name = "Package"; Value = ""; VariantName = "[No Variations]"
Add component (AddParameter): Name = "Part Number"; Value = "PTP 0.4mm"; VariantName = "[No Variations]"
Add component (AddParameter): Name = "Remark"; Value = ""; VariantName = "[No Variations]"
Add component (AddParameter): Name = "Sort order"; Value = "-"; VariantName = "[No Variations]"
Add component (AddParameter): Name = "Source"; Value = ""; VariantName = "[No Variations]"
Add component (AddParameter): Name = "System"; Value = "Test Point"; VariantName = "[No Variations]"
Added Component: Designator=PTP36(PTP_0.4mm)
Add component (AddParameter): Name = "Alternative component"; Value = ""; VariantName = "[No Variations]"
Add component (AddParameter): Name = "ClassName"; Value = "SMALL"; VariantName = "[No Variations]"
Add component (AddParameter): Name = "Component Type"; Value = "Test Point"; VariantName = "[No Variations]"
Add component (AddParameter): Name = "ComponentLink1Description"; Value = "1_Datasheet"; VariantName = "[No Variations]"
Add component (AddParameter): Name = "ComponentLink1URL"; Value = ""; VariantName = "[No Variations]"
Add component (AddParameter): Name = "ComponentLink2Description"; Value = "2_Product page"; VariantName = "[No Variations]"
Add component (AddParameter): Name = "ComponentLink2URL"; Value = ""; VariantName = "[No Variations]"
Add component (AddParameter): Name = "ComponentLink3Description"; Value = "3_X-information"; VariantName = "[No Variations]"
Add component (AddParameter): Name = "ComponentLink3URL"; Value = ""; VariantName = "[No Variations]"
Add component (AddParameter): Name = "ComponentLink4Description"; Value = "4_X-information"; VariantName = "[No Variations]"
Add component (AddParameter): Name = "ComponentLink4URL"; Value = ""; VariantName = "[No Variations]"
Add component (AddParameter): Name = "Creation date"; Value = "20240909"; VariantName = "[No Variations]"
Add component (AddParameter): Name = "Design Item ID"; Value = "PTP_0.4mm"; VariantName = "[No Variations]"
Add component (AddParameter): Name = "Dimensions WxLxH"; Value = ""; VariantName = "[No Variations]"
Add component (AddParameter): Name = "HasBeenBuilt"; Value = "-"; VariantName = "[No Variations]"
Add component (AddParameter): Name = "Manufacturer"; Value = ""; VariantName = "[No Variations]"
Add component (AddParameter): Name = "Operating temperature range"; Value = ""; VariantName = "[No Variations]"
Add component (AddParameter): Name = "Package"; Value = ""; VariantName = "[No Variations]"
Add component (AddParameter): Name = "Part Number"; Value = "PTP 0.4mm"; VariantName = "[No Variations]"
Add component (AddParameter): Name = "Remark"; Value = ""; VariantName = "[No Variations]"
Add component (AddParameter): Name = "Sort order"; Value = "-"; VariantName = "[No Variations]"
Add component (AddParameter): Name = "Source"; Value = ""; VariantName = "[No Variations]"
Add component (AddParameter): Name = "System"; Value = "Test Point"; VariantName = "[No Variations]"
Added Component: Designator=QZ1(CM8V32768TA020125_MC)
Add component (AddParameter): Name = "Alternative component"; Value = ""; VariantName = "[No Variations]"
Add component (AddParameter): Name = "ClassName"; Value = "BIG"; VariantName = "[No Variations]"
Add component (AddParameter): Name = "Component Type"; Value = "Crystal & Oscillator"; VariantName = "[No Variations]"
Add component (AddParameter): Name = "ComponentLink1Description"; Value = "1_Datasheet"; VariantName = "[No Variations]"
Add component (AddParameter): Name = "ComponentLink1URL"; Value = "https://www.microcrystal.com/fileadmin/Media/Products/32kHz/Datasheet/CM8V-T1A.pdf"; VariantName = "[No Variations]"
Add component (AddParameter): Name = "ComponentLink2Description"; Value = "2_Product page"; VariantName = "[No Variations]"
Add component (AddParameter): Name = "ComponentLink2URL"; Value = "https://www.microcrystal.com/en/products/khz-quartz-crystals/cm8v-t1a/"; VariantName = "[No Variations]"
Add component (AddParameter): Name = "ComponentLink3Description"; Value = "3_X-information"; VariantName = "[No Variations]"
Add component (AddParameter): Name = "ComponentLink3URL"; Value = ""; VariantName = "[No Variations]"
Add component (AddParameter): Name = "ComponentLink4Description"; Value = "4_X-information"; VariantName = "[No Variations]"
Add component (AddParameter): Name = "ComponentLink4URL"; Value = ""; VariantName = "[No Variations]"
Add component (AddParameter): Name = "Creation date"; Value = "20210913"; VariantName = "[No Variations]"
Add component (AddParameter): Name = "Dimensions WxLxH"; Value = "1.2x2.0x0.6mm"; VariantName = "[No Variations]"
Add component (AddParameter): Name = "ECCN"; Value = ""; VariantName = "[No Variations]"
Add component (AddParameter): Name = "HasBeenBuilt"; Value = "SleeveIO_01"; VariantName = "[No Variations]"
Add component (AddParameter): Name = "Manufacturer"; Value = "Micro Crystal"; VariantName = "[No Variations]"
Add component (AddParameter): Name = "Manufacturer Part Number"; Value = "CM8V-T1A-32.768KHZ-9PF-20PPM-TA-QC"; VariantName = "[No Variations]"
Add component (AddParameter): Name = "Operating temperature range"; Value = "-40 .... +85 °C"; VariantName = "[No Variations]"
Add component (AddParameter): Name = "Package"; Value = "2-SMD"; VariantName = "[No Variations]"
Add component (AddParameter): Name = "Part Number"; Value = "CM8V-T1A-32.768KHZ-9PF-20PPM-TA-QC"; VariantName = "[No Variations]"
Add component (AddParameter): Name = "Remark"; Value = ""; VariantName = "[No Variations]"
Add component (AddParameter): Name = "RoHS"; Value = ""; VariantName = "[No Variations]"
Add component (AddParameter): Name = "Sort order"; Value = "455"; VariantName = "[No Variations]"
Add component (AddParameter): Name = "Source"; Value = "Discrete_UN1Q.SchLib"; VariantName = "[No Variations]"
Add component (AddParameter): Name = "System"; Value = "Discrete"; VariantName = "[No Variations]"
Add component (AddParameter): Name = "Tolerance"; Value = ""; VariantName = "[No Variations]"
Add component (AddParameter): Name = "Value"; Value = "32.768 kHz"; VariantName = "[No Variations]"
Added Component: Designator=R1(RES_0201_UN1Q)
Add component (AddParameter): Name = "Alternative component"; Value = ""; VariantName = "[No Variations]"
Add component (AddParameter): Name = "ClassName"; Value = "SMALL"; VariantName = "[No Variations]"
Add component (AddParameter): Name = "Component Type"; Value = "Resistor"; VariantName = "[No Variations]"
Add component (AddParameter): Name = "ComponentLink1Description"; Value = "1_Datasheet"; VariantName = "[No Variations]"
Add component (AddParameter): Name = "ComponentLink1URL"; Value = ""; VariantName = "[No Variations]"
Add component (AddParameter): Name = "ComponentLink2Description"; Value = "2_Product page"; VariantName = "[No Variations]"
Add component (AddParameter): Name = "ComponentLink2URL"; Value = ""; VariantName = "[No Variations]"
Add component (AddParameter): Name = "ComponentLink3Description"; Value = "3_X-information"; VariantName = "[No Variations]"
Add component (AddParameter): Name = "ComponentLink3URL"; Value = ""; VariantName = "[No Variations]"
Add component (AddParameter): Name = "ComponentLink4Description"; Value = "4_X-information"; VariantName = "[No Variations]"
Add component (AddParameter): Name = "ComponentLink4URL"; Value = ""; VariantName = "[No Variations]"
Add component (AddParameter): Name = "Creation date"; Value = "20190101"; VariantName = "[No Variations]"
Add component (AddParameter): Name = "Dimensions WxLxH"; Value = ""; VariantName = "[No Variations]"
Add component (AddParameter): Name = "ECCN"; Value = ""; VariantName = "[No Variations]"
Add component (AddParameter): Name = "HasBeenBuilt"; Value = "TBD"; VariantName = "[No Variations]"
Add component (AddParameter): Name = "Manufacturer"; Value = ""; VariantName = "[No Variations]"
Add component (AddParameter): Name = "Operating temperature range"; Value = ""; VariantName = "[No Variations]"
Add component (AddParameter): Name = "Package"; Value = "0201"; VariantName = "[No Variations]"
Add component (AddParameter): Name = "Part Number"; Value = ""; VariantName = "[No Variations]"
Add component (AddParameter): Name = "Power Rating"; Value = ""; VariantName = "[No Variations]"
Add component (AddParameter): Name = "Remark"; Value = ""; VariantName = "[No Variations]"
Add component (AddParameter): Name = "RoHS"; Value = ""; VariantName = "[No Variations]"
Add component (AddParameter): Name = "Sort order"; Value = "999"; VariantName = "[No Variations]"
Add component (AddParameter): Name = "Source"; Value = "RLC_UN1Q.SchLib"; VariantName = "[No Variations]"
Add component (AddParameter): Name = "System"; Value = "RLC"; VariantName = "[No Variations]"
Add component (AddParameter): Name = "Temperature characteristics"; Value = ""; VariantName = "[No Variations]"
Add component (AddParameter): Name = "Tolerance"; Value = ""; VariantName = "[No Variations]"
Add component (AddParameter): Name = "Value"; Value = "10K"; VariantName = "[No Variations]"
Add component (AddParameter): Name = "Voltage"; Value = ""; VariantName = "[No Variations]"
Added Component: Designator=R2(RES_0201_UN1Q)
Add component (AddParameter): Name = "Alternative component"; Value = ""; VariantName = "[No Variations]"
Add component (AddParameter): Name = "ClassName"; Value = "SMALL"; VariantName = "[No Variations]"
Add component (AddParameter): Name = "Component Type"; Value = "Resistor"; VariantName = "[No Variations]"
Add component (AddParameter): Name = "ComponentLink1Description"; Value = "1_Datasheet"; VariantName = "[No Variations]"
Add component (AddParameter): Name = "ComponentLink1URL"; Value = ""; VariantName = "[No Variations]"
Add component (AddParameter): Name = "ComponentLink2Description"; Value = "2_Product page"; VariantName = "[No Variations]"
Add component (AddParameter): Name = "ComponentLink2URL"; Value = ""; VariantName = "[No Variations]"
Add component (AddParameter): Name = "ComponentLink3Description"; Value = "3_X-information"; VariantName = "[No Variations]"
Add component (AddParameter): Name = "ComponentLink3URL"; Value = ""; VariantName = "[No Variations]"
Add component (AddParameter): Name = "ComponentLink4Description"; Value = "4_X-information"; VariantName = "[No Variations]"
Add component (AddParameter): Name = "ComponentLink4URL"; Value = ""; VariantName = "[No Variations]"
Add component (AddParameter): Name = "Creation date"; Value = "20190101"; VariantName = "[No Variations]"
Add component (AddParameter): Name = "Dimensions WxLxH"; Value = ""; VariantName = "[No Variations]"
Add component (AddParameter): Name = "ECCN"; Value = ""; VariantName = "[No Variations]"
Add component (AddParameter): Name = "HasBeenBuilt"; Value = "TBD"; VariantName = "[No Variations]"
Add component (AddParameter): Name = "Manufacturer"; Value = ""; VariantName = "[No Variations]"
Add component (AddParameter): Name = "Operating temperature range"; Value = ""; VariantName = "[No Variations]"
Add component (AddParameter): Name = "Package"; Value = "0201"; VariantName = "[No Variations]"
Add component (AddParameter): Name = "Part Number"; Value = ""; VariantName = "[No Variations]"
Add component (AddParameter): Name = "Power Rating"; Value = ""; VariantName = "[No Variations]"
Add component (AddParameter): Name = "Remark"; Value = ""; VariantName = "[No Variations]"
Add component (AddParameter): Name = "RoHS"; Value = ""; VariantName = "[No Variations]"
Add component (AddParameter): Name = "Sort order"; Value = "999"; VariantName = "[No Variations]"
Add component (AddParameter): Name = "Source"; Value = "RLC_UN1Q.SchLib"; VariantName = "[No Variations]"
Add component (AddParameter): Name = "System"; Value = "RLC"; VariantName = "[No Variations]"
Add component (AddParameter): Name = "Temperature characteristics"; Value = ""; VariantName = "[No Variations]"
Add component (AddParameter): Name = "Tolerance"; Value = ""; VariantName = "[No Variations]"
Add component (AddParameter): Name = "Value"; Value = "10K"; VariantName = "[No Variations]"
Add component (AddParameter): Name = "Voltage"; Value = ""; VariantName = "[No Variations]"
Added Component: Designator=R3(RES_0201_UN1Q)
Add component (AddParameter): Name = "Alternative component"; Value = ""; VariantName = "[No Variations]"
Add component (AddParameter): Name = "ClassName"; Value = "SMALL"; VariantName = "[No Variations]"
Add component (AddParameter): Name = "Component Type"; Value = "Resistor"; VariantName = "[No Variations]"
Add component (AddParameter): Name = "ComponentLink1Description"; Value = "1_Datasheet"; VariantName = "[No Variations]"
Add component (AddParameter): Name = "ComponentLink1URL"; Value = ""; VariantName = "[No Variations]"
Add component (AddParameter): Name = "ComponentLink2Description"; Value = "2_Product page"; VariantName = "[No Variations]"
Add component (AddParameter): Name = "ComponentLink2URL"; Value = ""; VariantName = "[No Variations]"
Add component (AddParameter): Name = "ComponentLink3Description"; Value = "3_X-information"; VariantName = "[No Variations]"
Add component (AddParameter): Name = "ComponentLink3URL"; Value = ""; VariantName = "[No Variations]"
Add component (AddParameter): Name = "ComponentLink4Description"; Value = "4_X-information"; VariantName = "[No Variations]"
Add component (AddParameter): Name = "ComponentLink4URL"; Value = ""; VariantName = "[No Variations]"
Add component (AddParameter): Name = "Creation date"; Value = "20190101"; VariantName = "[No Variations]"
Add component (AddParameter): Name = "Dimensions WxLxH"; Value = ""; VariantName = "[No Variations]"
Add component (AddParameter): Name = "ECCN"; Value = ""; VariantName = "[No Variations]"
Add component (AddParameter): Name = "HasBeenBuilt"; Value = "TBD"; VariantName = "[No Variations]"
Add component (AddParameter): Name = "Manufacturer"; Value = ""; VariantName = "[No Variations]"
Add component (AddParameter): Name = "Operating temperature range"; Value = ""; VariantName = "[No Variations]"
Add component (AddParameter): Name = "Package"; Value = "0201"; VariantName = "[No Variations]"
Add component (AddParameter): Name = "Part Number"; Value = ""; VariantName = "[No Variations]"
Add component (AddParameter): Name = "Power Rating"; Value = ""; VariantName = "[No Variations]"
Add component (AddParameter): Name = "Remark"; Value = ""; VariantName = "[No Variations]"
Add component (AddParameter): Name = "RoHS"; Value = ""; VariantName = "[No Variations]"
Add component (AddParameter): Name = "Sort order"; Value = "999"; VariantName = "[No Variations]"
Add component (AddParameter): Name = "Source"; Value = "RLC_UN1Q.SchLib"; VariantName = "[No Variations]"
Add component (AddParameter): Name = "System"; Value = "RLC"; VariantName = "[No Variations]"
Add component (AddParameter): Name = "Temperature characteristics"; Value = ""; VariantName = "[No Variations]"
Add component (AddParameter): Name = "Tolerance"; Value = ""; VariantName = "[No Variations]"
Add component (AddParameter): Name = "Value"; Value = "NA"; VariantName = "[No Variations]"
Add component (AddParameter): Name = "Voltage"; Value = ""; VariantName = "[No Variations]"
Added Component: Designator=R4(RES_0201_UN1Q)
Add component (AddParameter): Name = "Alternative component"; Value = "Allowed"; VariantName = "[No Variations]"
Add component (AddParameter): Name = "ClassName"; Value = "SMALL"; VariantName = "[No Variations]"
Add component (AddParameter): Name = "Component Type"; Value = "Resistor"; VariantName = "[No Variations]"
Add component (AddParameter): Name = "ComponentLink1Description"; Value = "1_Datasheet"; VariantName = "[No Variations]"
Add component (AddParameter): Name = "ComponentLink1URL"; Value = ""; VariantName = "[No Variations]"
Add component (AddParameter): Name = "ComponentLink2Description"; Value = "2_Product page"; VariantName = "[No Variations]"
Add component (AddParameter): Name = "ComponentLink2URL"; Value = ""; VariantName = "[No Variations]"
Add component (AddParameter): Name = "ComponentLink3Description"; Value = "3_X-information"; VariantName = "[No Variations]"
Add component (AddParameter): Name = "ComponentLink3URL"; Value = ""; VariantName = "[No Variations]"
Add component (AddParameter): Name = "ComponentLink4Description"; Value = "4_X-information"; VariantName = "[No Variations]"
Add component (AddParameter): Name = "ComponentLink4URL"; Value = ""; VariantName = "[No Variations]"
Add component (AddParameter): Name = "Creation date"; Value = "20190101"; VariantName = "[No Variations]"
Add component (AddParameter): Name = "Dimensions WxLxH"; Value = ""; VariantName = "[No Variations]"
Add component (AddParameter): Name = "ECCN"; Value = ""; VariantName = "[No Variations]"
Add component (AddParameter): Name = "HasBeenBuilt"; Value = "TBD"; VariantName = "[No Variations]"
Add component (AddParameter): Name = "Manufacturer"; Value = "YAGEO"; VariantName = "[No Variations]"
Add component (AddParameter): Name = "Operating temperature range"; Value = ""; VariantName = "[No Variations]"
Add component (AddParameter): Name = "Package"; Value = "0201"; VariantName = "[No Variations]"
Add component (AddParameter): Name = "Part Number"; Value = "RC0201JR-070RL"; VariantName = "[No Variations]"
Add component (AddParameter): Name = "Power Rating"; Value = "1/20W"; VariantName = "[No Variations]"
Add component (AddParameter): Name = "Remark"; Value = ""; VariantName = "[No Variations]"
Add component (AddParameter): Name = "RoHS"; Value = ""; VariantName = "[No Variations]"
Add component (AddParameter): Name = "Sort order"; Value = "322"; VariantName = "[No Variations]"
Add component (AddParameter): Name = "Source"; Value = "RLC_UN1Q.SchLib"; VariantName = "[No Variations]"
Add component (AddParameter): Name = "System"; Value = "RLC"; VariantName = "[No Variations]"
Add component (AddParameter): Name = "Temperature characteristics"; Value = ""; VariantName = "[No Variations]"
Add component (AddParameter): Name = "Tolerance"; Value = "5%"; VariantName = "[No Variations]"
Add component (AddParameter): Name = "Value"; Value = "0R"; VariantName = "[No Variations]"
Add component (AddParameter): Name = "Voltage"; Value = ""; VariantName = "[No Variations]"
Added Component: Designator=R5(RES_0201_UN1Q)
Add component (AddParameter): Name = "Alternative component"; Value = ""; VariantName = "[No Variations]"
Add component (AddParameter): Name = "ClassName"; Value = "SMALL"; VariantName = "[No Variations]"
Add component (AddParameter): Name = "Component Type"; Value = "Resistor"; VariantName = "[No Variations]"
Add component (AddParameter): Name = "ComponentLink1Description"; Value = "1_Datasheet"; VariantName = "[No Variations]"
Add component (AddParameter): Name = "ComponentLink1URL"; Value = ""; VariantName = "[No Variations]"
Add component (AddParameter): Name = "ComponentLink2Description"; Value = "2_Product page"; VariantName = "[No Variations]"
Add component (AddParameter): Name = "ComponentLink2URL"; Value = ""; VariantName = "[No Variations]"
Add component (AddParameter): Name = "ComponentLink3Description"; Value = "3_X-information"; VariantName = "[No Variations]"
Add component (AddParameter): Name = "ComponentLink3URL"; Value = ""; VariantName = "[No Variations]"
Add component (AddParameter): Name = "ComponentLink4Description"; Value = "4_X-information"; VariantName = "[No Variations]"
Add component (AddParameter): Name = "ComponentLink4URL"; Value = ""; VariantName = "[No Variations]"
Add component (AddParameter): Name = "Creation date"; Value = "20190101"; VariantName = "[No Variations]"
Add component (AddParameter): Name = "Dimensions WxLxH"; Value = ""; VariantName = "[No Variations]"
Add component (AddParameter): Name = "ECCN"; Value = ""; VariantName = "[No Variations]"
Add component (AddParameter): Name = "HasBeenBuilt"; Value = "TBD"; VariantName = "[No Variations]"
Add component (AddParameter): Name = "Manufacturer"; Value = ""; VariantName = "[No Variations]"
Add component (AddParameter): Name = "Operating temperature range"; Value = ""; VariantName = "[No Variations]"
Add component (AddParameter): Name = "Package"; Value = "0201"; VariantName = "[No Variations]"
Add component (AddParameter): Name = "Part Number"; Value = ""; VariantName = "[No Variations]"
Add component (AddParameter): Name = "Power Rating"; Value = ""; VariantName = "[No Variations]"
Add component (AddParameter): Name = "Remark"; Value = ""; VariantName = "[No Variations]"
Add component (AddParameter): Name = "RoHS"; Value = ""; VariantName = "[No Variations]"
Add component (AddParameter): Name = "Sort order"; Value = "999"; VariantName = "[No Variations]"
Add component (AddParameter): Name = "Source"; Value = "RLC_UN1Q.SchLib"; VariantName = "[No Variations]"
Add component (AddParameter): Name = "System"; Value = "RLC"; VariantName = "[No Variations]"
Add component (AddParameter): Name = "Temperature characteristics"; Value = ""; VariantName = "[No Variations]"
Add component (AddParameter): Name = "Tolerance"; Value = ""; VariantName = "[No Variations]"
Add component (AddParameter): Name = "Value"; Value = "NA"; VariantName = "[No Variations]"
Add component (AddParameter): Name = "Voltage"; Value = ""; VariantName = "[No Variations]"
Added Component: Designator=R6(RES_0201_UN1Q)
Add component (AddParameter): Name = "Alternative component"; Value = "Allowed"; VariantName = "[No Variations]"
Add component (AddParameter): Name = "ClassName"; Value = "SMALL"; VariantName = "[No Variations]"
Add component (AddParameter): Name = "Component Type"; Value = "Resistor"; VariantName = "[No Variations]"
Add component (AddParameter): Name = "ComponentLink1Description"; Value = "1_Datasheet"; VariantName = "[No Variations]"
Add component (AddParameter): Name = "ComponentLink1URL"; Value = ""; VariantName = "[No Variations]"
Add component (AddParameter): Name = "ComponentLink2Description"; Value = "2_Product page"; VariantName = "[No Variations]"
Add component (AddParameter): Name = "ComponentLink2URL"; Value = ""; VariantName = "[No Variations]"
Add component (AddParameter): Name = "ComponentLink3Description"; Value = "3_X-information"; VariantName = "[No Variations]"
Add component (AddParameter): Name = "ComponentLink3URL"; Value = ""; VariantName = "[No Variations]"
Add component (AddParameter): Name = "ComponentLink4Description"; Value = "4_X-information"; VariantName = "[No Variations]"
Add component (AddParameter): Name = "ComponentLink4URL"; Value = ""; VariantName = "[No Variations]"
Add component (AddParameter): Name = "Creation date"; Value = "20190101"; VariantName = "[No Variations]"
Add component (AddParameter): Name = "Dimensions WxLxH"; Value = ""; VariantName = "[No Variations]"
Add component (AddParameter): Name = "ECCN"; Value = ""; VariantName = "[No Variations]"
Add component (AddParameter): Name = "HasBeenBuilt"; Value = "TBD"; VariantName = "[No Variations]"
Add component (AddParameter): Name = "Manufacturer"; Value = "YAGEO"; VariantName = "[No Variations]"
Add component (AddParameter): Name = "Operating temperature range"; Value = ""; VariantName = "[No Variations]"
Add component (AddParameter): Name = "Package"; Value = "0201"; VariantName = "[No Variations]"
Add component (AddParameter): Name = "Part Number"; Value = "RC0201JR-070RL"; VariantName = "[No Variations]"
Add component (AddParameter): Name = "Power Rating"; Value = "1/20W"; VariantName = "[No Variations]"
Add component (AddParameter): Name = "Remark"; Value = ""; VariantName = "[No Variations]"
Add component (AddParameter): Name = "RoHS"; Value = ""; VariantName = "[No Variations]"
Add component (AddParameter): Name = "Sort order"; Value = "322"; VariantName = "[No Variations]"
Add component (AddParameter): Name = "Source"; Value = "RLC_UN1Q.SchLib"; VariantName = "[No Variations]"
Add component (AddParameter): Name = "System"; Value = "RLC"; VariantName = "[No Variations]"
Add component (AddParameter): Name = "Temperature characteristics"; Value = ""; VariantName = "[No Variations]"
Add component (AddParameter): Name = "Tolerance"; Value = "5%"; VariantName = "[No Variations]"
Add component (AddParameter): Name = "Value"; Value = "0R"; VariantName = "[No Variations]"
Add component (AddParameter): Name = "Voltage"; Value = ""; VariantName = "[No Variations]"
Added Component: Designator=R7(RES_0201_UN1Q)
Add component (AddParameter): Name = "Alternative component"; Value = "Allowed"; VariantName = "[No Variations]"
Add component (AddParameter): Name = "ClassName"; Value = "SMALL"; VariantName = "[No Variations]"
Add component (AddParameter): Name = "Component Type"; Value = "Resistor"; VariantName = "[No Variations]"
Add component (AddParameter): Name = "ComponentLink1Description"; Value = "1_Datasheet"; VariantName = "[No Variations]"
Add component (AddParameter): Name = "ComponentLink1URL"; Value = ""; VariantName = "[No Variations]"
Add component (AddParameter): Name = "ComponentLink2Description"; Value = "2_Product page"; VariantName = "[No Variations]"
Add component (AddParameter): Name = "ComponentLink2URL"; Value = ""; VariantName = "[No Variations]"
Add component (AddParameter): Name = "ComponentLink3Description"; Value = "3_X-information"; VariantName = "[No Variations]"
Add component (AddParameter): Name = "ComponentLink3URL"; Value = ""; VariantName = "[No Variations]"
Add component (AddParameter): Name = "ComponentLink4Description"; Value = "4_X-information"; VariantName = "[No Variations]"
Add component (AddParameter): Name = "ComponentLink4URL"; Value = ""; VariantName = "[No Variations]"
Add component (AddParameter): Name = "Creation date"; Value = "20190101"; VariantName = "[No Variations]"
Add component (AddParameter): Name = "Dimensions WxLxH"; Value = ""; VariantName = "[No Variations]"
Add component (AddParameter): Name = "ECCN"; Value = ""; VariantName = "[No Variations]"
Add component (AddParameter): Name = "HasBeenBuilt"; Value = "TBD"; VariantName = "[No Variations]"
Add component (AddParameter): Name = "Manufacturer"; Value = "YAGEO"; VariantName = "[No Variations]"
Add component (AddParameter): Name = "Operating temperature range"; Value = ""; VariantName = "[No Variations]"
Add component (AddParameter): Name = "Package"; Value = "0201"; VariantName = "[No Variations]"
Add component (AddParameter): Name = "Part Number"; Value = "RC0201FR-07100KL"; VariantName = "[No Variations]"
Add component (AddParameter): Name = "Power Rating"; Value = "1/20W"; VariantName = "[No Variations]"
Add component (AddParameter): Name = "Remark"; Value = ""; VariantName = "[No Variations]"
Add component (AddParameter): Name = "RoHS"; Value = ""; VariantName = "[No Variations]"
Add component (AddParameter): Name = "Rule"; Value = ""; VariantName = "[No Variations]"
Add component (AddParameter): Name = "Sort order"; Value = "322"; VariantName = "[No Variations]"
Add component (AddParameter): Name = "Source"; Value = "RLC_UN1Q.SchLib"; VariantName = "[No Variations]"
Add component (AddParameter): Name = "System"; Value = "RLC"; VariantName = "[No Variations]"
Add component (AddParameter): Name = "Temperature characteristics"; Value = ""; VariantName = "[No Variations]"
Add component (AddParameter): Name = "Tolerance"; Value = "1%"; VariantName = "[No Variations]"
Add component (AddParameter): Name = "Value"; Value = "100k"; VariantName = "[No Variations]"
Add component (AddParameter): Name = "Voltage"; Value = ""; VariantName = "[No Variations]"
Added Component: Designator=R8(RES_0201_UN1Q)
Add component (AddParameter): Name = "Alternative component"; Value = "Allowed"; VariantName = "[No Variations]"
Add component (AddParameter): Name = "ClassName"; Value = "SMALL"; VariantName = "[No Variations]"
Add component (AddParameter): Name = "Component Type"; Value = "Resistor"; VariantName = "[No Variations]"
Add component (AddParameter): Name = "ComponentLink1Description"; Value = "1_Datasheet"; VariantName = "[No Variations]"
Add component (AddParameter): Name = "ComponentLink1URL"; Value = ""; VariantName = "[No Variations]"
Add component (AddParameter): Name = "ComponentLink2Description"; Value = "2_Product page"; VariantName = "[No Variations]"
Add component (AddParameter): Name = "ComponentLink2URL"; Value = ""; VariantName = "[No Variations]"
Add component (AddParameter): Name = "ComponentLink3Description"; Value = "3_X-information"; VariantName = "[No Variations]"
Add component (AddParameter): Name = "ComponentLink3URL"; Value = ""; VariantName = "[No Variations]"
Add component (AddParameter): Name = "ComponentLink4Description"; Value = "4_X-information"; VariantName = "[No Variations]"
Add component (AddParameter): Name = "ComponentLink4URL"; Value = ""; VariantName = "[No Variations]"
Add component (AddParameter): Name = "Creation date"; Value = "20190101"; VariantName = "[No Variations]"
Add component (AddParameter): Name = "Dimensions WxLxH"; Value = ""; VariantName = "[No Variations]"
Add component (AddParameter): Name = "ECCN"; Value = ""; VariantName = "[No Variations]"
Add component (AddParameter): Name = "HasBeenBuilt"; Value = "TBD"; VariantName = "[No Variations]"
Add component (AddParameter): Name = "Manufacturer"; Value = "YAGEO"; VariantName = "[No Variations]"
Add component (AddParameter): Name = "Operating temperature range"; Value = ""; VariantName = "[No Variations]"
Add component (AddParameter): Name = "Package"; Value = "0201"; VariantName = "[No Variations]"
Add component (AddParameter): Name = "Part Number"; Value = "RC0201FR-07100KL"; VariantName = "[No Variations]"
Add component (AddParameter): Name = "Power Rating"; Value = "1/20W"; VariantName = "[No Variations]"
Add component (AddParameter): Name = "Remark"; Value = ""; VariantName = "[No Variations]"
Add component (AddParameter): Name = "RoHS"; Value = ""; VariantName = "[No Variations]"
Add component (AddParameter): Name = "Rule"; Value = ""; VariantName = "[No Variations]"
Add component (AddParameter): Name = "Sort order"; Value = "322"; VariantName = "[No Variations]"
Add component (AddParameter): Name = "Source"; Value = "RLC_UN1Q.SchLib"; VariantName = "[No Variations]"
Add component (AddParameter): Name = "System"; Value = "RLC"; VariantName = "[No Variations]"
Add component (AddParameter): Name = "Temperature characteristics"; Value = ""; VariantName = "[No Variations]"
Add component (AddParameter): Name = "Tolerance"; Value = "1%"; VariantName = "[No Variations]"
Add component (AddParameter): Name = "Value"; Value = "100k"; VariantName = "[No Variations]"
Add component (AddParameter): Name = "Voltage"; Value = ""; VariantName = "[No Variations]"
Added Component: Designator=R9(RES_0201_UN1Q)
Add component (AddParameter): Name = "Alternative component"; Value = ""; VariantName = "[No Variations]"
Add component (AddParameter): Name = "ClassName"; Value = "SMALL"; VariantName = "[No Variations]"
Add component (AddParameter): Name = "Component Type"; Value = "Resistor"; VariantName = "[No Variations]"
Add component (AddParameter): Name = "ComponentLink1Description"; Value = "1_Datasheet"; VariantName = "[No Variations]"
Add component (AddParameter): Name = "ComponentLink1URL"; Value = ""; VariantName = "[No Variations]"
Add component (AddParameter): Name = "ComponentLink2Description"; Value = "2_Product page"; VariantName = "[No Variations]"
Add component (AddParameter): Name = "ComponentLink2URL"; Value = ""; VariantName = "[No Variations]"
Add component (AddParameter): Name = "ComponentLink3Description"; Value = "3_X-information"; VariantName = "[No Variations]"
Add component (AddParameter): Name = "ComponentLink3URL"; Value = ""; VariantName = "[No Variations]"
Add component (AddParameter): Name = "ComponentLink4Description"; Value = "4_X-information"; VariantName = "[No Variations]"
Add component (AddParameter): Name = "ComponentLink4URL"; Value = ""; VariantName = "[No Variations]"
Add component (AddParameter): Name = "Creation date"; Value = "20190101"; VariantName = "[No Variations]"
Add component (AddParameter): Name = "Dimensions WxLxH"; Value = ""; VariantName = "[No Variations]"
Add component (AddParameter): Name = "ECCN"; Value = ""; VariantName = "[No Variations]"
Add component (AddParameter): Name = "HasBeenBuilt"; Value = "TBD"; VariantName = "[No Variations]"
Add component (AddParameter): Name = "Manufacturer"; Value = ""; VariantName = "[No Variations]"
Add component (AddParameter): Name = "Operating temperature range"; Value = ""; VariantName = "[No Variations]"
Add component (AddParameter): Name = "Package"; Value = "0201"; VariantName = "[No Variations]"
Add component (AddParameter): Name = "Part Number"; Value = ""; VariantName = "[No Variations]"
Add component (AddParameter): Name = "Power Rating"; Value = ""; VariantName = "[No Variations]"
Add component (AddParameter): Name = "Remark"; Value = ""; VariantName = "[No Variations]"
Add component (AddParameter): Name = "RoHS"; Value = ""; VariantName = "[No Variations]"
Add component (AddParameter): Name = "Sort order"; Value = "999"; VariantName = "[No Variations]"
Add component (AddParameter): Name = "Source"; Value = "RLC_UN1Q.SchLib"; VariantName = "[No Variations]"
Add component (AddParameter): Name = "System"; Value = "RLC"; VariantName = "[No Variations]"
Add component (AddParameter): Name = "Temperature characteristics"; Value = ""; VariantName = "[No Variations]"
Add component (AddParameter): Name = "Tolerance"; Value = ""; VariantName = "[No Variations]"
Add component (AddParameter): Name = "Value"; Value = "NA"; VariantName = "[No Variations]"
Add component (AddParameter): Name = "Voltage"; Value = ""; VariantName = "[No Variations]"
Added Component: Designator=R10(RES_0201_UN1Q)
Add component (AddParameter): Name = "Alternative component"; Value = "Allowed"; VariantName = "[No Variations]"
Add component (AddParameter): Name = "ClassName"; Value = "SMALL"; VariantName = "[No Variations]"
Add component (AddParameter): Name = "Component Type"; Value = "Resistor"; VariantName = "[No Variations]"
Add component (AddParameter): Name = "ComponentLink1Description"; Value = "1_Datasheet"; VariantName = "[No Variations]"
Add component (AddParameter): Name = "ComponentLink1URL"; Value = ""; VariantName = "[No Variations]"
Add component (AddParameter): Name = "ComponentLink2Description"; Value = "2_Product page"; VariantName = "[No Variations]"
Add component (AddParameter): Name = "ComponentLink2URL"; Value = ""; VariantName = "[No Variations]"
Add component (AddParameter): Name = "ComponentLink3Description"; Value = "3_X-information"; VariantName = "[No Variations]"
Add component (AddParameter): Name = "ComponentLink3URL"; Value = ""; VariantName = "[No Variations]"
Add component (AddParameter): Name = "ComponentLink4Description"; Value = "4_X-information"; VariantName = "[No Variations]"
Add component (AddParameter): Name = "ComponentLink4URL"; Value = ""; VariantName = "[No Variations]"
Add component (AddParameter): Name = "Creation date"; Value = "20250716"; VariantName = "[No Variations]"
Add component (AddParameter): Name = "Dimensions WxLxH"; Value = ""; VariantName = "[No Variations]"
Add component (AddParameter): Name = "ECCN"; Value = ""; VariantName = "[No Variations]"
Add component (AddParameter): Name = "HasBeenBuilt"; Value = "TBD"; VariantName = "[No Variations]"
Add component (AddParameter): Name = "Manufacturer"; Value = "YAGEO"; VariantName = "[No Variations]"
Add component (AddParameter): Name = "Operating temperature range"; Value = ""; VariantName = "[No Variations]"
Add component (AddParameter): Name = "Package"; Value = "0201"; VariantName = "[No Variations]"
Add component (AddParameter): Name = "Part Number"; Value = "RC0201FR-0752K3L"; VariantName = "[No Variations]"
Add component (AddParameter): Name = "Power Rating"; Value = "1/20W"; VariantName = "[No Variations]"
Add component (AddParameter): Name = "Remark"; Value = ""; VariantName = "[No Variations]"
Add component (AddParameter): Name = "RoHS"; Value = ""; VariantName = "[No Variations]"
Add component (AddParameter): Name = "Sort order"; Value = "322"; VariantName = "[No Variations]"
Add component (AddParameter): Name = "Source"; Value = ""; VariantName = "[No Variations]"
Add component (AddParameter): Name = "System"; Value = "RLC"; VariantName = "[No Variations]"
Add component (AddParameter): Name = "Temperature characteristics"; Value = ""; VariantName = "[No Variations]"
Add component (AddParameter): Name = "Tolerance"; Value = "1%"; VariantName = "[No Variations]"
Add component (AddParameter): Name = "Value"; Value = "52k3"; VariantName = "[No Variations]"
Add component (AddParameter): Name = "Voltage"; Value = ""; VariantName = "[No Variations]"
Added Component: Designator=R11(RES_0201_UN1Q)
Add component (AddParameter): Name = "Alternative component"; Value = "Allowed"; VariantName = "[No Variations]"
Add component (AddParameter): Name = "ClassName"; Value = "SMALL"; VariantName = "[No Variations]"
Add component (AddParameter): Name = "Component Type"; Value = "Resistor"; VariantName = "[No Variations]"
Add component (AddParameter): Name = "ComponentLink1Description"; Value = "1_Datasheet"; VariantName = "[No Variations]"
Add component (AddParameter): Name = "ComponentLink1URL"; Value = ""; VariantName = "[No Variations]"
Add component (AddParameter): Name = "ComponentLink2Description"; Value = "2_Product page"; VariantName = "[No Variations]"
Add component (AddParameter): Name = "ComponentLink2URL"; Value = ""; VariantName = "[No Variations]"
Add component (AddParameter): Name = "ComponentLink3Description"; Value = "3_X-information"; VariantName = "[No Variations]"
Add component (AddParameter): Name = "ComponentLink3URL"; Value = ""; VariantName = "[No Variations]"
Add component (AddParameter): Name = "ComponentLink4Description"; Value = "4_X-information"; VariantName = "[No Variations]"
Add component (AddParameter): Name = "ComponentLink4URL"; Value = ""; VariantName = "[No Variations]"
Add component (AddParameter): Name = "Creation date"; Value = "20190101"; VariantName = "[No Variations]"
Add component (AddParameter): Name = "Dimensions WxLxH"; Value = ""; VariantName = "[No Variations]"
Add component (AddParameter): Name = "ECCN"; Value = ""; VariantName = "[No Variations]"
Add component (AddParameter): Name = "HasBeenBuilt"; Value = "TBD"; VariantName = "[No Variations]"
Add component (AddParameter): Name = "Manufacturer"; Value = "YAGEO"; VariantName = "[No Variations]"
Add component (AddParameter): Name = "Operating temperature range"; Value = ""; VariantName = "[No Variations]"
Add component (AddParameter): Name = "Package"; Value = "0201"; VariantName = "[No Variations]"
Add component (AddParameter): Name = "Part Number"; Value = "RC0201FR-07100KL"; VariantName = "[No Variations]"
Add component (AddParameter): Name = "Power Rating"; Value = "1/20W"; VariantName = "[No Variations]"
Add component (AddParameter): Name = "Remark"; Value = ""; VariantName = "[No Variations]"
Add component (AddParameter): Name = "RoHS"; Value = ""; VariantName = "[No Variations]"
Add component (AddParameter): Name = "Rule"; Value = ""; VariantName = "[No Variations]"
Add component (AddParameter): Name = "Sort order"; Value = "322"; VariantName = "[No Variations]"
Add component (AddParameter): Name = "Source"; Value = "RLC_UN1Q.SchLib"; VariantName = "[No Variations]"
Add component (AddParameter): Name = "System"; Value = "RLC"; VariantName = "[No Variations]"
Add component (AddParameter): Name = "Temperature characteristics"; Value = ""; VariantName = "[No Variations]"
Add component (AddParameter): Name = "Tolerance"; Value = "1%"; VariantName = "[No Variations]"
Add component (AddParameter): Name = "Value"; Value = "100k"; VariantName = "[No Variations]"
Add component (AddParameter): Name = "Voltage"; Value = ""; VariantName = "[No Variations]"
Added Component: Designator=R12(RES_0201_UN1Q)
Add component (AddParameter): Name = "Alternative component"; Value = "Allowed"; VariantName = "[No Variations]"
Add component (AddParameter): Name = "ClassName"; Value = "SMALL"; VariantName = "[No Variations]"
Add component (AddParameter): Name = "Component Type"; Value = "Resistor"; VariantName = "[No Variations]"
Add component (AddParameter): Name = "ComponentLink1Description"; Value = "1_Datasheet"; VariantName = "[No Variations]"
Add component (AddParameter): Name = "ComponentLink1URL"; Value = ""; VariantName = "[No Variations]"
Add component (AddParameter): Name = "ComponentLink2Description"; Value = "2_Product page"; VariantName = "[No Variations]"
Add component (AddParameter): Name = "ComponentLink2URL"; Value = ""; VariantName = "[No Variations]"
Add component (AddParameter): Name = "ComponentLink3Description"; Value = "3_X-information"; VariantName = "[No Variations]"
Add component (AddParameter): Name = "ComponentLink3URL"; Value = ""; VariantName = "[No Variations]"
Add component (AddParameter): Name = "ComponentLink4Description"; Value = "4_X-information"; VariantName = "[No Variations]"
Add component (AddParameter): Name = "ComponentLink4URL"; Value = ""; VariantName = "[No Variations]"
Add component (AddParameter): Name = "Creation date"; Value = "20190101"; VariantName = "[No Variations]"
Add component (AddParameter): Name = "Dimensions WxLxH"; Value = ""; VariantName = "[No Variations]"
Add component (AddParameter): Name = "ECCN"; Value = ""; VariantName = "[No Variations]"
Add component (AddParameter): Name = "HasBeenBuilt"; Value = "TBD"; VariantName = "[No Variations]"
Add component (AddParameter): Name = "Manufacturer"; Value = "YAGEO"; VariantName = "[No Variations]"
Add component (AddParameter): Name = "Operating temperature range"; Value = ""; VariantName = "[No Variations]"
Add component (AddParameter): Name = "Package"; Value = "0201"; VariantName = "[No Variations]"
Add component (AddParameter): Name = "Part Number"; Value = "RC0201FR-07100KL"; VariantName = "[No Variations]"
Add component (AddParameter): Name = "Power Rating"; Value = "1/20W"; VariantName = "[No Variations]"
Add component (AddParameter): Name = "Remark"; Value = ""; VariantName = "[No Variations]"
Add component (AddParameter): Name = "RoHS"; Value = ""; VariantName = "[No Variations]"
Add component (AddParameter): Name = "Rule"; Value = ""; VariantName = "[No Variations]"
Add component (AddParameter): Name = "Sort order"; Value = "322"; VariantName = "[No Variations]"
Add component (AddParameter): Name = "Source"; Value = "RLC_UN1Q.SchLib"; VariantName = "[No Variations]"
Add component (AddParameter): Name = "System"; Value = "RLC"; VariantName = "[No Variations]"
Add component (AddParameter): Name = "Temperature characteristics"; Value = ""; VariantName = "[No Variations]"
Add component (AddParameter): Name = "Tolerance"; Value = "1%"; VariantName = "[No Variations]"
Add component (AddParameter): Name = "Value"; Value = "100k"; VariantName = "[No Variations]"
Add component (AddParameter): Name = "Voltage"; Value = ""; VariantName = "[No Variations]"
Added Component: Designator=R13(RES_0201_UN1Q)
Add component (AddParameter): Name = "Alternative component"; Value = "Allowed"; VariantName = "[No Variations]"
Add component (AddParameter): Name = "ClassName"; Value = "SMALL"; VariantName = "[No Variations]"
Add component (AddParameter): Name = "Component Type"; Value = "Resistor"; VariantName = "[No Variations]"
Add component (AddParameter): Name = "ComponentLink1Description"; Value = "1_Datasheet"; VariantName = "[No Variations]"
Add component (AddParameter): Name = "ComponentLink1URL"; Value = ""; VariantName = "[No Variations]"
Add component (AddParameter): Name = "ComponentLink2Description"; Value = "2_Product page"; VariantName = "[No Variations]"
Add component (AddParameter): Name = "ComponentLink2URL"; Value = ""; VariantName = "[No Variations]"
Add component (AddParameter): Name = "ComponentLink3Description"; Value = "3_X-information"; VariantName = "[No Variations]"
Add component (AddParameter): Name = "ComponentLink3URL"; Value = ""; VariantName = "[No Variations]"
Add component (AddParameter): Name = "ComponentLink4Description"; Value = "4_X-information"; VariantName = "[No Variations]"
Add component (AddParameter): Name = "ComponentLink4URL"; Value = ""; VariantName = "[No Variations]"
Add component (AddParameter): Name = "Creation date"; Value = "20250415"; VariantName = "[No Variations]"
Add component (AddParameter): Name = "Dimensions WxLxH"; Value = ""; VariantName = "[No Variations]"
Add component (AddParameter): Name = "ECCN"; Value = ""; VariantName = "[No Variations]"
Add component (AddParameter): Name = "HasBeenBuilt"; Value = "TBD"; VariantName = "[No Variations]"
Add component (AddParameter): Name = "Manufacturer"; Value = "YAGEO"; VariantName = "[No Variations]"
Add component (AddParameter): Name = "Operating temperature range"; Value = ""; VariantName = "[No Variations]"
Add component (AddParameter): Name = "Package"; Value = "0201"; VariantName = "[No Variations]"
Add component (AddParameter): Name = "Part Number"; Value = "RC0201FR-079K76L"; VariantName = "[No Variations]"
Add component (AddParameter): Name = "Power Rating"; Value = "1/20W"; VariantName = "[No Variations]"
Add component (AddParameter): Name = "Remark"; Value = ""; VariantName = "[No Variations]"
Add component (AddParameter): Name = "RoHS"; Value = ""; VariantName = "[No Variations]"
Add component (AddParameter): Name = "Sort order"; Value = "322"; VariantName = "[No Variations]"
Add component (AddParameter): Name = "Source"; Value = ""; VariantName = "[No Variations]"
Add component (AddParameter): Name = "System"; Value = "RLC"; VariantName = "[No Variations]"
Add component (AddParameter): Name = "Temperature characteristics"; Value = ""; VariantName = "[No Variations]"
Add component (AddParameter): Name = "Tolerance"; Value = "1%"; VariantName = "[No Variations]"
Add component (AddParameter): Name = "Value"; Value = "9k76"; VariantName = "[No Variations]"
Add component (AddParameter): Name = "Voltage"; Value = ""; VariantName = "[No Variations]"
Added Component: Designator=R14(RES_0201_UN1Q)
Add component (AddParameter): Name = "Alternative component"; Value = "Allowed"; VariantName = "[No Variations]"
Add component (AddParameter): Name = "ClassName"; Value = "SMALL"; VariantName = "[No Variations]"
Add component (AddParameter): Name = "Component Type"; Value = "Resistor"; VariantName = "[No Variations]"
Add component (AddParameter): Name = "ComponentLink1Description"; Value = "1_Datasheet"; VariantName = "[No Variations]"
Add component (AddParameter): Name = "ComponentLink1URL"; Value = ""; VariantName = "[No Variations]"
Add component (AddParameter): Name = "ComponentLink2Description"; Value = "2_Product page"; VariantName = "[No Variations]"
Add component (AddParameter): Name = "ComponentLink2URL"; Value = ""; VariantName = "[No Variations]"
Add component (AddParameter): Name = "ComponentLink3Description"; Value = "3_X-information"; VariantName = "[No Variations]"
Add component (AddParameter): Name = "ComponentLink3URL"; Value = ""; VariantName = "[No Variations]"
Add component (AddParameter): Name = "ComponentLink4Description"; Value = "4_X-information"; VariantName = "[No Variations]"
Add component (AddParameter): Name = "ComponentLink4URL"; Value = ""; VariantName = "[No Variations]"
Add component (AddParameter): Name = "Creation date"; Value = "20250414"; VariantName = "[No Variations]"
Add component (AddParameter): Name = "Dimensions WxLxH"; Value = ""; VariantName = "[No Variations]"
Add component (AddParameter): Name = "ECCN"; Value = ""; VariantName = "[No Variations]"
Add component (AddParameter): Name = "HasBeenBuilt"; Value = "TBD"; VariantName = "[No Variations]"
Add component (AddParameter): Name = "Manufacturer"; Value = "YAGEO"; VariantName = "[No Variations]"
Add component (AddParameter): Name = "Operating temperature range"; Value = ""; VariantName = "[No Variations]"
Add component (AddParameter): Name = "Package"; Value = "0201"; VariantName = "[No Variations]"
Add component (AddParameter): Name = "Part Number"; Value = "RC0201FR-0731K6L"; VariantName = "[No Variations]"
Add component (AddParameter): Name = "Power Rating"; Value = "1/20W"; VariantName = "[No Variations]"
Add component (AddParameter): Name = "Remark"; Value = ""; VariantName = "[No Variations]"
Add component (AddParameter): Name = "RoHS"; Value = ""; VariantName = "[No Variations]"
Add component (AddParameter): Name = "Sort order"; Value = "322"; VariantName = "[No Variations]"
Add component (AddParameter): Name = "Source"; Value = ""; VariantName = "[No Variations]"
Add component (AddParameter): Name = "System"; Value = "RLC"; VariantName = "[No Variations]"
Add component (AddParameter): Name = "Temperature characteristics"; Value = ""; VariantName = "[No Variations]"
Add component (AddParameter): Name = "Tolerance"; Value = "1%"; VariantName = "[No Variations]"
Add component (AddParameter): Name = "Value"; Value = "31k6"; VariantName = "[No Variations]"
Add component (AddParameter): Name = "Voltage"; Value = ""; VariantName = "[No Variations]"
Added Component: Designator=R15(RES_0201_UN1Q)
Add component (AddParameter): Name = "Alternative component"; Value = "Allowed"; VariantName = "[No Variations]"
Add component (AddParameter): Name = "ClassName"; Value = "SMALL"; VariantName = "[No Variations]"
Add component (AddParameter): Name = "Component Type"; Value = "Resistor"; VariantName = "[No Variations]"
Add component (AddParameter): Name = "ComponentLink1Description"; Value = "1_Datasheet"; VariantName = "[No Variations]"
Add component (AddParameter): Name = "ComponentLink1URL"; Value = ""; VariantName = "[No Variations]"
Add component (AddParameter): Name = "ComponentLink2Description"; Value = "2_Product page"; VariantName = "[No Variations]"
Add component (AddParameter): Name = "ComponentLink2URL"; Value = ""; VariantName = "[No Variations]"
Add component (AddParameter): Name = "ComponentLink3Description"; Value = "3_X-information"; VariantName = "[No Variations]"
Add component (AddParameter): Name = "ComponentLink3URL"; Value = ""; VariantName = "[No Variations]"
Add component (AddParameter): Name = "ComponentLink4Description"; Value = "4_X-information"; VariantName = "[No Variations]"
Add component (AddParameter): Name = "ComponentLink4URL"; Value = ""; VariantName = "[No Variations]"
Add component (AddParameter): Name = "Creation date"; Value = "20190101"; VariantName = "[No Variations]"
Add component (AddParameter): Name = "Dimensions WxLxH"; Value = ""; VariantName = "[No Variations]"
Add component (AddParameter): Name = "ECCN"; Value = ""; VariantName = "[No Variations]"
Add component (AddParameter): Name = "HasBeenBuilt"; Value = "TBD"; VariantName = "[No Variations]"
Add component (AddParameter): Name = "Manufacturer"; Value = "YAGEO"; VariantName = "[No Variations]"
Add component (AddParameter): Name = "Operating temperature range"; Value = ""; VariantName = "[No Variations]"
Add component (AddParameter): Name = "Package"; Value = "0201"; VariantName = "[No Variations]"
Add component (AddParameter): Name = "Part Number"; Value = "RC0201FR-07100KL"; VariantName = "[No Variations]"
Add component (AddParameter): Name = "Power Rating"; Value = "1/20W"; VariantName = "[No Variations]"
Add component (AddParameter): Name = "Remark"; Value = ""; VariantName = "[No Variations]"
Add component (AddParameter): Name = "RoHS"; Value = ""; VariantName = "[No Variations]"
Add component (AddParameter): Name = "Rule"; Value = ""; VariantName = "[No Variations]"
Add component (AddParameter): Name = "Sort order"; Value = "322"; VariantName = "[No Variations]"
Add component (AddParameter): Name = "Source"; Value = "RLC_UN1Q.SchLib"; VariantName = "[No Variations]"
Add component (AddParameter): Name = "System"; Value = "RLC"; VariantName = "[No Variations]"
Add component (AddParameter): Name = "Temperature characteristics"; Value = ""; VariantName = "[No Variations]"
Add component (AddParameter): Name = "Tolerance"; Value = "1%"; VariantName = "[No Variations]"
Add component (AddParameter): Name = "Value"; Value = "100k"; VariantName = "[No Variations]"
Add component (AddParameter): Name = "Voltage"; Value = ""; VariantName = "[No Variations]"
Added Component: Designator=R16(RES_0201_UN1Q)
Add component (AddParameter): Name = "Alternative component"; Value = "Allowed"; VariantName = "[No Variations]"
Add component (AddParameter): Name = "ClassName"; Value = "SMALL"; VariantName = "[No Variations]"
Add component (AddParameter): Name = "Component Type"; Value = "Resistor"; VariantName = "[No Variations]"
Add component (AddParameter): Name = "ComponentLink1Description"; Value = "1_Datasheet"; VariantName = "[No Variations]"
Add component (AddParameter): Name = "ComponentLink1URL"; Value = ""; VariantName = "[No Variations]"
Add component (AddParameter): Name = "ComponentLink2Description"; Value = "2_Product page"; VariantName = "[No Variations]"
Add component (AddParameter): Name = "ComponentLink2URL"; Value = ""; VariantName = "[No Variations]"
Add component (AddParameter): Name = "ComponentLink3Description"; Value = "3_X-information"; VariantName = "[No Variations]"
Add component (AddParameter): Name = "ComponentLink3URL"; Value = ""; VariantName = "[No Variations]"
Add component (AddParameter): Name = "ComponentLink4Description"; Value = "4_X-information"; VariantName = "[No Variations]"
Add component (AddParameter): Name = "ComponentLink4URL"; Value = ""; VariantName = "[No Variations]"
Add component (AddParameter): Name = "Creation date"; Value = "20190101"; VariantName = "[No Variations]"
Add component (AddParameter): Name = "Dimensions WxLxH"; Value = ""; VariantName = "[No Variations]"
Add component (AddParameter): Name = "ECCN"; Value = ""; VariantName = "[No Variations]"
Add component (AddParameter): Name = "HasBeenBuilt"; Value = "TBD"; VariantName = "[No Variations]"
Add component (AddParameter): Name = "Manufacturer"; Value = "YAGEO"; VariantName = "[No Variations]"
Add component (AddParameter): Name = "Operating temperature range"; Value = ""; VariantName = "[No Variations]"
Add component (AddParameter): Name = "Package"; Value = "0201"; VariantName = "[No Variations]"
Add component (AddParameter): Name = "Part Number"; Value = "RC0201FR-0710KL"; VariantName = "[No Variations]"
Add component (AddParameter): Name = "Power Rating"; Value = "1/20W"; VariantName = "[No Variations]"
Add component (AddParameter): Name = "Remark"; Value = ""; VariantName = "[No Variations]"
Add component (AddParameter): Name = "RoHS"; Value = ""; VariantName = "[No Variations]"
Add component (AddParameter): Name = "Sort order"; Value = "322"; VariantName = "[No Variations]"
Add component (AddParameter): Name = "Source"; Value = "RLC_UN1Q.SchLib"; VariantName = "[No Variations]"
Add component (AddParameter): Name = "System"; Value = "RLC"; VariantName = "[No Variations]"
Add component (AddParameter): Name = "Temperature characteristics"; Value = ""; VariantName = "[No Variations]"
Add component (AddParameter): Name = "Tolerance"; Value = "1%"; VariantName = "[No Variations]"
Add component (AddParameter): Name = "Value"; Value = "10k"; VariantName = "[No Variations]"
Add component (AddParameter): Name = "Voltage"; Value = ""; VariantName = "[No Variations]"
Added Component: Designator=R17(RES_0201_UN1Q)
Add component (AddParameter): Name = "Alternative component"; Value = "Allowed"; VariantName = "[No Variations]"
Add component (AddParameter): Name = "ClassName"; Value = "SMALL"; VariantName = "[No Variations]"
Add component (AddParameter): Name = "Component Type"; Value = "Resistor"; VariantName = "[No Variations]"
Add component (AddParameter): Name = "ComponentLink1Description"; Value = "1_Datasheet"; VariantName = "[No Variations]"
Add component (AddParameter): Name = "ComponentLink1URL"; Value = ""; VariantName = "[No Variations]"
Add component (AddParameter): Name = "ComponentLink2Description"; Value = "2_Product page"; VariantName = "[No Variations]"
Add component (AddParameter): Name = "ComponentLink2URL"; Value = ""; VariantName = "[No Variations]"
Add component (AddParameter): Name = "ComponentLink3Description"; Value = "3_X-information"; VariantName = "[No Variations]"
Add component (AddParameter): Name = "ComponentLink3URL"; Value = ""; VariantName = "[No Variations]"
Add component (AddParameter): Name = "ComponentLink4Description"; Value = "4_X-information"; VariantName = "[No Variations]"
Add component (AddParameter): Name = "ComponentLink4URL"; Value = ""; VariantName = "[No Variations]"
Add component (AddParameter): Name = "Creation date"; Value = "20250415"; VariantName = "[No Variations]"
Add component (AddParameter): Name = "Dimensions WxLxH"; Value = ""; VariantName = "[No Variations]"
Add component (AddParameter): Name = "ECCN"; Value = ""; VariantName = "[No Variations]"
Add component (AddParameter): Name = "HasBeenBuilt"; Value = "TBD"; VariantName = "[No Variations]"
Add component (AddParameter): Name = "Manufacturer"; Value = "YAGEO"; VariantName = "[No Variations]"
Add component (AddParameter): Name = "Operating temperature range"; Value = ""; VariantName = "[No Variations]"
Add component (AddParameter): Name = "Package"; Value = "0201"; VariantName = "[No Variations]"
Add component (AddParameter): Name = "Part Number"; Value = "RC0201FR-07121KL"; VariantName = "[No Variations]"
Add component (AddParameter): Name = "Power Rating"; Value = "1/20W"; VariantName = "[No Variations]"
Add component (AddParameter): Name = "Remark"; Value = ""; VariantName = "[No Variations]"
Add component (AddParameter): Name = "RoHS"; Value = ""; VariantName = "[No Variations]"
Add component (AddParameter): Name = "Sort order"; Value = "322"; VariantName = "[No Variations]"
Add component (AddParameter): Name = "Source"; Value = ""; VariantName = "[No Variations]"
Add component (AddParameter): Name = "System"; Value = "RLC"; VariantName = "[No Variations]"
Add component (AddParameter): Name = "Temperature characteristics"; Value = ""; VariantName = "[No Variations]"
Add component (AddParameter): Name = "Tolerance"; Value = "1%"; VariantName = "[No Variations]"
Add component (AddParameter): Name = "Value"; Value = "121k"; VariantName = "[No Variations]"
Add component (AddParameter): Name = "Voltage"; Value = ""; VariantName = "[No Variations]"
Added Component: Designator=R18(RES_0201_UN1Q)
Add component (AddParameter): Name = "Alternative component"; Value = "Allowed"; VariantName = "[No Variations]"
Add component (AddParameter): Name = "ClassName"; Value = "SMALL"; VariantName = "[No Variations]"
Add component (AddParameter): Name = "Component Type"; Value = "Resistor"; VariantName = "[No Variations]"
Add component (AddParameter): Name = "ComponentLink1Description"; Value = "1_Datasheet"; VariantName = "[No Variations]"
Add component (AddParameter): Name = "ComponentLink1URL"; Value = ""; VariantName = "[No Variations]"
Add component (AddParameter): Name = "ComponentLink2Description"; Value = "2_Product page"; VariantName = "[No Variations]"
Add component (AddParameter): Name = "ComponentLink2URL"; Value = ""; VariantName = "[No Variations]"
Add component (AddParameter): Name = "ComponentLink3Description"; Value = "3_X-information"; VariantName = "[No Variations]"
Add component (AddParameter): Name = "ComponentLink3URL"; Value = ""; VariantName = "[No Variations]"
Add component (AddParameter): Name = "ComponentLink4Description"; Value = "4_X-information"; VariantName = "[No Variations]"
Add component (AddParameter): Name = "ComponentLink4URL"; Value = ""; VariantName = "[No Variations]"
Add component (AddParameter): Name = "Creation date"; Value = "20250415"; VariantName = "[No Variations]"
Add component (AddParameter): Name = "Dimensions WxLxH"; Value = ""; VariantName = "[No Variations]"
Add component (AddParameter): Name = "ECCN"; Value = ""; VariantName = "[No Variations]"
Add component (AddParameter): Name = "HasBeenBuilt"; Value = "TBD"; VariantName = "[No Variations]"
Add component (AddParameter): Name = "Manufacturer"; Value = "YAGEO"; VariantName = "[No Variations]"
Add component (AddParameter): Name = "Operating temperature range"; Value = ""; VariantName = "[No Variations]"
Add component (AddParameter): Name = "Package"; Value = "0201"; VariantName = "[No Variations]"
Add component (AddParameter): Name = "Part Number"; Value = "RC0201FR-077K15L"; VariantName = "[No Variations]"
Add component (AddParameter): Name = "Power Rating"; Value = "1/20W"; VariantName = "[No Variations]"
Add component (AddParameter): Name = "Remark"; Value = ""; VariantName = "[No Variations]"
Add component (AddParameter): Name = "RoHS"; Value = ""; VariantName = "[No Variations]"
Add component (AddParameter): Name = "Sort order"; Value = "322"; VariantName = "[No Variations]"
Add component (AddParameter): Name = "Source"; Value = ""; VariantName = "[No Variations]"
Add component (AddParameter): Name = "System"; Value = "RLC"; VariantName = "[No Variations]"
Add component (AddParameter): Name = "Temperature characteristics"; Value = ""; VariantName = "[No Variations]"
Add component (AddParameter): Name = "Tolerance"; Value = "1%"; VariantName = "[No Variations]"
Add component (AddParameter): Name = "Value"; Value = "7k15"; VariantName = "[No Variations]"
Add component (AddParameter): Name = "Voltage"; Value = ""; VariantName = "[No Variations]"
Added Component: Designator=T?(SGP1610N2_Semtech)
Add component (AddParameter): Name = "Alternative component"; Value = ""; VariantName = "[No Variations]"
Add component (AddParameter): Name = "ClassName"; Value = ""; VariantName = "[No Variations]"
Add component (AddParameter): Name = "Component Type"; Value = "ESD & EMI"; VariantName = "[No Variations]"
Add component (AddParameter): Name = "ComponentLink1Description"; Value = "1_Datasheet"; VariantName = "[No Variations]"
Add component (AddParameter): Name = "ComponentLink1URL"; Value = "https://semtech.my.salesforce.com/sfc/p/#E0000000JelG/a/2R0000001PeA/HONQIAwFJRW_e6tlYhjkGpT6BdmMKL3X0792ioaDsoQ"; VariantName = "[No Variations]"
Add component (AddParameter): Name = "ComponentLink2Description"; Value = "2_Product page"; VariantName = "[No Variations]"
Add component (AddParameter): Name = "ComponentLink2URL"; Value = "https://www.semtech.com/products/circuit-protection/vbus/uclamp2271p"; VariantName = "[No Variations]"
Add component (AddParameter): Name = "ComponentLink3Description"; Value = "3_X-information"; VariantName = "[No Variations]"
Add component (AddParameter): Name = "ComponentLink3URL"; Value = ""; VariantName = "[No Variations]"
Add component (AddParameter): Name = "ComponentLink4Description"; Value = "4_X-information"; VariantName = "[No Variations]"
Add component (AddParameter): Name = "ComponentLink4URL"; Value = ""; VariantName = "[No Variations]"
Add component (AddParameter): Name = "Creation date"; Value = "20210927"; VariantName = "[No Variations]"
Add component (AddParameter): Name = "Dimensions WxLxH"; Value = "1.6 x 1.0 x 0.57"; VariantName = "[No Variations]"
Add component (AddParameter): Name = "ECCN"; Value = ""; VariantName = "[No Variations]"
Add component (AddParameter): Name = "HasBeenBuilt"; Value = "SleeveIO_01"; VariantName = "[No Variations]"
Add component (AddParameter): Name = "Manufacturer"; Value = "SEMTECH"; VariantName = "[No Variations]"
Add component (AddParameter): Name = "Manufacturer Part Number"; Value = "UCLAMP2271P.TNT"; VariantName = "[No Variations]"
Add component (AddParameter): Name = "Operating temperature range"; Value = "-40 ... +125 °C"; VariantName = "[No Variations]"
Add component (AddParameter): Name = "Package"; Value = "SGP1610N2"; VariantName = "[No Variations]"
Add component (AddParameter): Name = "Part Number"; Value = "UCLAMP2271P.TNT"; VariantName = "[No Variations]"
Add component (AddParameter): Name = "Remark"; Value = ""; VariantName = "[No Variations]"
Add component (AddParameter): Name = "RoHS"; Value = ""; VariantName = "[No Variations]"
Add component (AddParameter): Name = "Sort order"; Value = "402"; VariantName = "[No Variations]"
Add component (AddParameter): Name = "Source"; Value = "Discrete_UN1Q.SchLib"; VariantName = "[No Variations]"
Add component (AddParameter): Name = "System"; Value = "Discrete"; VariantName = "[No Variations]"
Add component (AddParameter): Name = "Value"; Value = ""; VariantName = "[No Variations]"
Add component (AddParameter): Name = "Voltage"; Value = ""; VariantName = "[No Variations]"
Add component: Duplicated parameters (ClassName) in variant "[No Variations]" were ignored
Added Component: Designator=U2(GA153C50P14X14_1150X1300X120)
Add component (AddParameter): Name = "Alternative component"; Value = ""; VariantName = "[No Variations]"
Add component (AddParameter): Name = "ClassName"; Value = ""; VariantName = "[No Variations]"
Add component (AddParameter): Name = "Component Type"; Value = "Memory"; VariantName = "[No Variations]"
Add component (AddParameter): Name = "ComponentLink1Description"; Value = "1_Datasheet"; VariantName = "[No Variations]"
Add component (AddParameter): Name = "ComponentLink1URL"; Value = ""; VariantName = "[No Variations]"
Add component (AddParameter): Name = "ComponentLink2Description"; Value = "2_Product page"; VariantName = "[No Variations]"
Add component (AddParameter): Name = "ComponentLink2URL"; Value = "https://www.siliconmotion.com/products/Ferri-eMMC/detail"; VariantName = "[No Variations]"
Add component (AddParameter): Name = "ComponentLink3Description"; Value = "3_Product brief"; VariantName = "[No Variations]"
Add component (AddParameter): Name = "ComponentLink3URL"; Value = "https://www.siliconmotion.com/download/DWo5/a/Ferri-eMMC_PB_EN.pdf"; VariantName = "[No Variations]"
Add component (AddParameter): Name = "ComponentLink4Description"; Value = "4_X-information"; VariantName = "[No Variations]"
Add component (AddParameter): Name = "ComponentLink4URL"; Value = ""; VariantName = "[No Variations]"
Add component (AddParameter): Name = "Creation Date"; Value = "20250508"; VariantName = "[No Variations]"
Add component (AddParameter): Name = "Design Item ID"; Value = ""; VariantName = "[No Variations]"
Add component (AddParameter): Name = "Dimensions WxLxH"; Value = "11.5 x 13 x 1.2 mm"; VariantName = "[No Variations]"
Add component (AddParameter): Name = "ECCN"; Value = ""; VariantName = "[No Variations]"
Add component (AddParameter): Name = "HasBeenBuilt"; Value = ""; VariantName = "[No Variations]"
Add component (AddParameter): Name = "Manufacturer"; Value = "Silicon Motion, Inc."; VariantName = "[No Variations]"
Add component (AddParameter): Name = "Manufacturer Part Number"; Value = "SM662PBFBFSS"; VariantName = "[No Variations]"
Add component (AddParameter): Name = "Operating temperature range"; Value = "-40 .... +105 °C"; VariantName = "[No Variations]"
Add component (AddParameter): Name = "Package"; Value = "TFBGA-153"; VariantName = "[No Variations]"
Add component (AddParameter): Name = "Part Number"; Value = "SM662PBF BFS"; VariantName = "[No Variations]"
Add component (AddParameter): Name = "Remark"; Value = ""; VariantName = "[No Variations]"
Add component (AddParameter): Name = "RoHS"; Value = ""; VariantName = "[No Variations]"
Add component (AddParameter): Name = "Sort order"; Value = "511"; VariantName = "[No Variations]"
Add component (AddParameter): Name = "Source"; Value = ""; VariantName = "[No Variations]"
Add component (AddParameter): Name = "System"; Value = "IC"; VariantName = "[No Variations]"
Add component: Duplicated parameters (ClassName) in variant "[No Variations]" found
Added Component: Designator=U3(QFN57P40_700X700X100NXP)
Add component (AddParameter): Name = "Alternative component"; Value = ""; VariantName = "[No Variations]"
Add component (AddParameter): Name = "ClassName"; Value = "BIG"; VariantName = "[No Variations]"
Add component (AddParameter): Name = "Component Type"; Value = "Power Supply"; VariantName = "[No Variations]"
Add component (AddParameter): Name = "ComponentLink1Description"; Value = "1_Datasheet"; VariantName = "[No Variations]"
Add component (AddParameter): Name = "ComponentLink1URL"; Value = "https://www.nxp.com/products/power-management/pmics-and-sbcs/pmics/power-management-ic-pmic-for-i-mx-8m-mini-nano-plus:PCA9450"; VariantName = "[No Variations]"
Add component (AddParameter): Name = "ComponentLink2Description"; Value = "2_Product page"; VariantName = "[No Variations]"
Add component (AddParameter): Name = "ComponentLink2URL"; Value = ""; VariantName = "[No Variations]"
Add component (AddParameter): Name = "ComponentLink3Description"; Value = "3_X-information"; VariantName = "[No Variations]"
Add component (AddParameter): Name = "ComponentLink3URL"; Value = ""; VariantName = "[No Variations]"
Add component (AddParameter): Name = "ComponentLink4Description"; Value = "4_X-information"; VariantName = "[No Variations]"
Add component (AddParameter): Name = "ComponentLink4URL"; Value = ""; VariantName = "[No Variations]"
Add component (AddParameter): Name = "Creation date"; Value = "20240207"; VariantName = "[No Variations]"
Add component (AddParameter): Name = "Design Item ID"; Value = "PCA9450CHN"; VariantName = "[No Variations]"
Add component (AddParameter): Name = "Dimensions WxLxH"; Value = "7.0x7.0x1.0"; VariantName = "[No Variations]"
Add component (AddParameter): Name = "ECCN"; Value = ""; VariantName = "[No Variations]"
Add component (AddParameter): Name = "HasBeenBuilt"; Value = ""; VariantName = "[No Variations]"
Add component (AddParameter): Name = "Manufacturer"; Value = "NXP SEMICONDUCTORS"; VariantName = "[No Variations]"
Add component (AddParameter): Name = "Manufacturer Part Number"; Value = "PCA9450CHN"; VariantName = "[No Variations]"
Add component (AddParameter): Name = "Operating temperature range"; Value = "-40 .... +105 °C"; VariantName = "[No Variations]"
Add component (AddParameter): Name = "Package"; Value = "QFN56"; VariantName = "[No Variations]"
Add component (AddParameter): Name = "Part Number"; Value = "PCA9450CHN"; VariantName = "[No Variations]"
Add component (AddParameter): Name = "Remark"; Value = ""; VariantName = "[No Variations]"
Add component (AddParameter): Name = "RoHS"; Value = ""; VariantName = "[No Variations]"
Add component (AddParameter): Name = "Sort order"; Value = "451"; VariantName = "[No Variations]"
Add component (AddParameter): Name = "Source"; Value = "UUDET_KOMPONENTIT.SchLib"; VariantName = "[No Variations]"
Add component (AddParameter): Name = "System"; Value = "IC"; VariantName = "[No Variations]"
Add component (AddParameter): Name = "Voltage"; Value = ""; VariantName = "[No Variations]"
Added Component: Designator=U4(QFN-FCMOD-28_TI)
Add component (AddParameter): Name = "Alternative component"; Value = ""; VariantName = "[No Variations]"
Add component (AddParameter): Name = "ClassName"; Value = "BIG"; VariantName = "[No Variations]"
Add component (AddParameter): Name = "Component Type"; Value = "Power Supply"; VariantName = "[No Variations]"
Add component (AddParameter): Name = "ComponentLink1Description"; Value = "1_Datasheet"; VariantName = "[No Variations]"
Add component (AddParameter): Name = "ComponentLink1URL"; Value = "https://www.ti.com/lit/ds/symlink/tpsm64406.pdf?ts=1704232235164&ref_url=https%253A%252F%252Fwww.ti.com%252Fproduct%252FTPSM64406"; VariantName = "[No Variations]"
Add component (AddParameter): Name = "ComponentLink2Description"; Value = "2_Product page"; VariantName = "[No Variations]"
Add component (AddParameter): Name = "ComponentLink2URL"; Value = "https://www.ti.com/product/TPSM64406?keyMatch=tpsm64406&tisearch=universal_search#design-development"; VariantName = "[No Variations]"
Add component (AddParameter): Name = "ComponentLink3Description"; Value = "3_Package"; VariantName = "[No Variations]"
Add component (AddParameter): Name = "ComponentLink3URL"; Value = "https://www.ti.com/lit/ml/mpqf746/mpqf746.pdf?ts=1744029691982&ref_url=https%253A%252F%252Fwww.ti.com%252Fproduct%252FTPSM64406%253FkeyMatch%253Dtpsm64406%2526tisearch%253Duniversal_search"; VariantName = "[No Variations]"
Add component (AddParameter): Name = "ComponentLink4Description"; Value = "4_X-information"; VariantName = "[No Variations]"
Add component (AddParameter): Name = "ComponentLink4URL"; Value = ""; VariantName = "[No Variations]"
Add component (AddParameter): Name = "Creation date"; Value = "20250407"; VariantName = "[No Variations]"
Add component (AddParameter): Name = "Design Item ID"; Value = "TPSM63602RDHR"; VariantName = "[No Variations]"
Add component (AddParameter): Name = "Dimensions WxLxH"; Value = "6.6x7.2x2.1mm"; VariantName = "[No Variations]"
Add component (AddParameter): Name = "ECCN"; Value = "EAR99"; VariantName = "[No Variations]"
Add component (AddParameter): Name = "HasBeenBuilt"; Value = ""; VariantName = "[No Variations]"
Add component (AddParameter): Name = "Manufacturer"; Value = "Texas Instruments"; VariantName = "[No Variations]"
Add component (AddParameter): Name = "Manufacturer Part Number"; Value = "TPSM64406RCHR"; VariantName = "[No Variations]"
Add component (AddParameter): Name = "Operating temperature range"; Value = "-40C ... +125C"; VariantName = "[No Variations]"
Add component (AddParameter): Name = "Package"; Value = "QFN-FCMOD-28"; VariantName = "[No Variations]"
Add component (AddParameter): Name = "Part Number"; Value = "TPSM64406RCHR"; VariantName = "[No Variations]"
Add component (AddParameter): Name = "Remark"; Value = ""; VariantName = "[No Variations]"
Add component (AddParameter): Name = "RoHS"; Value = "RoHS 3"; VariantName = "[No Variations]"
Add component (AddParameter): Name = "Sort order"; Value = "453"; VariantName = "[No Variations]"
Add component (AddParameter): Name = "Source"; Value = ""; VariantName = "[No Variations]"
Add component (AddParameter): Name = "System"; Value = "IC"; VariantName = "[No Variations]"
Add component (AddParameter): Name = "Voltage"; Value = ""; VariantName = "[No Variations]"
Added Pin To Net: NetName=GND Pin=C57-1
Added Pin To Net: NetName=VDD_3V3 Pin=C57-2
Added Pin To Net: NetName=GND Pin=C58-1
Added Pin To Net: NetName=VDD_3V3 Pin=C58-2
Added Pin To Net: NetName=GND Pin=C59-1
Added Pin To Net: NetName=VDD_3V3 Pin=C59-2
Added Pin To Net: NetName=VDD_1V8 Pin=C60-1
Added Pin To Net: NetName=GND Pin=C60-2
Added Pin To Net: NetName=GND Pin=C61-1
Added Pin To Net: NetName=VDD_1V8 Pin=C61-2
Added Pin To Net: NetName=GND Pin=C62-1
Added Pin To Net: NetName=VDD_1V8 Pin=C62-2
Added Pin To Net: NetName=GND Pin=C63-1
Added Pin To Net: NetName=VDD_1V8 Pin=C63-2
Added Pin To Net: NetName=GND Pin=C64-1
Added Pin To Net: NetName=VDD_1V8 Pin=C64-2
Added Pin To Net: NetName=GND Pin=C65-1
Added Pin To Net: NetName=GND Pin=C66-2
Added Pin To Net: NetName=GND Pin=C67-1
Added Pin To Net: NetName=NVCC_SNVS_1V8 Pin=C68-1
Added Pin To Net: NetName=GND Pin=C68-2
Added Pin To Net: NetName=GND Pin=C69-1
Added Pin To Net: NetName=VDD_ARM Pin=C70-1
Added Pin To Net: NetName=GND Pin=C70-2
Added Pin To Net: NetName=GND Pin=C71-1
Added Pin To Net: NetName=VDD_ARM Pin=C71-2
Added Pin To Net: NetName=GND Pin=C72-2
Added Pin To Net: NetName=GND Pin=C73-1
Added Pin To Net: NetName=VDDA_1V8 Pin=C74-1
Added Pin To Net: NetName=GND Pin=C74-2
Added Pin To Net: NetName=VDD_SOC Pin=C75-1
Added Pin To Net: NetName=GND Pin=C75-2
Added Pin To Net: NetName=GND Pin=C76-1
Added Pin To Net: NetName=GND Pin=C77-1
Added Pin To Net: NetName=VDD_SOC Pin=C77-2
Added Pin To Net: NetName=GND Pin=C78-1
Added Pin To Net: NetName=GND Pin=C79-1
Added Pin To Net: NetName=GND Pin=C80-1
Added Pin To Net: NetName=VDD_SOC Pin=C81-1
Added Pin To Net: NetName=GND Pin=C81-2
Added Pin To Net: NetName=GND Pin=C82-1
Added Pin To Net: NetName=VDD_SOC Pin=C82-2
Added Pin To Net: NetName=GND Pin=C83-1
Added Pin To Net: NetName=GND Pin=C84-1
Added Pin To Net: NetName=NVCC_SD2 Pin=C84-2
Added Pin To Net: NetName=VDD_3V3 Pin=C85-1
Added Pin To Net: NetName=GND Pin=C85-2
Added Pin To Net: NetName=GND Pin=C86-1
Added Pin To Net: NetName=GND Pin=C87-1
Added Pin To Net: NetName=VDD_3V3 Pin=C87-2
Added Pin To Net: NetName=GND Pin=C88-1
Added Pin To Net: NetName=VDD_3V3 Pin=C88-2
Added Pin To Net: NetName=GND Pin=C89-1
Added Pin To Net: NetName=VDD_1V8 Pin=C89-2
Added Pin To Net: NetName=VDD_1V8 Pin=C90-1
Added Pin To Net: NetName=GND Pin=C90-2
Added Pin To Net: NetName=GND Pin=C91-1
Added Pin To Net: NetName=NVCC_DRAM_1V1 Pin=C92-1
Added Pin To Net: NetName=GND Pin=C92-2
Added Pin To Net: NetName=GND Pin=C93-1
Added Pin To Net: NetName=NVCC_DRAM_1V1 Pin=C93-2
Added Pin To Net: NetName=GND Pin=C94-1
Added Pin To Net: NetName=GND Pin=C95-2
Added Pin To Net: NetName=GND Pin=C96-2
Added Pin To Net: NetName=GND Pin=C97-2
Added Pin To Net: NetName=GND Pin=C98-1
Added Pin To Net: NetName=GND Pin=C99-2
Added Pin To Net: NetName=GND Pin=C100-2
Added Pin To Net: NetName=GND Pin=C101-2
Added Pin To Net: NetName=GND Pin=C102-2
Added Pin To Net: NetName=GND Pin=C103-2
Added Pin To Net: NetName=GND Pin=C104-2
Added Pin To Net: NetName=GND Pin=C105-1
Added Pin To Net: NetName=GND Pin=C106-1
Added Pin To Net: NetName=GND Pin=C107-1
Added Pin To Net: NetName=GND Pin=C108-2
Added Pin To Net: NetName=GND Pin=C109-2
Added Pin To Net: NetName=GND Pin=C110-1
Added Pin To Net: NetName=GND Pin=C111-1
Added Pin To Net: NetName=GND Pin=C112-2
Added Pin To Net: NetName=GND Pin=C113-1
Added Pin To Net: NetName=GND Pin=C114-2
Added Pin To Net: NetName=GND Pin=C115-2
Added Pin To Net: NetName=GND Pin=C116-2
Added Pin To Net: NetName=GND Pin=C117-2
Added Pin To Net: NetName=GND Pin=C118-2
Added Pin To Net: NetName=GND Pin=C119-2
Added Pin To Net: NetName=GND Pin=C120-2
Added Pin To Net: NetName=GND Pin=C121-2
Added Pin To Net: NetName=GND Pin=C122-1
Added Pin To Net: NetName=GND Pin=C123-2
Added Pin To Net: NetName=GND Pin=J2-1
Added Pin To Net: NetName=GND Pin=J?-1
Add Pin To Net: Unknown Pin: Pin J?-2
Add Pin To Net: Unknown Pin: Pin J?-3
Added Pin To Net: NetName=VDD_ARM Pin=L1-2
Added Pin To Net: NetName=VDD_SOC Pin=L2-2
Added Pin To Net: NetName=VDD_SOC Pin=L3-2
Added Pin To Net: NetName=VDD_3V3 Pin=L4-2
Added Pin To Net: NetName=VDD_1V8 Pin=L5-2
Added Pin To Net: NetName=NVCC_DRAM_1V1 Pin=L6-2
Added Pin To Net: NetName=VDD_ARM Pin=PTP4-1
Added Pin To Net: NetName=VDD_SOC Pin=PTP6-1
Added Pin To Net: NetName=VDDA_1V8 Pin=PTP7-1
Added Pin To Net: NetName=NVCC_SD2 Pin=PTP11-1
Added Pin To Net: NetName=VDD_3V3 Pin=PTP13-1
Added Pin To Net: NetName=VDD_1V8 Pin=PTP15-1
Added Pin To Net: NetName=NVCC_DRAM_1V1 Pin=PTP17-1
Added Pin To Net: NetName=NVCC_SNVS_1V8 Pin=PTP22-1
Added Pin To Net: NetName=VDD_1V8 Pin=R1-2
Added Pin To Net: NetName=VDD_1V8 Pin=R2-2
Added Pin To Net: NetName=VDD_ARM Pin=R3-2
Added Pin To Net: NetName=VDD_ARM Pin=R4-2
Added Pin To Net: NetName=VDD_SOC Pin=R5-2
Added Pin To Net: NetName=VDD_SOC Pin=R6-2
Added Pin To Net: NetName=NVCC_SNVS_1V8 Pin=R7-1
Added Pin To Net: NetName=VDD_1V8 Pin=R8-1
Added Pin To Net: NetName=GND Pin=R13-2
Added Pin To Net: NetName=GND Pin=R15-1
Added Pin To Net: NetName=GND Pin=R16-2
Added Pin To Net: NetName=GND Pin=R17-1
Added Pin To Net: NetName=GND Pin=R18-1
Added Pin To Net: NetName=GND Pin=T?-2
Added Pin To Net: NetName=GND Pin=U2-A6
Added Pin To Net: NetName=GND Pin=U2-C4
Added Pin To Net: NetName=VDD_1V8 Pin=U2-C6
Added Pin To Net: NetName=VDD_3V3 Pin=U2-E6
Added Pin To Net: NetName=GND Pin=U2-E7
Added Pin To Net: NetName=VDD_3V3 Pin=U2-F5
Added Pin To Net: NetName=GND Pin=U2-G5
Added Pin To Net: NetName=GND Pin=U2-H10
Added Pin To Net: NetName=GND Pin=U2-J5
Added Pin To Net: NetName=VDD_3V3 Pin=U2-J10
Added Pin To Net: NetName=GND Pin=U2-K8
Added Pin To Net: NetName=VDD_3V3 Pin=U2-K9
Added Pin To Net: NetName=VDD_1V8 Pin=U2-M4
Added Pin To Net: NetName=GND Pin=U2-N2
Added Pin To Net: NetName=VDD_1V8 Pin=U2-N4
Added Pin To Net: NetName=GND Pin=U2-N5
Added Pin To Net: NetName=VDD_1V8 Pin=U2-P3
Added Pin To Net: NetName=GND Pin=U2-P4
Added Pin To Net: NetName=VDD_1V8 Pin=U2-P5
Added Pin To Net: NetName=GND Pin=U2-P6
Added Pin To Net: NetName=NVCC_SNVS_1V8 Pin=U3-3
Added Pin To Net: NetName=GND Pin=U3-5
Added Pin To Net: NetName=VDD_1V8 Pin=U3-14
Added Pin To Net: NetName=VDD_3V3 Pin=U3-21
Added Pin To Net: NetName=VDD_3V3 Pin=U3-22
Added Pin To Net: NetName=GND Pin=U3-30
Added Pin To Net: NetName=GND Pin=U3-43
Added Pin To Net: NetName=NVCC_DRAM_1V1 Pin=U3-52
Added Pin To Net: NetName=VDDA_1V8 Pin=U3-54
Added Pin To Net: NetName=NVCC_SD2 Pin=U3-55
Added Pin To Net: NetName=GND Pin=U3-57
Added Pin To Net: NetName=GND Pin=U4-6
Added Pin To Net: NetName=GND Pin=U4-13
Added Pin To Net: NetName=GND Pin=U4-26
Added Pin To Net: NetName=GND Pin=U4-28
Added Pin To Net: NetName=3V3_OUT Pin=C117-1
Added Pin To Net: NetName=3V3_OUT Pin=C118-1
Added Pin To Net: NetName=3V3_OUT Pin=C119-1
Added Pin To Net: NetName=3V3_OUT Pin=C120-1
Added Pin To Net: NetName=3V3_OUT Pin=C121-1
Added Pin To Net: NetName=3V3_OUT Pin=C123-1
Added Pin To Net: NetName=3V3_OUT Pin=L12-1
Added Pin To Net: NetName=3V3_OUT Pin=PTP35-1
Added Pin To Net: NetName=3V3_OUT Pin=R14-1
Added Pin To Net: NetName=3V3_OUT Pin=U4-9
Added Pin To Net: NetName=3V3_OUT Pin=U4-18
Added Pin To Net: NetName=3V3_OUT Pin=U4-19
Added Net: Name=3V3_OUT
Added Pin To Net: NetName=3V3_SMPS Pin=C122-2
Added Pin To Net: NetName=3V3_SMPS Pin=L12-2
Added Pin To Net: NetName=3V3_SMPS Pin=PTP34-1
Added Net: Name=3V3_SMPS
Added Pin To Net: NetName=5V0_OUT Pin=C100-1
Added Pin To Net: NetName=5V0_OUT Pin=C101-1
Added Pin To Net: NetName=5V0_OUT Pin=C102-1
Added Pin To Net: NetName=5V0_OUT Pin=C103-1
Added Pin To Net: NetName=5V0_OUT Pin=C104-1
Added Pin To Net: NetName=5V0_OUT Pin=C116-1
Added Pin To Net: NetName=5V0_OUT Pin=L9-1
Added Pin To Net: NetName=5V0_OUT Pin=PTP28-1
Added Pin To Net: NetName=5V0_OUT Pin=R10-2
Added Pin To Net: NetName=5V0_OUT Pin=U4-3
Added Pin To Net: NetName=5V0_OUT Pin=U4-20
Added Pin To Net: NetName=5V0_OUT Pin=U4-21
Added Net: Name=5V0_OUT
Added Pin To Net: NetName=5V0_SMPS Pin=C105-2
Added Pin To Net: NetName=5V0_SMPS Pin=L7-1
Added Pin To Net: NetName=5V0_SMPS Pin=L9-2
Added Pin To Net: NetName=5V0_SMPS Pin=PTP26-1
Added Net: Name=5V0_SMPS
Added Pin To Net: NetName=eMMC_VDDIM Pin=C65-2
Added Pin To Net: NetName=eMMC_VDDIM Pin=C66-1
Added Pin To Net: NetName=eMMC_VDDIM Pin=PTP1-1
Added Pin To Net: NetName=eMMC_VDDIM Pin=U2-C2
Added Net: Name=eMMC_VDDIM
Added Pin To Net: NetName=I2C1_SCL Pin=U3-41
Added Net: Name=I2C1_SCL
Added Pin To Net: NetName=I2C1_SDA Pin=U3-42
Added Net: Name=I2C1_SDA
Added Pin To Net: NetName=NetC72_1 Pin=C72-1
Added Pin To Net: NetName=NetC72_1 Pin=PTP23-1
Added Pin To Net: NetName=NetC72_1 Pin=U3-2
Added Net: Name=NetC72_1
Added Pin To Net: NetName=NetC78_2 Pin=C78-2
Added Pin To Net: NetName=NetC78_2 Pin=PTP9-1
Added Pin To Net: NetName=NetC78_2 Pin=U3-1
Added Net: Name=NetC78_2
Added Net: Name=NetCR?_2
Added Pin To Net: NetName=NetF?_1 Pin=T?-1
Added Net: Name=NetF?_1
Added Pin To Net: NetName=NetL1_1 Pin=L1-1
Added Pin To Net: NetName=NetL1_1 Pin=PTP3-1
Added Pin To Net: NetName=NetL1_1 Pin=U3-45
Added Pin To Net: NetName=NetL1_1 Pin=U3-46
Added Net: Name=NetL1_1
Added Pin To Net: NetName=NetL2_1 Pin=L2-1
Added Pin To Net: NetName=NetL2_1 Pin=PTP5-1
Added Pin To Net: NetName=NetL2_1 Pin=U3-36
Added Pin To Net: NetName=NetL2_1 Pin=U3-37
Added Net: Name=NetL2_1
Added Pin To Net: NetName=NetL3_1 Pin=L3-1
Added Pin To Net: NetName=NetL3_1 Pin=PTP10-1
Added Pin To Net: NetName=NetL3_1 Pin=U3-31
Added Pin To Net: NetName=NetL3_1 Pin=U3-32
Added Net: Name=NetL3_1
Added Pin To Net: NetName=NetL4_1 Pin=L4-1
Added Pin To Net: NetName=NetL4_1 Pin=PTP12-1
Added Pin To Net: NetName=NetL4_1 Pin=U3-19
Added Pin To Net: NetName=NetL4_1 Pin=U3-20
Added Net: Name=NetL4_1
Added Pin To Net: NetName=NetL5_1 Pin=L5-1
Added Pin To Net: NetName=NetL5_1 Pin=PTP14-1
Added Pin To Net: NetName=NetL5_1 Pin=U3-15
Added Net: Name=NetL5_1
Added Pin To Net: NetName=NetL6_1 Pin=L6-1
Added Pin To Net: NetName=NetL6_1 Pin=PTP16-1
Added Pin To Net: NetName=NetL6_1 Pin=U3-50
Added Pin To Net: NetName=NetL6_1 Pin=U3-51
Added Net: Name=NetL6_1
Added Pin To Net: NetName=NetPTP8_1 Pin=PTP8-1
Added Pin To Net: NetName=NetPTP8_1 Pin=R5-1
Added Pin To Net: NetName=NetPTP8_1 Pin=R6-1
Added Pin To Net: NetName=NetPTP8_1 Pin=U3-38
Added Net: Name=NetPTP8_1
Added Pin To Net: NetName=NetPTP31_1 Pin=PTP31-1
Added Pin To Net: NetName=NetPTP31_1 Pin=R12-1
Added Pin To Net: NetName=NetPTP31_1 Pin=U4-1
Added Pin To Net: NetName=NetPTP31_1 Pin=U4-10
Added Net: Name=NetPTP31_1
Added Pin To Net: NetName=NetPTP32_1 Pin=PTP32-1
Added Pin To Net: NetName=NetPTP32_1 Pin=R10-1
Added Pin To Net: NetName=NetPTP32_1 Pin=R13-1
Added Pin To Net: NetName=NetPTP32_1 Pin=U4-4
Added Net: Name=NetPTP32_1
Added Pin To Net: NetName=NetPTP33_1 Pin=PTP33-1
Added Pin To Net: NetName=NetPTP33_1 Pin=R11-1
Added Pin To Net: NetName=NetPTP33_1 Pin=U4-12
Added Net: Name=NetPTP33_1
Added Pin To Net: NetName=NetPTP36_1 Pin=PTP36-1
Added Pin To Net: NetName=NetPTP36_1 Pin=R14-2
Added Pin To Net: NetName=NetPTP36_1 Pin=R16-1
Added Pin To Net: NetName=NetPTP36_1 Pin=U4-8
Added Net: Name=NetPTP36_1
Added Pin To Net: NetName=NetR3_1 Pin=R3-1
Added Pin To Net: NetName=NetR3_1 Pin=R4-1
Added Pin To Net: NetName=NetR3_1 Pin=U3-44
Added Net: Name=NetR3_1
Added Pin To Net: NetName=NetR15_2 Pin=R15-2
Added Pin To Net: NetName=NetR15_2 Pin=U4-2
Added Net: Name=NetR15_2
Added Pin To Net: NetName=NetR17_2 Pin=R17-2
Added Pin To Net: NetName=NetR17_2 Pin=U4-11
Added Net: Name=NetR17_2
Added Pin To Net: NetName=NetR18_2 Pin=R18-2
Added Pin To Net: NetName=NetR18_2 Pin=U4-7
Added Net: Name=NetR18_2
Added Pin To Net: NetName=PMIC_32K_OUT Pin=U3-7
Added Net: Name=PMIC_32K_OUT
Added Pin To Net: NetName=PMIC_nINT Pin=U3-13
Added Net: Name=PMIC_nINT
Added Pin To Net: NetName=PMIC_ON_REQ Pin=U3-39
Added Net: Name=PMIC_ON_REQ
Added Pin To Net: NetName=PMIC_SCLH Pin=U3-25
Added Net: Name=PMIC_SCLH
Added Pin To Net: NetName=PMIC_SCLL Pin=U3-27
Added Net: Name=PMIC_SCLL
Added Pin To Net: NetName=PMIC_SDAH Pin=U3-24
Added Net: Name=PMIC_SDAH
Added Pin To Net: NetName=PMIC_SDAL Pin=U3-26
Added Net: Name=PMIC_SDAL
Added Pin To Net: NetName=PMIC_STBY_REQ Pin=U3-40
Added Net: Name=PMIC_STBY_REQ
Added Pin To Net: NetName=POR_B Pin=U3-9
Added Net: Name=POR_B
Added Pin To Net: NetName=SD2_RESET_B Pin=U3-12
Added Net: Name=SD2_RESET_B
Added Pin To Net: NetName=SD2_VSEL Pin=U3-29
Added Net: Name=SD2_VSEL
Added Pin To Net: NetName=SD3_CLK Pin=U2-M6
Added Net: Name=SD3_CLK
Added Pin To Net: NetName=SD3_CMD Pin=R2-1
Added Pin To Net: NetName=SD3_CMD Pin=U2-M5
Added Net: Name=SD3_CMD
Added Pin To Net: NetName=SD3_DATA0 Pin=R1-1
Added Pin To Net: NetName=SD3_DATA0 Pin=U2-A3
Added Net: Name=SD3_DATA0
Added Pin To Net: NetName=SD3_DATA1 Pin=U2-A4
Added Net: Name=SD3_DATA1
Added Pin To Net: NetName=SD3_DATA2 Pin=U2-A5
Added Net: Name=SD3_DATA2
Added Pin To Net: NetName=SD3_DATA3 Pin=U2-B2
Added Net: Name=SD3_DATA3
Added Pin To Net: NetName=SD3_DATA4 Pin=U2-B3
Added Net: Name=SD3_DATA4
Added Pin To Net: NetName=SD3_DATA5 Pin=U2-B4
Added Net: Name=SD3_DATA5
Added Pin To Net: NetName=SD3_DATA6 Pin=U2-B5
Added Net: Name=SD3_DATA6
Added Pin To Net: NetName=SD3_DATA7 Pin=U2-B6
Added Net: Name=SD3_DATA7
Added Pin To Net: NetName=SD3_STROBE Pin=PTP2-1
Added Pin To Net: NetName=SD3_STROBE Pin=U2-H5
Added Net: Name=SD3_STROBE
Added Pin To Net: NetName=SYS_nRST Pin=R7-2
Added Pin To Net: NetName=SYS_nRST Pin=U3-8
Added Net: Name=SYS_nRST
Added Pin To Net: NetName=VCC_LDO1 Pin=C115-1
Added Pin To Net: NetName=VCC_LDO1 Pin=PTP30-1
Added Pin To Net: NetName=VCC_LDO1 Pin=R11-2
Added Pin To Net: NetName=VCC_LDO1 Pin=R12-2
Added Pin To Net: NetName=VCC_LDO1 Pin=U4-5
Added Pin To Net: NetName=VCC_LDO1 Pin=U4-27
Added Net: Name=VCC_LDO1
Added Pin To Net: NetName=VIN1_5V0 Pin=C98-2
Added Pin To Net: NetName=VIN1_5V0 Pin=C99-1
Added Pin To Net: NetName=VIN1_5V0 Pin=L8-2
Added Pin To Net: NetName=VIN1_5V0 Pin=PTP24-1
Added Pin To Net: NetName=VIN1_5V0 Pin=U4-25
Added Net: Name=VIN1_5V0
Added Pin To Net: NetName=VIN2_3V3 Pin=C113-2
Added Pin To Net: NetName=VIN2_3V3 Pin=C114-1
Added Pin To Net: NetName=VIN2_3V3 Pin=L11-2
Added Pin To Net: NetName=VIN2_3V3 Pin=PTP29-1
Added Pin To Net: NetName=VIN2_3V3 Pin=U4-14
Added Net: Name=VIN2_3V3
Added Pin To Net: NetName=VIN_SMPS_FILT Pin=C110-2
Added Pin To Net: NetName=VIN_SMPS_FILT Pin=C111-2
Added Pin To Net: NetName=VIN_SMPS_FILT Pin=C112-1
Added Pin To Net: NetName=VIN_SMPS_FILT Pin=L8-1
Added Pin To Net: NetName=VIN_SMPS_FILT Pin=L10-2
Added Pin To Net: NetName=VIN_SMPS_FILT Pin=L11-1
Added Pin To Net: NetName=VIN_SMPS_FILT Pin=PTP27-1
Added Net: Name=VIN_SMPS_FILT
Added Pin To Net: NetName=VIN_SMPS Pin=C106-2
Added Pin To Net: NetName=VIN_SMPS Pin=C107-2
Added Pin To Net: NetName=VIN_SMPS Pin=C108-1
Added Pin To Net: NetName=VIN_SMPS Pin=C109-1
Added Pin To Net: NetName=VIN_SMPS Pin=J?-1
Added Pin To Net: NetName=VIN_SMPS Pin=L10-1
Added Pin To Net: NetName=VIN_SMPS Pin=PTP25-1
Added Net: Name=VIN_SMPS
Added Pin To Net: NetName=VINT Pin=C94-2
Added Pin To Net: NetName=VINT Pin=U3-4
Added Net: Name=VINT
Added Pin To Net: NetName=VSD_3V3 Pin=C95-1
Added Pin To Net: NetName=VSD_3V3 Pin=PTP18-1
Added Pin To Net: NetName=VSD_3V3 Pin=U3-23
Added Net: Name=VSD_3V3
Added Pin To Net: NetName=VSYS_5V Pin=C67-2
Added Pin To Net: NetName=VSYS_5V Pin=C69-2
Added Pin To Net: NetName=VSYS_5V Pin=C73-2
Added Pin To Net: NetName=VSYS_5V Pin=C76-2
Added Pin To Net: NetName=VSYS_5V Pin=C79-2
Added Pin To Net: NetName=VSYS_5V Pin=C80-2
Added Pin To Net: NetName=VSYS_5V Pin=C83-2
Added Pin To Net: NetName=VSYS_5V Pin=C86-2
Added Pin To Net: NetName=VSYS_5V Pin=C91-2
Added Pin To Net: NetName=VSYS_5V Pin=J1-1
Added Pin To Net: NetName=VSYS_5V Pin=L7-2
Added Pin To Net: NetName=VSYS_5V Pin=U3-16
Added Pin To Net: NetName=VSYS_5V Pin=U3-17
Added Pin To Net: NetName=VSYS_5V Pin=U3-18
Added Pin To Net: NetName=VSYS_5V Pin=U3-33
Added Pin To Net: NetName=VSYS_5V Pin=U3-34
Added Pin To Net: NetName=VSYS_5V Pin=U3-35
Added Pin To Net: NetName=VSYS_5V Pin=U3-47
Added Pin To Net: NetName=VSYS_5V Pin=U3-48
Added Pin To Net: NetName=VSYS_5V Pin=U3-49
Added Pin To Net: NetName=VSYS_5V Pin=U3-53
Added Pin To Net: NetName=VSYS_5V Pin=U3-56
Added Net: Name=VSYS_5V
Added Pin To Net: NetName=WDOG_B Pin=PTP19-1
Added Pin To Net: NetName=WDOG_B Pin=R8-2
Added Pin To Net: NetName=WDOG_B Pin=U3-28
Added Net: Name=WDOG_B
Added Pin To Net: NetName=XIN_32K Pin=C96-1
Added Pin To Net: NetName=XIN_32K Pin=QZ1-1
Added Pin To Net: NetName=XIN_32K Pin=R9-1
Added Pin To Net: NetName=XIN_32K Pin=U3-10
Added Net: Name=XIN_32K
Added Pin To Net: NetName=XOUT_32K Pin=C97-1
Added Pin To Net: NetName=XOUT_32K Pin=QZ1-2
Added Pin To Net: NetName=XOUT_32K Pin=R9-2
Added Pin To Net: NetName=XOUT_32K Pin=U3-11
Added Net: Name=XOUT_32K
Change Class Name : Old Net Name=IMX8_LPDDR4 New Net Name=U_IMX8_LPDDR4
Change Class Name : Old Net Name=IMX8_PWR New Net Name=U_IMX8_PWR
Added Class: Name=U_IMX8_eMMC
Added Class: Name=U_IMX8_PMIC
Added Class: Name=U_SMPS
Added Class: Name=SEC
Added Rule: Name=Schematic Supply Nets
Added Rule: Name=Schematic Supply Nets_1
Added Rule: Name=Schematic Supply Nets_2
Added Rule: Name=Schematic Supply Nets_3
Added Rule: Name=Schematic Supply Nets_4
Added Rule: Name=Schematic Supply Nets_5
